ref,priority,priority_area,source_group,facts_on_source,subject,key,academic_year,current_value,source_url,status,notes,decision,verified_value,new_source_url,reviewer_note,verified_on
course:newcastle/a100:international_fee_gbp:2027/28,,,,,,,,,,,,verified,48600,https://www.ncl.ac.uk/undergraduate/degrees/a100/,"Year 1 fee as published. AI-assisted review of the official page (https://www.ncl.ac.uk/undergraduate/degrees/a100/, read 2026-10-05 via page-excerpts run 37313413454, sha256 ec5e4e3bd3682d1a); quote: ""Tuition fees for academic year 2027-2028 ⏎ Qualification: MB BS Full time ⏎ ... International students ⏎ Full time: 5 years ⏎ Tuition fees (Year 1) ⏎ £48,600""",2026-10-05
course:exeter/a100:international_fee_gbp:2027/28,,,,,,,,,,,,verified,49300,https://www.exeter.ac.uk/undergraduate-degrees/fees/,"AI-assisted review of the official page (https://www.exeter.ac.uk/undergraduate-degrees/fees/, read 2026-10-05 via page-excerpts run 37313413454, sha256 283f7f9273763b88); quote: ""2027 fees for International students ⏎ The tuition fees for international students starting their course in autumn 2027 are: ⏎ Subject area Fee per year ⏎ BMBS Medicine ⏎ £49,300""",2026-10-05
course:liverpool/a100:international_fee_gbp:2026/27,6,International fees and costs,S091,3,University of Liverpool · A100 5-year Programme (MBChB),international_fee_gbp,2026/27,50000,https://www.liverpool.ac.uk/courses/medicine-and-surgery-mbchb,VERIFY-ON-PAGE,"£50,000/yr; optional year abroad (China) fee £25,000. 2027/28 subject to change. Tuition fee deposit page exists (amount not captured). VERIFY-ON-PAGE. [OFFICIAL]",verified,50000,https://www.liverpool.ac.uk/courses/medicine-and-surgery-mbchb,"AI-assisted review of the official page (https://www.liverpool.ac.uk/courses/medicine-and-surgery-mbchb, read 2026-10-05 via page-excerpts run 37313413454, sha256 eee6690f727bac97); quote: ""International fees ⏎ Full-time place, per year - £50,000 ⏎ ... The international fees shown are for the academic year 2026/27 and will be subject for change for the academic year 2027/28.""",2026-10-05
university:aston:waec_neco_statement:2027 entry,5,Nigerian qualifications and entry,S023,7,Aston University,waec_neco_statement,2027 entry,"Nigeria page: for entry onto the MBChB, a minimum grade of C4 in English Language in the West African Secondary School Certificate is required (English evidence). Overseas qualifications equated to GCSE/A-level grades.",https://www.aston.ac.uk/international/aston-in-your-country/africa/nigeria,VERIFY-ON-PAGE,Medicine-specific statement.,verified,"Nigeria page: for entry onto the MBChB a minimum grade of C4 in English Language in the West African Secondary School Certificate in Education is required. For undergraduate entry generally, students with the WASSCE are required to complete a recognised foundation programme",https://www.aston.ac.uk/international/aston-in-your-country/africa/nigeria,"Medicine-specific statement (English); the academic rule quoted is Aston's general undergraduate one. AI-assisted review of the official page (https://www.aston.ac.uk/international/aston-in-your-country/africa/nigeria, read 2026-10-05 via page-excerpts run 37313413454, sha256 c30543b3dd9ea5a9); quote: ""For entry onto the MBChB a minimum grade of C4 in English Language in the West African Secondary School Certificate in Education is required. ⏎ ... Undergraduate ⏎ Students who have the West African Senior Secondary Certificate of Education (WASSCE) will be required to complete a recognised foundation programme.""",2026-10-05
university:aston:english_requirement:2027 entry,5,Nigerian qualifications and entry,S023,7,Aston University,english_requirement,2027 entry,"WASSCE English C4 (official, MBChB) or IELTS 7.0 each (AGENT-LEAD).",https://www.aston.ac.uk/international/aston-in-your-country/africa/nigeria,VERIFY-ON-PAGE,,verified,MBChB: a minimum grade of C4 in English Language in the West African Secondary School Certificate in Education (Aston's Nigeria page),https://www.aston.ac.uk/international/aston-in-your-country/africa/nigeria,"AI-assisted review of the official page (https://www.aston.ac.uk/international/aston-in-your-country/africa/nigeria, read 2026-10-05 via page-excerpts run 37313413454, sha256 c30543b3dd9ea5a9); quote: ""For entry onto an undergraduate or postgraduate taught degree a grade of C6 or higher is generally accepted from English Language in the West African Secondary School Certificate in Education. ⏎ For entry onto the MBChB a minimum grade of C4 in English Language in the West African Secondary School Certificate in Education is required.""",2026-10-05
university:wolverhampton:waec_neco_statement:2027 entry,5,Nigerian qualifications and entry,S069,7,University of Wolverhampton,waec_neco_statement,2027 entry,"Nigeria page (general UG): WAEC/NECO Grade B profile, or WAEC/NECO plus recognised foundation programme or year one at a Nigerian university.",https://www.wlv.ac.uk/courses/mbchb-medicine/,VERIFY-ON-PAGE,General university statement; Medicine applicability must be confirmed.,verified,"General undergraduate statement (not Medicine-specific): the University considers a WAEC or NECO Grade B profile, or WAEC/NECO plus a recognised foundation programme or year one at a Nigerian university. The MBChB course page publishes no Nigeria-specific rule",https://www.wlv.ac.uk/international/your-country/nigeria/,"AI-assisted review of the official page (https://www.wlv.ac.uk/international/your-country/nigeria/, read 2026-10-05 via page-excerpts run 37313413454, sha256 1710ae2c02ffc82f; course page https://www.wlv.ac.uk/courses/mbchb-medicine/ sha256 2077293c6b532e1d has no WAEC or Nigeria mention); quote: ""Academic Entry Requirements ⏎ Undergraduate ⏎ The University considers students for undergraduate study who have successful completed a WAEC or NECO Grade B profile ⏎ WAEC/NECO plus successful completion of recognised foundation programme or year one at Nigerian university""",2026-10-05
topic:student-visa:tb_test:2026,7,Visa and immigration,S109,1,UK Student visa (Nigeria → UK),tb_test,2026,Applicants from Nigeria must take a tuberculosis test at an approved clinic before applying,https://www.gov.uk/tb-test-visa,VERIFY-ON-PAGE,Clinic fee set by the clinic.,verified,"Nigeria is on the GOV.UK list of countries where you need a TB test: if you are coming to the UK for 6 months or more and have lived in Nigeria for 6 months or more (within the last 6 months), you need a TB test (a chest x-ray); the certificate is valid for 6 months from the x-ray and goes with your visa application",https://www.gov.uk/tb-test-visa/countries-where-you-need-a-tb-test-to-enter-the-uk,"AI-assisted review of the official page (https://www.gov.uk/tb-test-visa/countries-where-you-need-a-tb-test-to-enter-the-uk, read 2026-10-05 via page-excerpts run 37313413454, sha256 ee9c0afab2d598fc; https://www.gov.uk/tb-test-visa sha256 c7150f96ca766c28); quote: ""[country list] ... Niger (get tested in another country) ⏎ Nigeria ⏎ North Korea ... [tb-test-visa] You'll need to have a tuberculosis (TB) test if all of the following are true: ⏎ you're coming to the UK for 6 months or more ⏎ you've lived in any of these listed countries for 6 months or more ⏎ you were living there (or another listed country) within the last 6 months ... You'll be given a chest x-ray to test for TB ... a certificate which is valid for 6 months from the date of your x-ray. Include this certificate with your UK visa application.""",2026-10-05
topic:gmc-registration:f1_visa_route:2027,3,GMC status and registration,S012,1,GMC registration and Foundation training,f1_visa_route,2027,Health and Care Worker visa (Skilled Worker route) with the employing trust as sponsor,https://www.gov.uk/health-care-worker-visa,VERIFY-ON-PAGE,,verified,"Foundation doctors who need a visa can be sponsored for a Skilled Worker visa after allocation to a programme (a Certificate of Sponsorship is arranged by the national sponsorship teams, not the UKFPO); a Graduate visa needs no sponsorship. Right to work does not have to be shown when applying",https://foundationprogramme.nhs.uk/resources/right-to-work-visas/,"Corrects the earlier wording (Health and Care Worker visa sponsored by the employing trust). AI-assisted review of the official page (https://foundationprogramme.nhs.uk/resources/right-to-work-visas/, read 2026-10-05 via page-excerpts run 37313413454, sha256 13258636b32539ea; https://foundationprogramme.nhs.uk/programmes/2-year-foundation-programme/eligibility-information/ukfp-2025-eligibility-applications-what-you-will-need/right-to-work/ sha256 67f6a83ca5fa29b5); quote: ""Graduate visa route ⏎ Applicants considering applying for a Graduate visa will not require sponsorship ... The UKFPO do not arrange Skilled Worker visa sponsorship, this is arranged by the national sponsorship teams ... [eligibility page] Evidence of right to work is not required at the point of application and sponsorship can be arranged for applicants upon successful allocation to a foundation programme.""",2026-10-05
topic:ucas-2027:deadline_main:2027,1,UCAS Medicine deadlines,S001,7,UCAS 2027 entry,deadline_main,2027,"13 January 2027, 18:00 (UK time)",https://www.ucas.com/undergraduate/applying-university/ucas-undergraduate-when-apply,VERIFY-ON-PAGE,Equal-consideration deadline for most other courses.,verified,,https://www.ucas.com/applying/applying-to-university/dates-and-deadlines-for-uni-applications,"AI-assisted review of the official page (https://www.ucas.com/applying/applying-to-university/dates-and-deadlines-for-uni-applications, read 2026-10-05 via page-excerpts run 37256882227, sha256 a34a454826afa8ee); quote: ""2027 entry application deadlines … 2027 13 JAN (18:00 UK time) Equal consideration date for applications for most undergraduate courses""",2026-10-05
topic:gmc-registration:prioritisation_act:2027,3,GMC status and registration,S013,1,GMC registration and Foundation training,prioritisation_act,2027,"The Medical Training (Prioritisation) Act 2026 (2026 c. 7) defines a ""UK medical graduate"" as a holder of a primary UK qualification under the Medical Act 1983, excluding anyone who spent all or most of the training for it outside the British Islands",https://www.legislation.gov.uk/ukpga/2026/7,VERIFY-ON-PAGE,"From a 2026-10-04 search snippet of legislation.gov.uk; read the Act (definition section and commencement) before verifying. Royal Assent date (reported 5 March 2026) and application to Foundation Programme allocation come from BMA pages, not the Act: confirm separately.",verified,"The Medical Training (Prioritisation) Act 2026 (2026 c. 7) defines a ""UK medical graduate"" as a person who holds a primary United Kingdom qualification within the meaning of the Medical Act 1983, but not a person who spent all or a majority of their time training for that qualification outside the British Islands",,"AI-assisted review of the official page (https://www.legislation.gov.uk/ukpga/2026/7, read 2026-10-05 via page-excerpts run 37255990516, sha256 9a696419942027eb); quote: ""4 (1) In this Act, ""UK medical graduate"" means a person who holds a primary United Kingdom qualification within the meaning of the Medical Act 1983 (see section 4(3) of that Act), but does not include a person who spent all or a majority of their time training for that qualification outside the British Islands. [5th March 2026; S. 1 in force at 6.3.2026 by S.I. 2026/221]""",2026-10-05
topic:gmc-registration:foundation_eligibility:2027,3,GMC status and registration,S006,1,GMC registration and Foundation training,foundation_eligibility,2027,International graduates of UK medical schools apply to the UK Foundation Programme on the same basis as home graduates; right-to-work evidence is required after allocation and visa sponsorship is arranged for those who need it,https://foundationprogramme.nhs.uk/,VERIFY-ON-PAGE,,verified,"Final-year students at UK medical schools are nominated by their medical school to apply for the 2027 Foundation Programme if they are expected to qualify by 3 August 2027. Applicants studying at or qualified from a non-UK medical school, or a UK medical school campus outside the UK, apply through the Eligibility application process first",https://foundationprogramme.nhs.uk/programmes/2-year-foundation-programme/ukfp/application-process/nomination-and-eligibility/,"AI-assisted review of the official page (https://foundationprogramme.nhs.uk/programmes/2-year-foundation-programme/ukfp/application-process/nomination-and-eligibility/, read 2026-10-05 via page-excerpts run 37255990516, sha256 5466c551ebae3488); quote: ""UK final year students will be nominated by their medical school to apply for the 2027 Foundation Programme if they are expected to qualify by 03 August 2027. … Applicants are required to apply via the Eligibility application process … if … The applicant is studying at or has qualified from a non-UK medical school; OR … has qualified from a UK medical school on or prior to 03 August 2025 OR … a UK medical school campus outside of the UK [right-to-work and visa sponsorship are not stated on this page; removed]""",2026-10-05
university:lancashire:international_accepted,4,Medical school eligibility,S044,3,University of Lancashire,international_accepted,,yes,https://www.lancashire.ac.uk/undergraduate/courses/medicine-mbbs,VERIFY-ON-PAGE,,verified,,https://www.lancashire.ac.uk/undergraduate/courses/medicine-mbbs,"AI-assisted review of the official page (https://www.lancashire.ac.uk/undergraduate/courses/medicine-mbbs, read 2026-10-05 via page-excerpts run 37256882227, sha256 750122b6f7cfe66f); quote: ""This course is open to international (non-UK) students and UK students.""",2026-10-05
university:lancashire:international_places_open:2027 entry,4,Medical school eligibility,S045,7,University of Lancashire,international_places_open,2027 entry,Yes.,https://www.lancashire.ac.uk/undergraduate/how-to-apply/mbbs/international-requirements,VERIFY-ON-PAGE,,verified,Yes,https://www.lancashire.ac.uk/undergraduate/courses/medicine-mbbs,"AI-assisted review of the official page (https://www.lancashire.ac.uk/undergraduate/courses/medicine-mbbs, read 2026-10-05 via page-excerpts run 37256882227, sha256 750122b6f7cfe66f); quote: ""This course is open to international (non-UK) students and UK students.""",2026-10-05
university:lancashire:waec_neco_statement:2027 entry,5,Nigerian qualifications and entry,S045,7,University of Lancashire,waec_neco_statement,2027 entry,MBBS international requirements page — Nigeria: successful completion of a recognised international foundation programme required for direct entry; English IELTS 7.0 (7.0 each) or WAEC/NECO B3.,https://www.lancashire.ac.uk/undergraduate/how-to-apply/mbbs/international-requirements,VERIFY-ON-PAGE,Medicine-specific statement.,verified,"Nigeria (MBBS international entry requirements): successful completion of a recognised international foundation programme. English: IELTS 7.0 (with 7.0 in each component) or equivalent, or WAEC/NECO B3",,"AI-assisted review of the official page (https://www.lancashire.ac.uk/undergraduate/how-to-apply/mbbs/international-requirements, read 2026-10-05 via page-excerpts run 37256882227, sha256 6c0257b491914534); quote: ""Nigeria ⏎ Successful completion of a recognised international foundation programme. ⏎ IELTS 7.0 (with 7.0 in each component) or equivalent. ⏎ OR ⏎ WAEC/NECO B3 acceptable""",2026-10-05
university:lancashire:english_requirement:2027 entry,5,Nigerian qualifications and entry,S045,7,University of Lancashire,english_requirement,2027 entry,"IELTS 7.0 each component or WAEC/NECO English B3 (official, MBBS).",https://www.lancashire.ac.uk/undergraduate/how-to-apply/mbbs/international-requirements,VERIFY-ON-PAGE,,verified,"IELTS 7.0 (with 7.0 in each component) or equivalent; for Nigeria, WAEC/NECO English at B3 is acceptable",,"AI-assisted review of the official page (https://www.lancashire.ac.uk/undergraduate/how-to-apply/mbbs/international-requirements, read 2026-10-05 via page-excerpts run 37256882227, sha256 6c0257b491914534); quote: ""Nigeria … IELTS 7.0 (with 7.0 in each component) or equivalent. ⏎ OR ⏎ WAEC/NECO B3 acceptable""",2026-10-05
course:lancashire/medicine:international_fee_gbp:2026/27,6,International fees and costs,S064,17,University of Lancashire · Medicine & Surgery MBBS,international_fee_gbp,2026/27,49950,https://www.theukcatpeople.co.uk/post/uk-medical-school-tuition-fees-for-international-students-to-study-medicine,VERIFY-ON-PAGE,From schools dataset; fee year assumed 2026/27 — confirm.,verified,,https://www.lancashire.ac.uk/undergraduate/courses/medicine-mbbs,"AI-assisted review of the official page (https://www.lancashire.ac.uk/undergraduate/courses/medicine-mbbs, read 2026-10-05 via page-excerpts run 37256882227, sha256 750122b6f7cfe66f); quote: ""Fees and funding … 2026/27 … International ⏎ Full-time ⏎ £49,950 per year""",2026-10-05
course:lancashire/medicine:application_route,9,Application routes,S044,3,University of Lancashire · Medicine & Surgery MBBS,application_route,,UCAS or direct application portal (international applicants may apply direct after the UCAS deadline subject to places),https://www.lancashire.ac.uk/undergraduate/courses/medicine-mbbs,VERIFY-ON-PAGE,,verified,UCAS (UCAS code A100),,"AI-assisted review of the official page (https://www.lancashire.ac.uk/undergraduate/courses/medicine-mbbs, read 2026-10-05 via page-excerpts run 37256882227, sha256 750122b6f7cfe66f); quote: ""START September 2027 ⏎ UCAS CODE ⏎ A100 [a direct-application route is not stated in the excerpts read; recorded as UCAS only]""",2026-10-05
university:brunel:international_accepted,4,Medical school eligibility,S027,4,Brunel University of London,international_accepted,,yes,https://www.brunel.ac.uk/study/courses/medicine-mbbs,VERIFY-ON-PAGE,,verified,,,"AI-assisted review of the official page (https://www.brunel.ac.uk/study/courses/medicine-mbbs, read 2026-10-05 via page-excerpts run 37256882227, sha256 294ae74df04447b6); quote: ""International fee status: Please apply either through UCAS or directly to Brunel by 30 June 2027. … If you're an international fee-paying student, you can also apply directly to Brunel.""",2026-10-05
university:brunel:a_level_requirement:2027 entry,5,Nigerian qualifications and entry,S026,7,Brunel University of London,a_level_requirement,2027 entry,Subject criteria: Biology or Chemistry + one of Biology/Chemistry/Maths/Physics (A-level grades to verify).,https://www.brunel.ac.uk/brunel-medical-school/documents/pdf/MBBS-international-entry-requirements-2025-entry-approved.pdf,NOT_FOUND,,verified,2027/8 entry: AAA (A-level); 36 (IB); BTEC not accepted,https://www.brunel.ac.uk/study/courses/medicine-mbbs,"AI-assisted review of the official page (https://www.brunel.ac.uk/study/courses/medicine-mbbs, read 2026-10-05 via page-excerpts run 37256882227, sha256 294ae74df04447b6); quote: ""Entry requirements ⏎ 2027/8 ⏎ AAA (A-level) ⏎ Not accepted (BTEC) ⏎ 36 (IB) [the subject criteria in the older 2025/6 PDF are not re-verified]""",2026-10-05
university:aston:international_places,4,Medical school eligibility,S022,4,Aston University,international_places,,30,https://www.aston.ac.uk/hls/aston-medical-school/advice-zone/faq,VERIFY-ON-PAGE,,verified,,https://www.aston.ac.uk/study/courses/medicine-mbchb,"AI-assisted review of the official page (https://www.aston.ac.uk/study/courses/medicine-mbchb, read 2026-10-05 via page-excerpts run 37256882227, sha256 91f05efa3618c6b3); quote: ""We have 110 places for Home UK students and 30 places for international students. For entry to University in 2026, EU students are classified as international fee payer students and any applications will be considered as part of the 30 places available for international students.""",2026-10-05
course:aston/a100:application_route,9,Application routes,S121,2,Aston University · MBChB Medicine,application_route,,UCAS,https://www.medschools.ac.uk/courses/aston-university-mbchb-medicine-a100/,VERIFY-ON-PAGE,,verified,UCAS (UCAS code A100),https://www.aston.ac.uk/study/courses/medicine-mbchb,"AI-assisted review of the official page (https://www.aston.ac.uk/study/courses/medicine-mbchb, read 2026-10-05 via page-excerpts run 37256882227, sha256 91f05efa3618c6b3); quote: ""UCAS code(s) ⏎ A100 ⏎ Start date ⏎ September 2027 … Deferred entry and gap years are permitted when applying via UCAS.""",2026-10-05
university:cardiff:english_requirement:2027 entry,5,Nigerian qualifications and entry,S030,7,Cardiff University,english_requirement,2027 entry,"WAEC or IGCSE English can be considered at the appropriate grade in lieu of IELTS (UG, general).",https://www.cardiff.ac.uk/study/international/your-country/africa/nigeria/entry-requirements,VERIFY-ON-PAGE,,verified,"For entry to undergraduate programmes (general statement, not Medicine-specific), WAEC or IGCSE English can be considered at the appropriate grade in lieu of IELTS; Foundation Course applicants are asked to sit IELTS",https://www.cardiff.ac.uk/study/international/your-country/africa/nigeria/entry-requirements,"AI-assisted review of the official page (https://www.cardiff.ac.uk/study/international/your-country/africa/nigeria/entry-requirements, read 2026-10-05 via page-excerpts run 37256882227, sha256 f0d06481d4637f96); quote: ""For entry to our undergraduate programmes, the WAEC or IGCSE can be considered at the appropriate grade, in lieu of IELTS. However, due to recent changes, if you are applying for a Foundation Course, you will be asked to sit an IELTS qualification, in order to qualify for your visa to study in the UK.""",2026-10-05
course:cardiff/a100:application_route,9,Application routes,S031,3,Cardiff University · Medicine MBBCh,application_route,,UCAS,https://www.cardiff.ac.uk/study/undergraduate/courses/course/medicine-mbbch,VERIFY-ON-PAGE,,verified,UCAS (UCAS code A100),,"AI-assisted review of the official page (https://www.cardiff.ac.uk/study/undergraduate/courses/course/medicine-mbbch, read 2026-10-05 via page-excerpts run 37256882227, sha256 bad7d3dc86fdeee0); quote: ""Medicine (MBBCh) ⏎ Subject area: Medicine ⏎ UCAS code: A100 ⏎ Next intake: September 2027""",2026-10-05
university:leicester:waec_neco_statement:2027 entry,5,Nigerian qualifications and entry,S016,6,University of Leicester,waec_neco_statement,2027 entry,Medicine international page: WASSCE or WAEC alone is not sufficient; applicants would first need additional qualifications such as A-levels or the International Baccalaureate.,https://le.ac.uk/study/medicine/entry-requirements/international,VERIFY-ON-PAGE,Medicine-specific statement.,verified,"Nigeria: West African Senior School Certificate Examination (WASSCE) or Senior School Certificate Education (SSCE) is not sufficient. To apply to Leicester Medical School, you would first need to take additional qualifications such as A-levels or the International Baccalaureate",,"AI-assisted review of the official page (https://le.ac.uk/study/medicine/entry-requirements/international, read 2026-10-05 via page-excerpts run 37256882227, sha256 ad595c81bafc0125); quote: ""Nigeria ⏎ West African Senior School Certificate Examination (WASSCE) or Senior School Certificate Education (SSCE) is not sufficient. To apply to Leicester Medical School, you would first need to take additional qualifications such as A-levels or the International Baccalaureate.""",2026-10-05
university:leicester:english_requirement:2027 entry,5,Nigerian qualifications and entry,S016,6,University of Leicester,english_requirement,2027 entry,IELTS 7.5 (7.0 each); PTE 68.,https://le.ac.uk/study/medicine/entry-requirements/international,VERIFY-ON-PAGE,,verified,"IELTS 7.5 overall, with no component below 7.0; TOEFL (internet-based) 110 overall, minimum 24 in each component",,"AI-assisted review of the official page (https://le.ac.uk/study/medicine/entry-requirements/international, read 2026-10-05 via page-excerpts run 37256882227, sha256 ad595c81bafc0125); quote: ""Our current requirements are: ⏎ IELTS: 7.5 overall, with no component below 7.0 ⏎ TOEFL (internet-based test): Overall score of 110 (minimum of 24 in each component) [PTE 68 is not on this page; removed]""",2026-10-05
university:aberdeen:waec_neco_statement:2027 entry,5,Nigerian qualifications and entry,S021,7,University of Aberdeen,waec_neco_statement,2027 entry,Nigeria entry page: 'The WAEC Senior School Certificate cannot be considered for Medicine.' WAEC with at least one A and two Bs gives direct Year 1 entry for all programmes except Medicine.,https://www.abdn.ac.uk/study/international/inmycountry/nigeria/entry/,VERIFY-ON-PAGE,Medicine-specific statement.,verified,"Nigeria (School of Medicine international requirements): the WAEC Senior School Certificate cannot be considered for Medicine. Suitable alternative qualifications are GCE A-Levels, Scottish Highers or the International Baccalaureate",https://www.abdn.ac.uk/smmsn/undergraduate/medicine/entrance-requirements/academic-requirements/international-requirements/,"AI-assisted review of the official page (https://www.abdn.ac.uk/smmsn/undergraduate/medicine/entrance-requirements/academic-requirements/international-requirements/, read 2026-10-05 via page-excerpts run 37257512388, sha256 87740b34acdbf27d); quote: ""Nigeria ⏎ Unfortunately the WAEC Senior School Certificate cannot be considered for Medicine. ⏎ Suitable alternative qualifications would be: ⏎ GCE A-Level ⏎ Scottish Higher ⏎ International Baccalaureate ⏎ If you have sat A-levels or IB then please refer to this page for information on entry requirements. [the university-wide Nigeria page also says WASSCE gives direct Year 1 entry to all programmes except Medicine]""",2026-10-05
course:aberdeen/medicine:international_fee_gbp:2026/27,6,International fees and costs,S080,2,University of Aberdeen · Medicine,international_fee_gbp,2026/27,50100,https://www.abdn.ac.uk/media/site/students/documents/UG--Full-time-Tuition-Fees-2026-27.pdf,VERIFY-ON-PAGE,"£50,100/yr including mandatory national (NHS teaching) levy. VERIFY-ON-PAGE. [OFFICIAL]",verified,,,"AI-assisted review of the official page (https://www.abdn.ac.uk/media/site/students/documents/UG--Full-time-Tuition-Fees-2026-27.pdf, read 2026-10-05 via page-excerpts run 37256882227, sha256 b43c8107975e8e99); quote: ""MEDICINE (MBCHB) … PROGRAMME / AREA OF STUDY / HOME STUDENTS / REST OF UK (RUK) / EU STUDENTS / INTERNATIONAL STUDENTS … £50,100 - the confirmed rate will include the mandatory national levy to cover the cost of tuition in the NHS. [2026-27 undergraduate tuition fee table]""",2026-10-05
university:aston:international_accepted,4,Medical school eligibility,S022,4,Aston University,international_accepted,,yes,https://www.aston.ac.uk/hls/aston-medical-school/advice-zone/faq,VERIFY-ON-PAGE,,verified,,https://www.aston.ac.uk/study/courses/medicine-mbchb,"AI-assisted review of the official page (https://www.aston.ac.uk/study/courses/medicine-mbchb, read 2026-10-05 via page-excerpts run 37256882227, sha256 91f05efa3618c6b3); quote: ""We have 110 places for Home UK students and 30 places for international students.""",2026-10-05
course:brunel/a100:international_fee_gbp:2026/27,,,,,,,,,,,,verified,,,"AI-assisted review of the official page (https://www.brunel.ac.uk/study/courses/medicine-mbbs, read 2026-10-05 via page-excerpts run 37256882227, sha256 294ae74df04447b6); quote: ""Fees and funding ⏎ 2026/7 entry ⏎ International ⏎ £49,395 full-time … Fees quoted are per year and may be subject to an annual increase.""",2026-10-05
course:brunel/a100:application_route,,,,,,,,,,,,verified,"UCAS, or directly to Brunel for international fee status applicants, by 30 June 2027 (the direct deadline may close earlier, subject to vacancies)",,"AI-assisted review of the official page (https://www.brunel.ac.uk/study/courses/medicine-mbbs, read 2026-10-05 via page-excerpts run 37256882227, sha256 294ae74df04447b6); quote: ""International fee status: Please apply either through UCAS or directly to Brunel by 30 June 2027. Please note, the direct application deadline may close earlier, subject to course vacancies, so we recommend you apply early.""",2026-10-05
course:kent-medway/a100:international_fee_gbp:2026/27,,,,,,,,,,,,verified,,https://kmms.ac.uk/study/funding-your-degree/,"AI-assisted review of the official page (https://kmms.ac.uk/study/funding-your-degree/, read 2026-10-05 via page-excerpts run 37263171334, sha256 0961528a9ba17961); quote: ""International students ⏎ Fees for international students are £49,700 (26/27).""",2026-10-05
course:cambridge/a100:international_fee_gbp:2026/27,6,International fees and costs,S105,2,University of Cambridge · Medicine MB BChir,international_fee_gbp,2026/27,70554,https://www.undergraduate.study.cam.ac.uk/files/publications/undergraduate_tuition_fees_2026-27.pdf,VERIFY-ON-PAGE,"Flat £70,554/yr per official 2026-27 fee PDF. Separate annual College fee for overseas students (approx £11,500-£14,950 depending on College; range came from agent/prep sources - LEAD only). VERIFY-ON-PAGE. [OFFICIAL (tuition); LEAD (college fee)]",verified,,https://www.undergraduate.study.cam.ac.uk/files/publications/undergraduate_tuition_fees_2026-27.pdf,"AI-assisted review of the official page (https://www.undergraduate.study.cam.ac.uk/files/publications/undergraduate_tuition_fees_2026-27.pdf, read 2026-10-05 via page-excerpts run 37263171334, sha256 f489d1c946a31aae); quote: ""[2026-27 undergraduate tuition fee table, columns Home / Islands / Overseas] Medicine 9,790 9,790 70,554""",2026-10-05
course:manchester/a100:international_fee_gbp:2026/27,6,International fees and costs,S050,5,University of Manchester · MBChB Medicine,international_fee_gbp,2026/27,39900,https://www.manchester.ac.uk/study/undergraduate/courses/2027/01428/mbchb-medicine/,VERIFY-ON-PAGE,"Pre-clinical (years 1-2) £39,900; clinical (years 3-5) £60,900 for students entering clinical phase in 2026/27. Clinical fee set at the rate applicable on entering Year 3. 2027-entry course page exists. VERIFY-ON-PAGE. [OFFICIAL]",verified,,https://www.manchester.ac.uk/study/undergraduate/courses/2027/01428/mbchb-medicine/,"AI-assisted review of the official page (https://www.manchester.ac.uk/study/undergraduate/courses/2027/01428/mbchb-medicine/, read 2026-10-05 via page-excerpts run 37263171334, sha256 a925d800b6d67340); quote: ""International students: ⏎ For students starting in September 2026 on the Pre-Clinical part of the programme (Years 1-2), the fee for 2026/27 will be £39,900 per year. ⏎ Fees for the Clinical part of the programme (Years 3-5) are set at the rate applicable when entering Year 3""",2026-10-05
course:manchester/a100:clinical_years_fee_differs:2026/27,6,International fees and costs,S050,5,University of Manchester · MBChB Medicine,clinical_years_fee_differs,2026/27,yes,https://www.manchester.ac.uk/study/undergraduate/courses/2027/01428/mbchb-medicine/,VERIFY-ON-PAGE,,verified,,https://www.manchester.ac.uk/study/undergraduate/courses/2027/01428/mbchb-medicine/,"AI-assisted review of the official page (https://www.manchester.ac.uk/study/undergraduate/courses/2027/01428/mbchb-medicine/, read 2026-10-05 via page-excerpts run 37263171334, sha256 a925d800b6d67340); quote: ""Pre-Clinical part of the programme (Years 1-2), the fee for 2026/27 will be £39,900 per year. ⏎ Fees for the Clinical part of the programme (Years 3-5) are set at the rate applicable when entering Year 3""",2026-10-05
course:leeds/a100:international_fee_gbp:2027/28,,,,,,,,,,,,verified,,https://courses.leeds.ac.uk/5580/medicine-and-surgery-mbchb,"AI-assisted review of the official page (https://courses.leeds.ac.uk/5580/medicine-and-surgery-mbchb, read 2026-10-05 via page-excerpts run 37263171334, sha256 c51b8ad72c843450); quote: ""Fees ⏎ UK: £10,050 ⏎ International: £50,500 (per year) [course page for the 2027/28 intake]""",2026-10-05
course:nottingham/medicine:international_fee_gbp:2026/27,6,International fees and costs,S094,2,University of Nottingham · Medicine BMBS (Hons),international_fee_gbp,2026/27,47000,https://www.nottingham.ac.uk/fees/tuitionfees/202627/undergraduate.aspx,VERIFY-ON-PAGE,"Years 1-2 £47,000; clinical rate years 3-5 £58,500 (2026/27; was £56,400 in 2025/26). VERIFY-ON-PAGE. [OFFICIAL]",verified,,https://www.nottingham.ac.uk/fees/tuitionfees/202627/undergraduate.aspx,"AI-assisted review of the official page (https://www.nottingham.ac.uk/fees/tuitionfees/202627/undergraduate.aspx, read 2026-10-05 via page-excerpts run 37263171334, sha256 f2564808a2b1e680); quote: ""Undergraduate courses 2026/27 … A100 BMBS Medicine £9,790 £47,000 … A101 BMBS Graduate Entry Medicine £9,790 £47,000""",2026-10-05
course:leicester/a100:international_fee_gbp:2026/27,6,International fees and costs,S076,2,University of Leicester · Medicine MBChB,international_fee_gbp,2026/27,30150,https://le.ac.uk/study/undergraduates/fees-funding/tuition-fees,VERIFY-ON-PAGE,"Years 1-2 £30,150; years 3-5 £48,900. Clinical-year fees confirmed closer to those years. VERIFY-ON-PAGE. [OFFICIAL]",verified,,https://le.ac.uk/study/undergraduates/fees-funding/tuition-fees,"AI-assisted review of the official page (https://le.ac.uk/study/undergraduates/fees-funding/tuition-fees, read 2026-10-05 via page-excerpts run 37263171334, sha256 6a5b8c582d931dbb); quote: ""Medicine ⏎ For 2026/27 entry ⏎ Medicine (MBChB) Years 1 and 2: £30,150 per year ⏎ Medicine (MBChB) Years 3,4 and 5: £48,900 per year*""",2026-10-05
course:leicester/a100:clinical_years_fee_differs:2026/27,6,International fees and costs,S076,2,University of Leicester · Medicine MBChB,clinical_years_fee_differs,2026/27,yes,https://le.ac.uk/study/undergraduates/fees-funding/tuition-fees,VERIFY-ON-PAGE,,verified,,https://le.ac.uk/study/undergraduates/fees-funding/tuition-fees,"AI-assisted review of the official page (https://le.ac.uk/study/undergraduates/fees-funding/tuition-fees, read 2026-10-05 via page-excerpts run 37263171334, sha256 6a5b8c582d931dbb); quote: ""Medicine (MBChB) Years 1 and 2: £30,150 per year ⏎ Medicine (MBChB) Years 3,4 and 5: £48,900 per year*""",2026-10-05
course:southampton/medicine:international_fee_gbp,,,,,,,,,,,,verified,,https://www.southampton.ac.uk/courses/medicine-bm5-degree-bmbs,"AI-assisted review of the official page (https://www.southampton.ac.uk/courses/medicine-bm5-degree-bmbs, read 2026-10-05 via page-excerpts run 37263171334, sha256 f8c6da8c79183a73); quote: ""Tuition fees ⏎ Fees for a year's study: ⏎ UK students pay £10,050. ⏎ EU and international students pay £35,900. … If you're an EU or international student, please note that fees for your clinical years - y…""",2026-10-05
course:lancaster/medicine:international_fee_gbp:2026/27,6,International fees and costs,S090,2,Lancaster University · Medicine,international_fee_gbp,2026/27,48620,https://www.lancaster.ac.uk/study/undergraduate/courses/medicine-and-surgery-mbchb-a100/2026/,VERIFY-ON-PAGE,"£48,620/yr plus £40 college fee. Fees reviewed annually, not fixed. VERIFY-ON-PAGE. [OFFICIAL]",verified,,https://www.lancaster.ac.uk/study/undergraduate/courses/medicine-and-surgery-mbchb-a100/2026/,"AI-assisted review of the official page (https://www.lancaster.ac.uk/study/undergraduate/courses/medicine-and-surgery-mbchb-a100/2026/, read 2026-10-05 via page-excerpts run 37263171334, sha256 fe1f3a60047a342d); quote: ""Our Undergraduate Tuition Fees for 2026/27 are: ⏎ Home International ⏎ £9,790 £48,620""",2026-10-05
course:hull-york/a100:international_fee_gbp:2026/27,6,International fees and costs,S088,2,Hull York Medical School · MB BS Medicine,international_fee_gbp,2026/27,49750,https://www.hyms.ac.uk/medicine/applying/fees-and-funding,VERIFY-ON-PAGE,"£49,750/yr; subsequent years increase with CPI up to max 10%. International Excellence Scholarships (up to 4, 5% of fee, 2025 entry). VERIFY-ON-PAGE. [OFFICIAL]",verified,,https://www.hyms.ac.uk/medicine/applying/fees-and-funding,"AI-assisted review of the official page (https://www.hyms.ac.uk/medicine/applying/fees-and-funding, read 2026-10-05 via page-excerpts run 37263171334, sha256 991aa27f39e34d92); quote: ""International (including EU) students ⏎ The international tuition fee for 2026 entry is £49,750/year.""",2026-10-05
course:warwick/graduate-entry:international_fee_gbp:2026/27,6,International fees and costs,S079,2,University of Warwick · A101 Medicine MB ChB Graduate Entry (4 years),international_fee_gbp,2026/27,32510,https://warwick.ac.uk/services/finance/studentfinance/fees/overseasfees/,VERIFY-ON-PAGE,"GRADUATE ENTRY ONLY. Year 1 £32,510; years 2-4 £56,660 each. Inflationary uplift possible. VERIFY-ON-PAGE. [OFFICIAL]",verified,,https://warwick.ac.uk/services/finance/studentfinance/fees/overseasfees/,"AI-assisted review of the official page (https://warwick.ac.uk/services/finance/studentfinance/fees/overseasfees/, read 2026-10-05 via page-excerpts run 37263171334, sha256 420830409a4a93aa); quote: ""Course UCAS code 2025-26 2026-27 2027-28 ⏎ Bachelor of Medicine & Bachelor of Surgery (Year 1) A101 MBChB £30,670 £32,510 TBA ⏎ Bachelor of Medicine & Bachelor of Surgery (Years 2-4) A101 MBChB £53,460 £56,660 TBA""",2026-10-05
course:warwick/graduate-entry:clinical_years_fee_differs:2026/27,6,International fees and costs,S079,2,University of Warwick · A101 Medicine MB ChB Graduate Entry (4 years),clinical_years_fee_differs,2026/27,yes,https://warwick.ac.uk/services/finance/studentfinance/fees/overseasfees/,VERIFY-ON-PAGE,,verified,,https://warwick.ac.uk/services/finance/studentfinance/fees/overseasfees/,"AI-assisted review of the official page (https://warwick.ac.uk/services/finance/studentfinance/fees/overseasfees/, read 2026-10-05 via page-excerpts run 37263171334, sha256 420830409a4a93aa); quote: ""(Year 1) A101 MBChB … 2026-27 £32,510 ⏎ (Years 2-4) A101 MBChB … 2026-27 £56,660""",2026-10-05
course:swansea/graduate-entry:international_fee_gbp:2026/27,6,International fees and costs,S100,2,Swansea University · A101 Medicine (Graduate Entry) MB BCh (4 years),international_fee_gbp,2026/27,48350,https://www.swansea.ac.uk/undergraduate/courses/medicine/medicine-graduate-entry-mbbch/,VERIFY-ON-PAGE,"GRADUATE ENTRY ONLY. £48,350 (Sept 2026 entry); £50,750 published for Sept 2027 entry. 3% annual increase for continuing students. VERIFY-ON-PAGE. [OFFICIAL]",verified,,https://www.swansea.ac.uk/undergraduate/courses/medicine/medicine-graduate-entry-mbbch/,"AI-assisted review of the official page (https://www.swansea.ac.uk/undergraduate/courses/medicine/medicine-graduate-entry-mbbch/, read 2026-10-05 via page-excerpts run 37263171334, sha256 22f56b340e8da355); quote: ""MB BCh 4 Year Full Time ⏎ UCAS Code ⏎ A101 … Tuition Fees - Year 1 ⏎ Sep 2026 ⏎ £ 48,350 [international fee panel]""",2026-10-05
course:edinburgh/medicine:international_fee_gbp:2026/27,6,International fees and costs,S078,2,University of Edinburgh · Medicine,international_fee_gbp,2026/27,54650,https://registryservices.ed.ac.uk/tuition-fees/find/undergraduate/2026-2027/medicine,VERIFY-ON-PAGE,"£54,650/yr, inclusive of Scottish Government ACT (NHS teaching) levy. 6-year programme. VERIFY-ON-PAGE. [OFFICIAL]",verified,,https://registryservices.ed.ac.uk/tuition-fees/find/undergraduate/2026-2027/medicine,"AI-assisted review of the official page (https://registryservices.ed.ac.uk/tuition-fees/find/undergraduate/2026-2027/medicine, read 2026-10-05 via page-excerpts run 37263171334, sha256 427db7d60e25a8ab); quote: ""Medicine (MBChB) - 6 year degree ⏎ Fee status Home-Scotland Home-RUK and ROI International/EU* ⏎ Medicine (MBChB) £1,820 £9,790 £54,650""",2026-10-05
course:glasgow/medicine:international_fee_gbp:2026/27,6,International fees and costs,S086,2,University of Glasgow · Medicine,international_fee_gbp,2026/27,62730,https://www.gla.ac.uk/myglasgow/students/payingyourfees/undergraduate/2026-27/,VERIFY-ON-PAGE,"£62,730/yr (MBChB / clinical MVLS programmes). Highest flat 5-year fee found. VERIFY-ON-PAGE. [OFFICIAL]",verified,,https://www.gla.ac.uk/myglasgow/students/payingyourfees/undergraduate/2026-27/,"AI-assisted review of the official page (https://www.gla.ac.uk/myglasgow/students/payingyourfees/undergraduate/2026-27/, read 2026-10-05 via page-excerpts run 37263171334, sha256 c36124598dbbb8c8); quote: ""[2026-27] MBChB and College of Medical, Veterinary & Life Sciences clinical programmes £1,820 £9,790^ £62,730""",2026-10-05
course:st-andrews/a100:international_fee_gbp:2026/27,6,International fees and costs,S099,2,"University of St Andrews · Medicine BSc (Hons), pre-clinical",international_fee_gbp,2026/27,39620,https://www.st-andrews.ac.uk/study/undergraduate/fees/world/,VERIFY-ON-PAGE,"£39,620/yr for the 3-year St Andrews BSc (includes Scottish levy). Overseas students then complete clinical training at University of Manchester (Manchester clinical rate applies - £60,900 in 2026/27). Annual adjustments typically 3-5%. VERIFY-ON-PAGE. [OFFICIAL]",verified,,https://www.st-andrews.ac.uk/study/undergraduate/fees/world/,"AI-assisted review of the official page (https://www.st-andrews.ac.uk/study/undergraduate/fees/world/, read 2026-10-05 via page-excerpts run 37263171334, sha256 0a05ad437512b6db); quote: ""If you are studying in the Faculty of Medicine, tuition fees for entrant students in 2026-2027 will be £39,620. The Scottish Government has introduced a mandatory national levy for overseas medical students for each year of study …""",2026-10-05
course:ulster/graduate-entry:international_fee_gbp:2026/27,6,International fees and costs,S104,2,"Ulster University · Medicine MBBS (Graduate Entry, 4 years)",international_fee_gbp,2026/27,39630,https://www.ulster.ac.uk/student/fees/tuition-fees/international/tuition-fees-202627-international-and-eu-excluding-roi,VERIFY-ON-PAGE,"GRADUATE ENTRY. Tuition £39,630 PLUS clinical placement levy £12,133 (2026/27) each year; effective approx £51,763/yr. Ulster has published a 2027/28 international fee page (figure not captured). VERIFY-ON-PAGE. [OFFICIAL]",verified,,https://www.ulster.ac.uk/student/fees/tuition-fees/international/tuition-fees-202627-international-and-eu-excluding-roi,"AI-assisted review of the official page (https://www.ulster.ac.uk/student/fees/tuition-fees/international/tuition-fees-202627-international-and-eu-excluding-roi, read 2026-10-05 via page-excerpts run 37263171334, sha256 1ce7ad47c3e9206b); quote: ""Tuition Fees 2026/27 - International and EU (Excluding ROI) … Medicine - MBBS** (see Note 4) 39,630""",2026-10-05
university:manchester:international_accepted,4,Medical school eligibility,S050,5,University of Manchester,international_accepted,,yes,https://www.manchester.ac.uk/study/undergraduate/courses/2027/01428/mbchb-medicine/,VERIFY-ON-PAGE,,verified,,,"AI-assisted review of the official page (https://www.manchester.ac.uk/study/undergraduate/courses/2027/01428/mbchb-medicine/, read 2026-10-05 via page-excerpts run 37264563529, sha256 029d4906d46b5f41); quote: ""International students: ⏎ For students starting in September 2026 on the Pre-Clinical part of the programme (Years 1-2), the fee for 2026/27 will be £39,900 per year. … International students are currently considered in the same way as UK nationals in the allocation of Foundation Training posts.""",2026-10-05
university:manchester:international_places_open:2027 entry,4,Medical school eligibility,S049,7,University of Manchester,international_places_open,2027 entry,Yes (A100 open to international; Medicine not eligible for scholarships).,https://www.manchester.ac.uk/study/international/country-specific-information/nigeria/entry-requirements/,VERIFY-ON-PAGE,,verified,Yes,https://www.manchester.ac.uk/study/undergraduate/courses/2027/01428/mbchb-medicine/,"AI-assisted review of the official page (https://www.manchester.ac.uk/study/undergraduate/courses/2027/01428/mbchb-medicine/, read 2026-10-05 via page-excerpts run 37264563529, sha256 029d4906d46b5f41); quote: ""MBChB Medicine (2027 entry) … International students ⏎ Tuition fees for international students on the Pre-Clinical part of the programme (Years 1-2) will be £39,900 for the 2026/2027 academic year.""",2026-10-05
course:manchester/a100:application_route,9,Application routes,S050,5,University of Manchester · MBChB Medicine,application_route,,UCAS,https://www.manchester.ac.uk/study/undergraduate/courses/2027/01428/mbchb-medicine/,VERIFY-ON-PAGE,,verified,"UCAS (UCAS course code A106, institution code M20)",,"AI-assisted review of the official page (https://www.manchester.ac.uk/study/undergraduate/courses/2027/01428/mbchb-medicine/, read 2026-10-05 via page-excerpts run 37264563529, sha256 029d4906d46b5f41); quote: ""Apply through UCAS ⏎ UCAS course code ⏎ A106 ⏎ UCAS institution code ⏎ M20 … How to apply ⏎ Apply through UCAS .""",2026-10-05
course:manchester/a100:ucas_code,10,Course availability,S063,2,University of Manchester · MBChB Medicine,ucas_code,,A100,https://www.theukcatpeople.co.uk/guide/medical-school/medicine/university-of-manchester,VERIFY-ON-PAGE,,verified,A106 (2027 entry; institution code M20),https://www.manchester.ac.uk/study/undergraduate/courses/2027/01428/mbchb-medicine/,"AI-assisted review of the official page (https://www.manchester.ac.uk/study/undergraduate/courses/2027/01428/mbchb-medicine/, read 2026-10-05 via page-excerpts run 37264563529, sha256 029d4906d46b5f41); quote: ""Year of entry: 2027 ⏎ UCAS course code: A106 / Institution code M20 [our earlier A100 came from a secondary source]""",2026-10-05
course:manchester/a100:admissions_test,9,Application routes,S134,25,University of Manchester · MBChB Medicine,admissions_test,,UCAT,https://www.ucat.ac.uk/about-ucat/universities/,VERIFY-ON-PAGE,,verified,,https://www.manchester.ac.uk/study/undergraduate/courses/2027/01428/mbchb-medicine/,"AI-assisted review of the official page (https://www.manchester.ac.uk/study/undergraduate/courses/2027/01428/mbchb-medicine/, read 2026-10-05 via page-excerpts run 37264563529, sha256 029d4906d46b5f41); quote: ""All applicants, including dental applicants, must sit the UCAT and offer Maths at minimum …""",2026-10-05
university:manchester:english_requirement:2027 entry,5,Nigerian qualifications and entry,S049,7,University of Manchester,english_requirement,2027 entry,IELTS/TOEFL etc. (score not captured). Nigeria page: can usually accept a high score in English in WAEC exams if taken within last seven years — confirm whether MBChB included.,https://www.manchester.ac.uk/study/international/country-specific-information/nigeria/entry-requirements/,NOT_FOUND,,verified,Medicine (MBChB): IELTS 7.0 average with no component below 6.5 at the same sitting; PTE Academic 65 with 65 in each skill; Cambridge C1 Advanced or C2 Proficiency 185 with 185 in each element; IGCSE English first language at grade B,https://www.manchester.ac.uk/study/undergraduate/courses/2027/01428/mbchb-medicine/,"AI-assisted review of the official page (https://www.manchester.ac.uk/study/undergraduate/courses/2027/01428/mbchb-medicine/, read 2026-10-05 via page-excerpts run 37264563529, sha256 029d4906d46b5f41); quote: ""Applicants from outside the UK (including non-native speakers) need to meet specific English language requirements to study at Manchester. We accept: ⏎ IGCSE English first language at grade B; ⏎ International English Language Testing Service (IELTS): A minimum average score of 7.0 and with not less than 6.5 in any one component taken at the same sitting; ⏎ Pearson Test of English (PTE) Academic: An overall score of 65 with no less than 65 in each of the communicative skills domains taken at the same sitting; ⏎ Cambridge English: Advanced (CAE), or Cambridge English: Proficiency (CPE): An overall score of 185 with no less than 185 in each …""",2026-10-05
university:edinburgh:international_accepted,,,,,,,,,,,,verified,,,"AI-assisted review of the official page (https://study.ed.ac.uk/programmes/undergraduate/354-mbchb-medicine-6-year-programme, read 2026-10-05 via page-excerpts run 37264563529, sha256 ad5dd9209b7640ea); quote: ""Applying as an international student ⏎ As an international student, you apply for this degree programme through UCAS. … As there are limited places for international students on our MBChB programme, you are required to pay a fee deposit equal to one-third of the first year's fees … For 2026 entry, the deposit was £18,217.""",2026-10-05
university:edinburgh:international_places_open:2027 entry,4,Medical school eligibility,S034,7,University of Edinburgh,international_places_open,2027 entry,Yes.,https://www.ed.ac.uk/studying/international/country/africa/nigeria,VERIFY-ON-PAGE,,verified,"Yes, limited: international offer-holders who make Edinburgh their Firm choice pay a deposit of one-third of the first year's fees (£18,217 for 2026 entry)",https://study.ed.ac.uk/programmes/undergraduate/354-mbchb-medicine-6-year-programme,"AI-assisted review of the official page (https://study.ed.ac.uk/programmes/undergraduate/354-mbchb-medicine-6-year-programme, read 2026-10-05 via page-excerpts run 37264563529, sha256 ad5dd9209b7640ea); quote: ""As there are limited places for international students on our MBChB programme, you are required to pay a fee deposit equal to one-third of the first year's fees if: you are an international student who receives an offer ⏎ you make us your Firm choice ⏎ For 2026 entry, the deposit was £18,217.""",2026-10-05
course:edinburgh/medicine:application_route,,,,,,,,,,,,verified,"UCAS (UCAS code A100); 2027 entry deadline 15 October 2026, 18:00 for UK, EU and international applicants",,"AI-assisted review of the official page (https://study.ed.ac.uk/programmes/undergraduate/354-mbchb-medicine-6-year-programme, read 2026-10-05 via page-excerpts run 37264563529, sha256 ad5dd9209b7640ea); quote: ""UCAS Code ⏎ A100 … 2027 entry UCAS deadline: 15 October 2026 (6:00pm GMT) ⏎ This is the deadline for all UK, EU and international applicants. … As an international student, you apply for this degree programme through UCAS.""",2026-10-05
course:edinburgh/medicine:admissions_test,9,Application routes,S134,25,University of Edinburgh · Medicine,admissions_test,,UCAT,https://www.ucat.ac.uk/about-ucat/universities/,VERIFY-ON-PAGE,,verified,,https://study.ed.ac.uk/programmes/undergraduate/354-mbchb-medicine-6-year-programme/entry-requirements,"AI-assisted review of the official page (https://study.ed.ac.uk/programmes/undergraduate/354-mbchb-medicine-6-year-programme/entry-requirements, read 2026-10-05 via page-excerpts run 37264563529, sha256 30b1407481602fd3); quote: ""You must sit the University Clinical Aptitude Test (UCAT) within the same year of submitting a UCAS application. We require that you meet a minimum UCAT score as part of our entry requirements unless you are a Plus Flag widening access applicant.""",2026-10-05
university:edinburgh:english_requirement:2027 entry,5,Nigerian qualifications and entry,S034,7,University of Edinburgh,english_requirement,2027 entry,IELTS Academic 7.5 total with at least 7.5 in each component.,https://www.ed.ac.uk/studying/international/country/africa/nigeria,VERIFY-ON-PAGE,,verified,IELTS Academic 7.5 overall with at least 7.5 in each component (One Skill Retake not accepted; no more than two years old at the programme start); TOEFL iBT before 21 January 2026: 110 with at least 25 in each component,https://study.ed.ac.uk/programmes/undergraduate/354-mbchb-medicine-6-year-programme/entry-requirements,"AI-assisted review of the official page (https://study.ed.ac.uk/programmes/undergraduate/354-mbchb-medicine-6-year-programme/entry-requirements, read 2026-10-05 via page-excerpts run 37264563529, sha256 30b1407481602fd3); quote: ""IELTS Academic: total 7.5 with at least 7.5 in each component. We do not accept IELTS One Skill Retake to meet our English language requirements. ⏎ TOEFL-iBT (including Home Edition) before 21 January 2026: total 110 with at least 25 in each component. … Qualifications from the following English language tests must be no more than two years old from the start date of this programme … IELTS Academic""",2026-10-05
topic:ucas-2027:deadline_medicine:2027,1,UCAS Medicine deadlines,S001,7,UCAS 2027 entry,deadline_medicine,2027,"15 October 2026, 18:00 (UK time)",https://www.ucas.com/undergraduate/applying-university/ucas-undergraduate-when-apply,VERIFY-ON-PAGE,"Equal-consideration deadline for medicine, dentistry, veterinary medicine/science, and Oxford and Cambridge.",verified,,https://www.ucas.com/applying/applying-to-university/dates-and-deadlines-for-uni-applications,"AI-assisted review of the official page (https://www.ucas.com/applying/applying-to-university/dates-and-deadlines-for-uni-applications, read 2026-10-05 via page-excerpts run 37255776790, sha256 a34a454826afa8ee); quote: ""15 OCT (18:00 UK time) Equal consideration date for applications to the universities of Oxford and Cambridge, and for most courses in medicine, dentistry, and veterinary medicine/science [2027-entry block, followed by 2027 13 JAN]""",2026-10-05
topic:ucat-2026:registration_window:2027,2,UCAT dates and rules,S002,7,UCAT 2026 (for 2027 entry),registration_window,2027,20 May – 16 September 2026,https://www.ucat.ac.uk/ucat/dates-and-fees/,VERIFY-ON-PAGE,,verified,,https://www.ucat.ac.uk/about-ucat/ucat-test-dates/,"AI-assisted review of the official page (https://www.ucat.ac.uk/about-ucat/ucat-test-dates/, read 2026-10-05 via page-excerpts run 37255776790, sha256 2c93858ab4f4ca9a); quote: ""20 May 2026 (14:00 UK Time) UCAT Registration opens … 16 September 2026 (15:00 UK Time) Booking deadline UCAT Registration closes""",2026-10-05
topic:ucat-2026:booking_opens:2027,2,UCAT dates and rules,S002,7,UCAT 2026 (for 2027 entry),booking_opens,2027,23 June 2026,https://www.ucat.ac.uk/ucat/dates-and-fees/,VERIFY-ON-PAGE,,verified,,https://www.ucat.ac.uk/about-ucat/ucat-test-dates/,"AI-assisted review of the official page (https://www.ucat.ac.uk/about-ucat/ucat-test-dates/, read 2026-10-05 via page-excerpts run 37255776790, sha256 2c93858ab4f4ca9a); quote: ""23 June 2026 (14:00 UK Time) Booking opens""",2026-10-05
topic:ucat-2026:booking_deadline:2027,2,UCAT dates and rules,S002,7,UCAT 2026 (for 2027 entry),booking_deadline,2027,"16 September 2026, 15:00 (UK time); registration closes at the same time, no exceptions",https://www.ucat.ac.uk/ucat/dates-and-fees/,VERIFY-ON-PAGE,,verified,,https://www.ucat.ac.uk/about-ucat/ucat-test-dates/,"AI-assisted review of the official page (https://www.ucat.ac.uk/about-ucat/ucat-test-dates/, read 2026-10-05 via page-excerpts run 37255776790, sha256 2c93858ab4f4ca9a); quote: ""16 September 2026 (15:00 UK Time) Booking deadline UCAT Registration closes … We do not make any exceptions to this deadline.""",2026-10-05
topic:ucat-2026:access_arrangements_deadline:2027,2,UCAT dates and rules,S002,7,UCAT 2026 (for 2027 entry),access_arrangements_deadline,2027,"10 September 2026, 15:00 (UK time)",https://www.ucat.ac.uk/ucat/dates-and-fees/,VERIFY-ON-PAGE,Extra time or other adjustments must be approved before booking the test.,verified,,https://www.ucat.ac.uk/about-ucat/ucat-test-dates/,"AI-assisted review of the official page (https://www.ucat.ac.uk/about-ucat/ucat-test-dates/, read 2026-10-05 via page-excerpts run 37255776790, sha256 2c93858ab4f4ca9a); quote: ""10 September 2026 (15:00 UK Time) Access Arrangement application deadline""",2026-10-05
topic:ucat-2026:testing_window:2027,2,UCAT dates and rules,S002,7,UCAT 2026 (for 2027 entry),testing_window,2027,13 July – 24 September 2026,https://www.ucat.ac.uk/ucat/dates-and-fees/,VERIFY-ON-PAGE,,verified,,https://www.ucat.ac.uk/about-ucat/ucat-test-dates/,"AI-assisted review of the official page (https://www.ucat.ac.uk/about-ucat/ucat-test-dates/, read 2026-10-05 via page-excerpts run 37255776790, sha256 2c93858ab4f4ca9a); quote: ""13 July 2026 Testing starts … 24 September 2026 Last test day""",2026-10-05
topic:ucat-2026:results_to_universities:2027,2,UCAT dates and rules,S002,7,UCAT 2026 (for 2027 entry),results_to_universities,2027,Early November 2026,https://www.ucat.ac.uk/ucat/dates-and-fees/,VERIFY-ON-PAGE,,verified,,https://www.ucat.ac.uk/about-ucat/ucat-test-dates/,"AI-assisted review of the official page (https://www.ucat.ac.uk/about-ucat/ucat-test-dates/, read 2026-10-05 via page-excerpts run 37255776790, sha256 2c93858ab4f4ca9a); quote: ""Early November Results delivered to universities [UCAT 2026 Test Dates]""",2026-10-05
topic:ucat-2026:structure:2027,2,UCAT dates and rules,S005,2,UCAT 2026 (for 2027 entry),structure,2027,"Verbal Reasoning, Decision Making, Quantitative Reasoning, plus the Situational Judgement Test. Abstract Reasoning was removed from 2025. Cognitive total is scored out of 2700",https://www.ucat.ac.uk/ucat/test-format/,VERIFY-ON-PAGE,Older benchmarks out of 3600 no longer apply.,verified,"Four separately timed multiple-choice subtests: Verbal Reasoning, Decision Making, Quantitative Reasoning and Situational Judgement. The three cognitive subtests give a total score of 900–2700; Situational Judgement is reported as a band",https://www.ucat.ac.uk/about-ucat/test-format-and-scoring/,"AI-assisted review of the official page (https://www.ucat.ac.uk/about-ucat/test-format-and-scoring/, read 2026-10-05 via page-excerpts run 37255776790, sha256 634cae42af9bd1b8); quote: ""The test consists of four separately timed subtests in multiple-choice format: Verbal Reasoning … Decision Making … Quantitative Reasoning … Situational Judgement … You will receive a total score of 900-2700 and a Situational Judgement Band. [Abstract Reasoning is not mentioned; the earlier wording about its removal is not on the page]""",2026-10-05
topic:ucat-2026:subtests:2027,2,UCAT dates and rules,S005,2,UCAT 2026 (for 2027 entry),subtests,2027,Verbal Reasoning 44 questions / 22 minutes; Decision Making 35 / 37; Quantitative Reasoning 36 / 26; Situational Judgement about 69 / 26. Each cognitive subtest scaled 300–900; SJT reported in Bands 1–4,https://www.ucat.ac.uk/ucat/test-format/,NOT_FOUND,Reported by secondary sources; confirm counts and timings on the official test-format page.,verified,Verbal Reasoning 44 questions / 22 minutes; Decision Making 35 / 37; Quantitative Reasoning 36 / 26; Situational Judgement 69 / 26. Each cognitive subtest scaled 300–900; Situational Judgement reported in Bands 1–4. The standard test is just under 2 hours,https://www.ucat.ac.uk/about-ucat/test-format-and-scoring/,"AI-assisted review of the official page (https://www.ucat.ac.uk/about-ucat/test-format-and-scoring/, read 2026-10-05 via page-excerpts run 37255776790, sha256 634cae42af9bd1b8); quote: ""Verbal Reasoning 44 1 minute 30 seconds 22 minutes 300 - 900 Decision Making 35 1 minute 30 seconds 37 minutes 300 - 900 Quantitative Reasoning 36 2 minutes 26 minutes 300 - 900 Situational Judgement 69 1 minute 30 seconds 26 minutes Bands 1 - 4 … The standard test is just under 2 hours.""",2026-10-05
topic:gmc-registration:mla:2027,3,GMC status and registration,S010,1,GMC registration and Foundation training,mla,2027,All UK medical graduates from the 2024/25 academic year onwards must pass the Medical Licensing Assessment (AKT and CPSA) as part of their degree before provisional registration,https://www.gmc-uk.org/education/medical-licensing-assessment,VERIFY-ON-PAGE,Nationality is not a criterion.,verified,All medical students graduating from UK universities need to pass the Medical Licensing Assessment (MLA) as part of their degree before joining the medical register. The MLA has an applied knowledge test (AKT) and a clinical and professional skills assessment (CPSA),,"AI-assisted review of the official page (https://www.gmc-uk.org/education/medical-licensing-assessment, read 2026-10-05 via page-excerpts run 37255776790, sha256 1c0bcb9cc2205037); quote: ""All medical students graduating from UK universities need to pass the MLA as part of their degree before joining the medical register. … Clinical and professional skills assessment (CPSA) Applied knowledge test (AKT) [the 2024/25 start year is not stated on this page]""",2026-10-05
topic:gmc-registration:provisional_registration:2027,3,GMC status and registration,S011,1,GMC registration and Foundation training,provisional_registration,2027,UK graduates apply to the GMC for provisional registration to begin Foundation Year 1,https://www.gmc-uk.org/registration-and-licensing/join-the-register/provisional-registration,VERIFY-ON-PAGE,,verified,Provisional registration with a licence to practise allows doctors to take part in an approved Foundation Year 1 (F1) programme in the UK,https://www.gmc-uk.org/registration-and-licensing/join-our-registers/provisional-registration,"AI-assisted review of the official page (https://www.gmc-uk.org/registration-and-licensing/join-our-registers/provisional-registration, read 2026-10-05 via page-excerpts run 37255776790, sha256 9b3d180f2e943a4a); quote: ""Provisional registration with a licence to practise allows doctors to take part in an approved Foundation Year 1 (F1) Programme in the UK.""",2026-10-05
topic:ucat-2026:results_to_candidates:2027,2,UCAT dates and rules,S002,7,UCAT 2026 (for 2027 entry),results_to_candidates,2027,Candidates receive their score report shortly after the test (reported); official wording not yet located,https://www.ucat.ac.uk/ucat/dates-and-fees/,NOT_FOUND,Confirm on ucat.ac.uk before showing.,verified,UCAT results are issued on the day of your test (or shortly after if testing online),https://www.ucat.ac.uk/about-ucat/ucat-essentials/,"AI-assisted review of the official page (https://www.ucat.ac.uk/about-ucat/ucat-essentials/, read 2026-10-05 via page-excerpts run 37257334724, sha256 ca124eb78bf8f19d); quote: ""UCAT results are issued on the day of your test (or shortly after if testing online).""",2026-10-05
course:aberdeen/medicine:admissions_test,9,Application routes,S134,25,University of Aberdeen · Medicine,admissions_test,,UCAT,https://www.ucat.ac.uk/about-ucat/universities/,VERIFY-ON-PAGE,,verified,,https://www.abdn.ac.uk/study/undergraduate/degree-programmes/796/A100/medicine-5-years/,"AI-assisted review of the official page (https://www.abdn.ac.uk/study/undergraduate/degree-programmes/796/A100/medicine-5-years/, read 2026-10-05 via page-excerpts run 37257334724, sha256 adcf4d8104ce14d8); quote: ""In addition, all applicants must take the University Clinical Aptitude Test (UCAT).""",2026-10-05
university:aberdeen:international_places_open:2027 entry,4,Medical school eligibility,S021,7,University of Aberdeen,international_places_open,2027 entry,Yes.,https://www.abdn.ac.uk/study/international/inmycountry/nigeria/entry/,VERIFY-ON-PAGE,,verified,Yes,https://www.abdn.ac.uk/study/undergraduate/degree-programmes/796/A100/medicine-5-years/,"AI-assisted review of the official page (https://www.abdn.ac.uk/study/undergraduate/degree-programmes/796/A100/medicine-5-years/, read 2026-10-05 via page-excerpts run 37257334724, sha256 adcf4d8104ce14d8); quote: ""International Applicants ⏎ See our international entry requirements page … EU / International students ⏎ Tuition Fees for 2026/27 Academic Year ⏎ £50,100 ⏎ This includes the mandatory national levy to cover the cost of tuition in the NHS. [UCAS Code A100]""",2026-10-05
course:cardiff/a100:international_fee_gbp:2026/27,6,International fees and costs,S083,2,Cardiff University · Medicine MBBCh,international_fee_gbp,2026/27,47450,https://www.cardiff.ac.uk/study/undergraduate/courses/2026/medicine-mbbch,VERIFY-ON-PAGE,"£47,450/yr for all five years (2026 entry). VERIFY-ON-PAGE. [OFFICIAL]",verified,,https://www.cardiff.ac.uk/study/undergraduate/courses/2026/medicine-mbbch,"AI-assisted review of the official page (https://www.cardiff.ac.uk/study/undergraduate/courses/2026/medicine-mbbch, read 2026-10-05 via page-excerpts run 37257334724, sha256 d2879197716b4203); quote: ""Tuition fees for 2026 entry … Fees for overseas status ⏎ Year Tuition fee Deposit ⏎ Year one £47,450 None ⏎ Year two £47,450 None ⏎ Year three £47,450 None ⏎ Year four £47,450 None ⏎ Year five £47,450 None""",2026-10-05
course:cardiff/a100:clinical_years_fee_differs:2026/27,6,International fees and costs,S083,2,Cardiff University · Medicine MBBCh,clinical_years_fee_differs,2026/27,no,https://www.cardiff.ac.uk/study/undergraduate/courses/2026/medicine-mbbch,VERIFY-ON-PAGE,,verified,,https://www.cardiff.ac.uk/study/undergraduate/courses/2026/medicine-mbbch,"AI-assisted review of the official page (https://www.cardiff.ac.uk/study/undergraduate/courses/2026/medicine-mbbch, read 2026-10-05 via page-excerpts run 37257334724, sha256 d2879197716b4203); quote: ""Fees for overseas status … Year one £47,450 … Year three £47,450 … Year five £47,450 [the same fee in every year of the course]""",2026-10-05
university:cardiff:international_accepted,4,Medical school eligibility,S031,3,Cardiff University,international_accepted,,yes,https://www.cardiff.ac.uk/study/undergraduate/courses/course/medicine-mbbch,VERIFY-ON-PAGE,,verified,,https://www.cardiff.ac.uk/study/undergraduate/courses/2026/medicine-mbbch,"AI-assisted review of the official page (https://www.cardiff.ac.uk/study/undergraduate/courses/2026/medicine-mbbch, read 2026-10-05 via page-excerpts run 37257334724, sha256 d2879197716b4203); quote: ""Your fee status could be home, island or overseas. … Fees for overseas status … Year one £47,450 [overseas-status applicants are admitted to A100 and charged the overseas fee]""",2026-10-05
university:cardiff:international_places_open:2027 entry,4,Medical school eligibility,S030,7,Cardiff University,international_places_open,2027 entry,Yes.,https://www.cardiff.ac.uk/study/international/your-country/africa/nigeria/entry-requirements,VERIFY-ON-PAGE,,verified,Yes,https://www.cardiff.ac.uk/study/undergraduate/courses/course/medicine-mbbch,"AI-assisted review of the official page (https://www.cardiff.ac.uk/study/undergraduate/courses/course/medicine-mbbch, read 2026-10-05 via page-excerpts run 37256882227, sha256 bad7d3dc86fdeee0); quote: ""We accept a combination of A-levels and other qualifications, as well as acceptable alternative international qualifications subject to entry requirements. … Next intake: September 2027""",2026-10-05
university:cardiff:waec_neco_statement:2027 entry,5,Nigerian qualifications and entry,S030,7,Cardiff University,waec_neco_statement,2027 entry,"Nigeria entry page: WAEC — successful completion with grades 1-6 (A-C) in 4 or more relevant subjects; for Health and Life Sciences including Medicine and Dental Surgery, Chemistry and two other Sciences (Maths counts). INFERENCE: GCSE-level subject rule, not A100 direct entry — verify.",https://www.cardiff.ac.uk/study/international/your-country/africa/nigeria/entry-requirements,VERIFY-ON-PAGE,Medicine-specific statement.,verified,"General undergraduate statement for Nigeria (not Medicine-specific): the Senior School Certificate combined with a successfully completed International Foundation Programme from a reputable institution; alternatively the IB Diploma, West African GCE A-levels or British A-levels, a completed OND or HND, or the first year of a Nigerian bachelor's degree may be considered for first-year entry. Cardiff's Medicine pages publish no Nigeria-specific rule",https://www.cardiff.ac.uk/study/international/your-country/africa/nigeria/entry-requirements,"AI-assisted review of the official page (https://www.cardiff.ac.uk/study/international/your-country/africa/nigeria/entry-requirements, read 2026-10-05 via page-excerpts run 37257512388, sha256 f0d06481d4637f96); quote: ""Undergraduate courses ⏎ You will be required to have the Senior School Certificate combined with a successfully completed International Foundation Programme from a reputable institution to be considered for admission on to our bachelor's degree courses. ⏎ Alternatively, if you hold the International Baccalaureate (IB) Diploma, West African GCE A-levels or British A-levels or you have successfully completed an OND or HND or you have successfully completed the first year of a Nigerian bachelor's degree, you may be considered for admission to the first year of our undergraduate courses. [the Medicine-specific WAEC grade wording previously recorded is no longer on this page]""",2026-10-05
topic:ucat-2026:fee_international_gbp:2027,2,UCAT dates and rules,S004,2,UCAT 2026 (for 2027 entry),fee_international_gbp,2027,115,https://www.ucat.ac.uk/ucat/registration-booking/test-fees-bursaries/,NOT_FOUND,Seen on secondary sources; confirm on ucat.ac.uk.,verified,,https://www.ucat.ac.uk/faqs/,"AI-assisted review of the official page (https://www.ucat.ac.uk/faqs/, read 2026-10-05 via page-excerpts run 37257512388, sha256 66c6870ef8b46915); quote: ""How much does the UCAT cost … The test fee is payable at the time of booking by major debit/credit card* ⏎ Tests taken in the UK: £70 ⏎ Tests taken outside the UK: £115""",2026-10-05
topic:ucat-2026:fee_uk_gbp:2027,2,UCAT dates and rules,S004,2,UCAT 2026 (for 2027 entry),fee_uk_gbp,2027,70,https://www.ucat.ac.uk/ucat/registration-booking/test-fees-bursaries/,NOT_FOUND,Seen on secondary sources; confirm on ucat.ac.uk.,verified,,https://www.ucat.ac.uk/faqs/,"AI-assisted review of the official page (https://www.ucat.ac.uk/faqs/, read 2026-10-05 via page-excerpts run 37257512388, sha256 66c6870ef8b46915); quote: ""Tests taken in the UK: £70 ⏎ Tests taken outside the UK: £115 ⏎ *Our UCAT Bursary is available to UK candidates who meet the bursary criteria.""",2026-10-05
university:aberdeen:english_requirement:2027 entry,5,Nigerian qualifications and entry,S021,7,University of Aberdeen,english_requirement,2027 entry,"IELTS 7.0 (Listening 5.5, Reading 5.5, Speaking 7.0, Writing 6.0). Nigeria page: WAEC/NECO English C6 or Medium-of-Instruction letter may waive IELTS — confirm Medicine not excluded.",https://www.abdn.ac.uk/study/international/inmycountry/nigeria/entry/,VERIFY-ON-PAGE,,verified,"Medicine (MBChB): IELTS Academic or IELTS UKVI Academic 7.0 overall, with Listening 5.5, Reading 5.5, Speaking 7.0 and Writing 6.0 or above; certification must be within the two years before the course starts",https://www.abdn.ac.uk/study/international/english/undergraduate-english-requirements/,"AI-assisted review of the official page (https://www.abdn.ac.uk/study/international/english/undergraduate-english-requirements/, read 2026-10-05 via page-excerpts run 37257718253, sha256 6da5f6c99ecff693); quote: ""IELTS Academic or IELTS UKVI Academic … Requirement for Medicine (MBChB): ⏎ Listening - 5.5 or above ⏎ Reading - 5.5 or above ⏎ Speaking - 7.0 or above ⏎ Writing - 6.0 or above ⏎ Overall - 7.0 … Please note certification must be within the two years prior to commencement of your course, unless otherwise stated. [the WAEC/NECO English waiver in our earlier record is not stated for MBChB here; removed]""",2026-10-05
university:aberdeen:international_accepted,,,,,,,,,,,,verified,,,"AI-assisted review of the official page (https://www.abdn.ac.uk/study/undergraduate/degree-programmes/796/A100/medicine-5-years/, read 2026-10-05 via page-excerpts run 37257334724, sha256 adcf4d8104ce14d8); quote: ""International Applicants ⏎ See our international entry requirements page … EU / International students ⏎ Tuition Fees for 2026/27 Academic Year ⏎ £50,100""",2026-10-05
course:aberdeen/medicine:application_route,,,,,,,,,,,,verified,UCAS (UCAS code A100),,"AI-assisted review of the official page (https://www.abdn.ac.uk/study/undergraduate/degree-programmes/796/A100/medicine-5-years/, read 2026-10-05 via page-excerpts run 37257334724, sha256 adcf4d8104ce14d8); quote: ""UCAS Code ⏎ A100 [and the School of Medicine international requirements page: ""Applications will not be considered unless all areas of the UCAS form have been completed""]""",2026-10-05
university:brighton-sussex:international_accepted,4,Medical school eligibility,S029,1,Brighton and Sussex Medical School,international_accepted,,yes,https://www.bsms.ac.uk/undergraduate/applying-to-bsms/entry-requirements.aspx,VERIFY-ON-PAGE,,verified,,https://www.brighton.ac.uk/courses/study/medicine-bm-bs.aspx,"Medicine-specific statement on the BM BS course page. AI-assisted review of the official page (https://www.brighton.ac.uk/courses/study/medicine-bm-bs.aspx, read 2026-10-05 via page-excerpts run 37349210077, sha256 70cf85b0b61f0120); quote: ""BSMS has 10 places per year for international students from outside the European Union. Applicants should possess academic qualifications equivalent to those required from UK and EU applicants. We will be able to interview overseas applicants by video link.""",2026-10-05
university:brighton-sussex:international_places,4,Medical school eligibility,S028,4,Brighton and Sussex Medical School,international_places,,10,https://www.bsms.ac.uk/undergraduate/applying-to-bsms/admissions-process.aspx,VERIFY-ON-PAGE,,verified,,https://www.brighton.ac.uk/courses/study/medicine-bm-bs.aspx,"Page states 10 places per year for international students from outside the European Union. AI-assisted review of the official page (https://www.brighton.ac.uk/courses/study/medicine-bm-bs.aspx, read 2026-10-05 via page-excerpts run 37349210077, sha256 70cf85b0b61f0120); quote: ""BSMS has 10 places per year for international students from outside the European Union. Applicants should possess academic qualifications equivalent to those required from UK and EU applicants. We will be able to interview overseas applicants by video link.""",2026-10-05
course:brighton-sussex/a100:ucas_code,10,Course availability,S137,2,Brighton and Sussex Medical School · BM BS Medicine,ucas_code,,A100,https://www.brighton.ac.uk/courses/study/medicine-bm-bs.aspx,VERIFY-ON-PAGE,,verified,,https://www.brighton.ac.uk/courses/study/medicine-bm-bs.aspx,"AI-assisted review of the official page (https://www.brighton.ac.uk/courses/study/medicine-bm-bs.aspx, read 2026-10-05 via page-excerpts run 37349210077, sha256 70cf85b0b61f0120); quote: ""Key facts ⏎ Location Falmer and the University of Sussex ⏎ UCAS code A100 ⏎ Full-time 5 years""",2026-10-05
course:brighton-sussex/a100:course_length_years,10,Course availability,S137,2,Brighton and Sussex Medical School · BM BS Medicine,course_length_years,,5,https://www.brighton.ac.uk/courses/study/medicine-bm-bs.aspx,VERIFY-ON-PAGE,,verified,,https://www.brighton.ac.uk/courses/study/medicine-bm-bs.aspx,"AI-assisted review of the official page (https://www.brighton.ac.uk/courses/study/medicine-bm-bs.aspx, read 2026-10-05 via page-excerpts run 37349210077, sha256 70cf85b0b61f0120); quote: ""Key facts ⏎ Location Falmer and the University of Sussex ⏎ UCAS code A100 ⏎ Full-time 5 years""",2026-10-05
course:brighton-sussex/a100:application_route,9,Application routes,S028,4,Brighton and Sussex Medical School · BM BS Medicine,application_route,,UCAS,https://www.bsms.ac.uk/undergraduate/applying-to-bsms/admissions-process.aspx,VERIFY-ON-PAGE,,verified,UCAS (UCAS code A100),https://www.brighton.ac.uk/courses/study/medicine-bm-bs.aspx,"AI-assisted review of the official page (https://www.brighton.ac.uk/courses/study/medicine-bm-bs.aspx, read 2026-10-05 via page-excerpts run 37349210077, sha256 70cf85b0b61f0120); quote: ""UCAS code A100 ... APPLY NOW WITH UCAS FOR 2026 ... All applicants will be invited (via email) to upload any evidence of the above criteria after we receive your UCAS application.""",2026-10-05
course:brighton-sussex/a100:admissions_test,9,Application routes,S028,4,Brighton and Sussex Medical School · BM BS Medicine,admissions_test,,UCAT (SJT band 1-3 required; ranked on total score),https://www.bsms.ac.uk/undergraduate/applying-to-bsms/admissions-process.aspx,VERIFY-ON-PAGE,,verified,"UCAT; applicants with an SJT band of 1, 2 or 3 are ranked by UCAT score for interview",https://www.bsms.ac.uk/undergraduate/applying-to-bsms/entry-requirements.aspx,"AI-assisted review of the official page (https://www.bsms.ac.uk/undergraduate/applying-to-bsms/entry-requirements.aspx, read 2026-10-05 via page-excerpts run 37349210077, sha256 6f1cf217206623bb); quote: ""International applicants are required to sit the University Clinical Aptitude Test (UCAT). ... To select for interview, applicants scoring a SJT band 1, 2 or 3 are ranked according to their UCAT score with top ranking candidates invited to interview.""",2026-10-05
course:brighton-sussex/a100:international_fee_gbp:2026/27,6,International fees and costs,S064,17,Brighton and Sussex Medical School · BM BS Medicine,international_fee_gbp,2026/27,49000,https://www.theukcatpeople.co.uk/post/uk-medical-school-tuition-fees-for-international-students-to-study-medicine,VERIFY-ON-PAGE,From schools dataset; fee year assumed 2026/27 — confirm.,verified,51500,https://www.bsms.ac.uk/undergraduate/fees-and-funding/index.aspx,"The official BSMS fees page shows £51,500 per year for international students starting the BM BS in September 2026 (2026/27); this replaces the stored figure of 49000, which came from a third-party site. AI-assisted review of the official page (https://www.bsms.ac.uk/undergraduate/fees-and-funding/index.aspx, read 2026-10-05 via page-excerpts run 37349210077, sha256 ed6108c126ae6192); quote: ""Fees below are for applicants starting their Bachelor of Medicine, Bachelor of Surgery (BM BS) in September 2026. ... International students ⏎ Fees for international students are £51,500 per year, representing a 5% increase for new and continuing students starting in 2026/27.""",2026-10-05
course:cardiff/a100:ucas_code,10,Course availability,S060,2,Cardiff University · Medicine MBBCh,ucas_code,,A100,https://www.theukcatpeople.co.uk/guide/medical-school/medicine/university-of-cardiff,VERIFY-ON-PAGE,,verified,,https://www.cardiff.ac.uk/study/undergraduate/courses/course/medicine-mbbch,"AI-assisted review of the official page (https://www.cardiff.ac.uk/study/undergraduate/courses/course/medicine-mbbch, read 2026-10-05 via page-excerpts run 37349210077, sha256 106d87ec73667cbf); quote: ""Medicine (MBBCh) ⏎ Subject area: Medicine ⏎ UCAS code: A100 ⏎ Next intake: September 2027 ⏎ Duration: 5 years""",2026-10-05
course:cardiff/a100:admissions_test,9,Application routes,S134,25,Cardiff University · Medicine MBBCh,admissions_test,,UCAT,https://www.ucat.ac.uk/about-ucat/universities/,VERIFY-ON-PAGE,,verified,"UCAT, taken in the year of application (no minimum threshold score; scores may be used in selection)",https://www.cardiff.ac.uk/study/undergraduate/courses/course/medicine-mbbch,"AI-assisted review of the official page (https://www.cardiff.ac.uk/study/undergraduate/courses/course/medicine-mbbch, read 2026-10-05 via page-excerpts run 37349210077, sha256 106d87ec73667cbf); quote: ""Admissions Test ⏎ You must take the UCAT test in the year of application. We don't have a minimum threshold score; however, we may use UCAT scores as part of our selection process.""",2026-10-05
university:cardiff:english_requirement:2027 entry,5,Nigerian qualifications and entry,S030,7,Cardiff University,english_requirement,2027 entry,"WAEC or IGCSE English can be considered at the appropriate grade in lieu of IELTS (UG, general).",https://www.cardiff.ac.uk/study/international/your-country/africa/nigeria/entry-requirements,VERIFY-ON-PAGE,,verified,"Medicine (MBBCh): IELTS Academic at least 7.0 overall, with a minimum of 7.0 in speaking and 6.5 in all other subskills; or GCSE English Language at grade B or 6",https://www.cardiff.ac.uk/study/undergraduate/courses/course/medicine-mbbch,"Medicine-specific statement. The MBBCh course page (next intake September 2027) now shows a Medicine-specific requirement, which differs from the previously verified general undergraduate statement on the Nigeria page (WAEC or IGCSE English considered in lieu of IELTS). AI-assisted review of the official page (https://www.cardiff.ac.uk/study/undergraduate/courses/course/medicine-mbbch, read 2026-10-05 via page-excerpts run 37349210077, sha256 106d87ec73667cbf); quote: ""UCAS code: A100 ⏎ Next intake: September 2027 ... English language requirements ⏎ GCSE ⏎ Grade B or grade 6 in GCSE English Language. ⏎ IELTS (academic) ⏎ At least 7.0 overall with a minimum of 7.0 in speaking and a minimum of 6.5 in all other subskills.""",2026-10-05
university:cardiff:a_level_requirement:2027 entry,5,Nigerian qualifications and entry,S030,7,Cardiff University,a_level_requirement,2027 entry,A*AA incl. Chemistry and Biology (verify).,https://www.cardiff.ac.uk/study/international/your-country/africa/nigeria/entry-requirements,VERIFY-ON-PAGE,,verified,"A level AAA, including Biology or Chemistry plus a second science subject (Biology, Chemistry, Mathematics, Physics or Psychology); IB 36 overall (excluding Theory of Knowledge and the Extended Essay) including 18 at HL, with grade 6 in HL Biology or HL Chemistry plus a second HL science subject",https://www.cardiff.ac.uk/study/undergraduate/courses/course/medicine-mbbch,"Medicine-specific statement. The course page shows AAA, not the stored A*AA. AI-assisted review of the official page (https://www.cardiff.ac.uk/study/undergraduate/courses/course/medicine-mbbch, read 2026-10-05 via page-excerpts run 37349210077, sha256 106d87ec73667cbf); quote: ""Next intake: September 2027 ... A level ⏎ AAA. Must include Biology or Chemistry plus a second science subject (Biology, Chemistry, Mathematics, Physics, or Psychology). ... International Baccalaureate ⏎ 36 overall (excluding Theory of Knowledge and the Extended Essay) including 18 at HL. Must include grade 6 in HL Biology or HL Chemistry plus a second HL science subject (Biology, Chemistry, Mathematics, Physics, or Psychology).""",2026-10-05
university:hull-york:international_accepted,4,Medical school eligibility,S039,2,Hull York Medical School,international_accepted,,yes,https://www.hyms.ac.uk/medicine/international-students,VERIFY-ON-PAGE,,verified,,https://www.hyms.ac.uk/medicine/international-students,"Medicine-specific statement. AI-assisted review of the official page (https://www.hyms.ac.uk/medicine/international-students, read 2026-10-05 via page-excerpts run 37349210077, sha256 cd853781d8d59b2f); quote: ""International students who want to study medicine in the UK are warmly welcomed at Hull York Medical School. ... The application process for International (including EU) students is the same as for UK (Home) students.""",2026-10-05
course:lancashire/medicine:course_length_years,10,Course availability,S064,17,University of Lancashire · Medicine & Surgery MBBS,course_length_years,,5,https://www.theukcatpeople.co.uk/post/uk-medical-school-tuition-fees-for-international-students-to-study-medicine,VERIFY-ON-PAGE,,verified,,https://www.lancashire.ac.uk/undergraduate/courses/medicine-mbbs,"AI-assisted review of the official page (https://www.lancashire.ac.uk/undergraduate/courses/medicine-mbbs, read 2026-10-05 via page-excerpts run 37349210077, sha256 f27f5d45d68f6ad3); quote: ""Medicine & Surgery ⏎ MBBS ⏎ ATTENDANCE ⏎ Full-time ⏎ CAMPUS ⏎ Preston Campus ⏎ START ⏎ September 2026 ⏎ September 2027 ⏎ DURATION ⏎ 5 years""",2026-10-05
course:lancashire/medicine:admissions_test,9,Application routes,S128,1,University of Lancashire · Medicine & Surgery MBBS,admissions_test,,UCAT expected for UK applicants; NOT required for international applicants,https://www.theukcatpeople.co.uk/guide/medical-school/medicine/university-of-uclan-,VERIFY-ON-PAGE,,verified,"UCAT: all UK applicants are required to sit the UCAT, and the score is used in selection before interview",https://www.lancashire.ac.uk/undergraduate/courses/medicine-mbbs,"The page states the UCAT requirement for UK applicants only; its international entry requirements section does not mention UCAT. The stored claim that UCAT is not required for international applicants is not stated on this page and has been removed from the value. AI-assisted review of the official page (https://www.lancashire.ac.uk/undergraduate/courses/medicine-mbbs, read 2026-10-05 via page-excerpts run 37349210077, sha256 f27f5d45d68f6ad3); quote: ""UCAT Requirement: All UK applicants are required to sit the University Clinical Aptitude Test (UCAT). Your UCAT score will be used as part of the selection process prior to interview.""",2026-10-05
university:liverpool:international_accepted,4,Medical school eligibility,S048,5,University of Liverpool,international_accepted,,yes,"https://www.liverpool.ac.uk/media/livacuk/schoolofmedicine/admissions/A100,Departmental,Supplement,E2027.pdf",VERIFY-ON-PAGE,,verified,,https://www.liverpool.ac.uk/courses/medicine-and-surgery-mbchb,"International fee published on the Medicine and Surgery MBChB course page. AI-assisted review of the official page (https://www.liverpool.ac.uk/courses/medicine-and-surgery-mbchb, read 2026-10-05 via page-excerpts run 37349210077, sha256 eee6690f727bac97); quote: ""International fees ⏎ Full-time place, per year - £50,000 ... The international fees shown are for the academic year 2026/27 and will be subject for change for the academic year 2027/28.""",2026-10-05
university:liverpool:english_requirement:2027 entry,5,Nigerian qualifications and entry,S047,7,University of Liverpool,english_requirement,2027 entry,"IELTS 7.0 overall, min 7.0 each component.",https://www.liverpool.ac.uk/international/countries/nigeria.php,VERIFY-ON-PAGE,,verified,"Medicine and Surgery MBChB: IELTS 7.0 overall, with no component below 7.0 (country-specific qualifications are also accepted)",https://www.liverpool.ac.uk/courses/medicine-and-surgery-mbchb,"Medicine-specific statement. AI-assisted review of the official page (https://www.liverpool.ac.uk/courses/medicine-and-surgery-mbchb, read 2026-10-05 via page-excerpts run 37349210077, sha256 eee6690f727bac97); quote: ""English language requirements ⏎ You'll need to demonstrate competence in the use of English language, unless you’re from a majority English speaking country. ⏎ We accept a variety of international language tests and country-specific qualifications. ⏎ Qualification Details ⏎ IELTS 7.0 overall, with no component below 7.0""",2026-10-05
course:nottingham/medicine:application_route,9,Application routes,S125,2,University of Nottingham · Medicine BMBS (Hons),application_route,,UCAS,https://www.nottingham.ac.uk/studywithus/ugstudy/courses/UG/Medicine-BMBS.html,VERIFY-ON-PAGE,,verified,"UCAS (Medicine BMBS, A100); applications for 2027 entry through UCAS by 15 October 2026",https://www.nottingham.ac.uk/medicine/study-with-us/undergraduate/undergraduate-medicine/applying-to-medicine.aspx,"AI-assisted review of the official page (https://www.nottingham.ac.uk/medicine/study-with-us/undergraduate/undergraduate-medicine/applying-to-medicine.aspx, read 2026-10-05 via page-excerpts run 37349210077, sha256 f42d2ddd73b44dfa); quote: ""UCAS 2027 ⏎ You'll need to complete your application through UCAS by 15 October 2026. ... Over the past few years, the Medicine BMBS (A100) course has:""",2026-10-05
course:nottingham/medicine:admissions_test,9,Application routes,S134,25,University of Nottingham · Medicine BMBS (Hons),admissions_test,,UCAT,https://www.ucat.ac.uk/about-ucat/universities/,VERIFY-ON-PAGE,,verified,"UCAT, taken in the year of application; applicants with an SJT band between 1 and 3 are progressed",https://www.nottingham.ac.uk/medicine/study-with-us/undergraduate/undergraduate-medicine/applying-to-medicine.aspx,"AI-assisted review of the official page (https://www.nottingham.ac.uk/medicine/study-with-us/undergraduate/undergraduate-medicine/applying-to-medicine.aspx, read 2026-10-05 via page-excerpts run 37349210077, sha256 f42d2ddd73b44dfa); quote: ""It's expected that you'll take the UCAT in the year that you're applying. ... UCAT scoring - we will also check that you have sat a UCAT test in the year that you're applying and progress those that have achieved an SJT between 1 and 3.""",2026-10-05
university:nottingham:international_places_open:2027 entry,4,Medical school eligibility,S054,7,University of Nottingham,international_places_open,2027 entry,Yes — verify.,https://www.nottingham.ac.uk/studywithus/international-applicants/country-info/countryinformation/nigeria.aspx,VERIFY-ON-PAGE,,verified,Yes,https://www.nottingham.ac.uk/medicine/study-with-us/undergraduate/undergraduate-medicine/applying-to-medicine.aspx,"Medicine-specific statement (Applying to Medicine page for the 2027 UCAS cycle). The 'about 20 places for international students' figure is given for past years. AI-assisted review of the official page (https://www.nottingham.ac.uk/medicine/study-with-us/undergraduate/undergraduate-medicine/applying-to-medicine.aspx, read 2026-10-05 via page-excerpts run 37349210077, sha256 f42d2ddd73b44dfa); quote: ""UCAS 2027 ⏎ You'll need to complete your application through UCAS by 15 October 2026. ... For International fee status applicants interviews are likely to be held online using Microsoft Teams. ... about 20 places for international students""",2026-10-05
university:queens-belfast:english_requirement:2027 entry,5,Nigerian qualifications and entry,S057,7,Queen's University Belfast,english_requirement,2027 entry,WAEC/NECO accepted for English (general); IELTS score not captured.,https://www.qub.ac.uk/Study/international-students/your-country/nigeria,NOT_FOUND,,verified,"Medicine (MB): IELTS 7.5 overall, with a minimum of 7.0 in Speaking and Listening and 6.5 in Reading and Writing, or an equivalent acceptable qualification",https://www.qub.ac.uk/courses/undergraduate/medicine-mb-a100/,"Medicine-specific statement. AI-assisted review of the official page (https://www.qub.ac.uk/courses/undergraduate/medicine-mb-a100/, read 2026-10-05 via page-excerpts run 37349210077, sha256 beba8994f30a5bc8); quote: ""UNDERGRADUATE 2027/28 ⏎ MB | Undergraduate ⏎ MEDICINE ... English Language Requirements ⏎ An IELTS score of 7.5 overall, with a minimum of 7.0 in Speaking and Listening and 6.5 in Reading and Writing, or an equivalent acceptable qualification""",2026-10-05
university:queens-belfast:international_places_open:2027 entry,4,Medical school eligibility,S057,7,Queen's University Belfast,international_places_open,2027 entry,Yes.,https://www.qub.ac.uk/Study/international-students/your-country/nigeria,VERIFY-ON-PAGE,,verified,Yes,https://www.qub.ac.uk/courses/undergraduate/medicine-mb-a100/,"Medicine-specific statement (Medicine MB course page, 2027/28 entry). AI-assisted review of the official page (https://www.qub.ac.uk/courses/undergraduate/medicine-mb-a100/, read 2026-10-05 via page-excerpts run 37349210077, sha256 beba8994f30a5bc8); quote: ""This is the Admissions Policy Statement for Medicine for 2027 entry. ... Interviews will take place between December and March in Belfast for home fee paying applicants. International fee paying applicants will be interviewed online. ... International £39,990**""",2026-10-05
university:queens-belfast:a_level_requirement:2027 entry,5,Nigerian qualifications and entry,S057,7,Queen's University Belfast,a_level_requirement,2027 entry,A*AA or AAA + A at AS; same for international; international fee-payers interviewed online.,https://www.qub.ac.uk/Study/international-students/your-country/nigeria,VERIFY-ON-PAGE,,verified,"A*AA, or AAA at A-level plus A in a fourth AS-level subject; the AAA route includes A-level Chemistry plus at least one other A-level from Biology/Human Biology, Mathematics or Physics",https://www.qub.ac.uk/courses/undergraduate/medicine-mb-a100/,"Medicine-specific statement. The stored note that international applicants have the same requirement is not stated in the quote and has been removed. AI-assisted review of the official page (https://www.qub.ac.uk/courses/undergraduate/medicine-mb-a100/, read 2026-10-05 via page-excerpts run 37349210077, sha256 beba8994f30a5bc8); quote: ""Entry year ⏎ Academic Year 2027/28 ⏎ Entry requirements ⏎ A*AA or AAA + A in a fourth AS-level ... A-level ⏎ AAA at A-level + A in a fourth AS-level subject including A-level Chemistry plus at least one other A-level from Biology/Human Biology, Mathematics or Physics.""",2026-10-05
university:bristol:international_accepted,4,Medical school eligibility,S025,3,University of Bristol,international_accepted,,yes,https://www.bristol.ac.uk/study/media/undergraduate/admissions-statements/2027/medicine.pdf,VERIFY-ON-PAGE,,verified,,https://www.bristol.ac.uk/study/undergraduate/2027/medicine/mb-chb-medicine/,"Medicine course page (2027 entry) lists an international fee for MB ChB Medicine and states that the University welcomes applications from international students. AI-assisted review of the official page (https://www.bristol.ac.uk/study/undergraduate/2027/medicine/mb-chb-medicine/, read 2026-10-05 via page-excerpts run 37349210077, sha256 ac7fe30bf6e03724); quote: ""International students, £47,600 for the first year. ... The University of Bristol welcomes applications from international students, and we accept a wide range of qualifications for undergraduate and postgraduate study.""",2026-10-05
course:bristol/a100:ucas_code,10,Course availability,S025,3,University of Bristol · MB ChB Medicine,ucas_code,,A100,https://www.bristol.ac.uk/study/media/undergraduate/admissions-statements/2027/medicine.pdf,VERIFY-ON-PAGE,,verified,,https://www.bristol.ac.uk/study/undergraduate/2027/medicine/mb-chb-medicine/,"AI-assisted review of the official page (https://www.bristol.ac.uk/study/undergraduate/2027/medicine/mb-chb-medicine/, read 2026-10-05 via page-excerpts run 37349210077, sha256 ac7fe30bf6e03724); quote: ""Application method ⏎ UCAS (Code: A100)""",2026-10-05
course:bristol/a100:application_route,9,Application routes,S117,1,University of Bristol · MB ChB Medicine,application_route,,UCAS,https://www.bristol.ac.uk/study/undergraduate/2027/medicine/mb-chb-medicine/,VERIFY-ON-PAGE,,verified,UCAS (course code A100); closing date for Medicine applications 15 October,https://www.bristol.ac.uk/study/undergraduate/2027/medicine/mb-chb-medicine/,"AI-assisted review of the official page (https://www.bristol.ac.uk/study/undergraduate/2027/medicine/mb-chb-medicine/, read 2026-10-05 via page-excerpts run 37349210077, sha256 ac7fe30bf6e03724); quote: ""Application method ⏎ UCAS (Code: A100) ... The closing date for Medicine UCAS applications is 15 October.""",2026-10-05
course:bristol/a100:admissions_test,9,Application routes,S134,25,University of Bristol · MB ChB Medicine,admissions_test,,UCAT,https://www.ucat.ac.uk/about-ucat/universities/,VERIFY-ON-PAGE,,verified,UCAT,https://www.bristol.ac.uk/study/undergraduate/2027/medicine/mb-chb-medicine/,"AI-assisted review of the official page (https://www.bristol.ac.uk/study/undergraduate/2027/medicine/mb-chb-medicine/, read 2026-10-05 via page-excerpts run 37349210077, sha256 ac7fe30bf6e03724); quote: ""UCAT ⏎ The University Clinical Aptitude Test (formerly UKCAT) is required.""",2026-10-05
university:exeter:international_accepted,4,Medical school eligibility,S036,5,University of Exeter,international_accepted,,yes,https://www.exeter.ac.uk/v8media/recruitmentsites/documents/BMBS_Admissions_Policy_2026_(V4).pdf,VERIFY-ON-PAGE,,verified,,https://www.exeter.ac.uk/undergraduate-degrees/bmbs-medicine/,"Medicine course page lists an international fee for BMBS Medicine (2027 entry). AI-assisted review of the official page (https://www.exeter.ac.uk/undergraduate-degrees/bmbs-medicine/, read 2026-10-05 via page-excerpts run 37349210077, sha256 7c2493aa49c683bc); quote: ""Tuition fees for 2027 entry ⏎ UK students: £10,050 per year ⏎ International students: £49,300 per year ... International students need to show they have the required level of English language to study this course.""",2026-10-05
university:exeter:international_places_open:2027 entry,4,Medical school eligibility,S035,5,University of Exeter,international_places_open,2027 entry,Yes.,https://www.exeter.ac.uk/undergraduate-degrees/bmbs-medicine/faqs/,NOT_FOUND,,verified,Yes,https://www.exeter.ac.uk/undergraduate-degrees/bmbs-medicine/,"BMBS Medicine course page publishes an international fee for 2027 entry; the number of international places is not stated in the excerpt. AI-assisted review of the official page (https://www.exeter.ac.uk/undergraduate-degrees/bmbs-medicine/, read 2026-10-05 via page-excerpts run 37349210077, sha256 7c2493aa49c683bc); quote: ""Tuition fees for 2027 entry ⏎ UK students: £10,050 per year ⏎ International students: £49,300 per year""",2026-10-05
university:exeter:english_requirement:2027 entry,5,Nigerian qualifications and entry,S035,5,University of Exeter,english_requirement,2027 entry,"IELTS 7.0, no component below 6.5.",https://www.exeter.ac.uk/undergraduate-degrees/bmbs-medicine/faqs/,NOT_FOUND,,verified,English language Profile G of the University of Exeter English language requirements (test scores and equivalencies are listed on the University's English language requirements page),https://www.exeter.ac.uk/undergraduate-degrees/bmbs-medicine/,"Medicine-specific statement. The excerpt names Profile G but gives no IELTS score; the previously stored 'IELTS 7.0, no component below 6.5' is not confirmed by this page. AI-assisted review of the official page (https://www.exeter.ac.uk/undergraduate-degrees/bmbs-medicine/, read 2026-10-05 via page-excerpts run 37349210077, sha256 7c2493aa49c683bc); quote: ""International students need to show they have the required level of English language to study this course. The required test scores for this course fall under Profile G. Please visit our English language requirements page to view the required test scores and equivalencies from your country.""",2026-10-05
course:exeter/a100:ucas_code,10,Course availability,S145,1,University of Exeter · BMBS Medicine,ucas_code,,A100,https://www.medschools.ac.uk/courses/university-of-exeter-bmbs-medicine-a100/,VERIFY-ON-PAGE,,verified,,https://www.exeter.ac.uk/undergraduate-degrees/bmbs-medicine/,"AI-assisted review of the official page (https://www.exeter.ac.uk/undergraduate-degrees/bmbs-medicine/, read 2026-10-05 via page-excerpts run 37349210077, sha256 7c2493aa49c683bc); quote: ""UCAS code A100 ⏎ Duration 5 years ⏎ Entry year 2027""",2026-10-05
course:exeter/a100:application_route,9,Application routes,S119,1,University of Exeter · BMBS Medicine,application_route,,UCAS,https://www.exeter.ac.uk/undergraduate-degrees/bmbs-medicine/,VERIFY-ON-PAGE,,verified,UCAS; application deadline 15 October,https://www.exeter.ac.uk/undergraduate-degrees/bmbs-medicine/,"AI-assisted review of the official page (https://www.exeter.ac.uk/undergraduate-degrees/bmbs-medicine/, read 2026-10-05 via page-excerpts run 37349210077, sha256 7c2493aa49c683bc); quote: ""All applications for full-time study must be made through UCAS. The deadline for applications to UCAS is 15 October.""",2026-10-05
course:exeter/a100:admissions_test,9,Application routes,S036,5,University of Exeter · BMBS Medicine,admissions_test,,UCAT (approx 75% academic / 25% UCAT weighting for interview selection),https://www.exeter.ac.uk/v8media/recruitmentsites/documents/BMBS_Admissions_Policy_2026_(V4).pdf,VERIFY-ON-PAGE,,verified,UCAT for applicants with predicted or achieved A levels; GAMSAT for applicants with an existing degree or more than two full academic years since completing A levels or equivalent qualifications,https://www.exeter.ac.uk/undergraduate-degrees/bmbs-medicine/,"The stored 75%/25% weighting is not stated on this page and is dropped. AI-assisted review of the official page (https://www.exeter.ac.uk/undergraduate-degrees/bmbs-medicine/, read 2026-10-05 via page-excerpts run 37349210077, sha256 7c2493aa49c683bc); quote: ""All applicants are required to have taken either the UCAT Test or the GAMSAT Test. ... UCAT - Candidates applying with predicted or achieved A levels will also be required to sit the University Clinical Aptitude Test (UCAT). ... GAMSAT - Candidates applying with an existing degree, or if it will be more than two full academic years (September to August) since you completed your A levels or equivalent qualifications when you enter the BMBS programme, will be required to sit the ... Graduate Medical School Admissions Test (GAMSAT). Applications will be sorted according to the GAMSAT overall score.""",2026-10-05
course:exeter/a100:interview_format,9,Application routes,S036,5,University of Exeter · BMBS Medicine,interview_format,,"MMI, Dec-Mar",https://www.exeter.ac.uk/v8media/recruitmentsites/documents/BMBS_Admissions_Policy_2026_(V4).pdf,VERIFY-ON-PAGE,,verified,"Multiple Mini Interview (MMI), in person or online; shortlisted applicants are invited between December and March",https://www.exeter.ac.uk/undergraduate-degrees/bmbs-medicine/,"AI-assisted review of the official page (https://www.exeter.ac.uk/undergraduate-degrees/bmbs-medicine/, read 2026-10-05 via page-excerpts run 37349210077, sha256 7c2493aa49c683bc); quote: ""Shortlisted applicants will be invited for interview between December and March. ... The interview style will be Multiple Mini Interview (MMI). The interview may take place either in person or online.""",2026-10-05
university:imperial:international_accepted,4,Medical school eligibility,S040,5,Imperial College London,international_accepted,,yes,https://www.imperial.ac.uk/media/imperial-college/medicine/study/undergraduate/A100-FOI-FAQs-2026--v2.pdf,VERIFY-ON-PAGE,,verified,,https://www.imperial.ac.uk/study/courses/undergraduate/medicine/,"Medicine MBBS/BSc course page lists an Overseas fee and Overseas places for this course. AI-assisted review of the official page (https://www.imperial.ac.uk/study/courses/undergraduate/medicine/, read 2026-10-05 via page-excerpts run 37349210077, sha256 3cd39b92e2595b77); quote: ""We consider all applicants on an individual basis, welcoming students from all over the world. ... Overseas fee ⏎ Overseas fee ⏎ 2027 entry ⏎ £61,550 ⏎ per year ... For 2026 entry, the number of Home places is 271 and Overseas places was 74.""",2026-10-05
university:imperial:international_places,4,Medical school eligibility,S040,5,Imperial College London,international_places,,74,https://www.imperial.ac.uk/media/imperial-college/medicine/study/undergraduate/A100-FOI-FAQs-2026--v2.pdf,VERIFY-ON-PAGE,,verified,74 overseas places for 2026 entry (271 Home places),https://www.imperial.ac.uk/study/courses/undergraduate/medicine/,"Figure is for 2026 entry (the page's own wording); not a 2027 figure. AI-assisted review of the official page (https://www.imperial.ac.uk/study/courses/undergraduate/medicine/, read 2026-10-05 via page-excerpts run 37349210077, sha256 3cd39b92e2595b77); quote: ""For 2026 entry, the number of Home places is 271 and Overseas places was 74.""",2026-10-05
university:imperial:international_places_open:2027 entry,4,Medical school eligibility,S041,6,Imperial College London,international_places_open,2027 entry,Yes.,https://www.imperial.ac.uk/study/courses/undergraduate/medicine/,NOT_FOUND,,verified,Yes,https://www.imperial.ac.uk/study/courses/undergraduate/medicine/,"Course page publishes an Overseas fee for 2027 entry to Medicine MBBS/BSc. AI-assisted review of the official page (https://www.imperial.ac.uk/study/courses/undergraduate/medicine/, read 2026-10-05 via page-excerpts run 37349210077, sha256 3cd39b92e2595b77); quote: ""Overseas fee ⏎ Overseas fee ⏎ 2027 entry ⏎ £61,550 ⏎ per year""",2026-10-05
course:imperial/a100:ucas_code,10,Course availability,S040,5,Imperial College London · Medicine MBBS/BSc,ucas_code,,A100,https://www.imperial.ac.uk/media/imperial-college/medicine/study/undergraduate/A100-FOI-FAQs-2026--v2.pdf,VERIFY-ON-PAGE,,verified,,https://www.imperial.ac.uk/study/courses/undergraduate/medicine/,"AI-assisted review of the official page (https://www.imperial.ac.uk/study/courses/undergraduate/medicine/, read 2026-10-05 via page-excerpts run 37349210077, sha256 3cd39b92e2595b77); quote: ""Start date ⏎ October 2027 ⏎ UCAS course code ⏎ A100""",2026-10-05
course:imperial/a100:application_route,9,Application routes,S041,6,Imperial College London · Medicine MBBS/BSc,application_route,,UCAS,https://www.imperial.ac.uk/study/courses/undergraduate/medicine/,VERIFY-ON-PAGE,,verified,"UCAS (course code A100, institution code I50); 2027-entry deadline Thursday 15 October 2026 at 18.00 UK time",https://www.imperial.ac.uk/study/courses/undergraduate/medicine/,"AI-assisted review of the official page (https://www.imperial.ac.uk/study/courses/undergraduate/medicine/, read 2026-10-05 via page-excerpts run 37349210077, sha256 3cd39b92e2595b77); quote: ""Apply via UCAS ⏎ You can submit your application via UCAS Hub. ... Submit your application via UCAS | A100 ⏎ UCAS institution code: I50 ⏎ Application deadlines – Thursday 15 October 2026 at 18.00 (UK time)""",2026-10-05
course:imperial/a100:admissions_test,9,Application routes,S040,5,Imperial College London · Medicine MBBS/BSc,admissions_test,,"UCAT (same year as application); overseas threshold total 2310, SJT Band 4 discounted (2026 cycle)",https://www.imperial.ac.uk/media/imperial-college/medicine/study/undergraduate/A100-FOI-FAQs-2026--v2.pdf,VERIFY-ON-PAGE,,verified,"UCAT; scores help decide shortlisting for interview but are not the sole factor, and thresholds vary from year to year",https://www.imperial.ac.uk/study/courses/undergraduate/medicine/,"The overseas threshold of 2310 in the stored value is not in the excerpt and is dropped. AI-assisted review of the official page (https://www.imperial.ac.uk/study/courses/undergraduate/medicine/, read 2026-10-05 via page-excerpts run 37349210077, sha256 3cd39b92e2595b77); quote: ""Admissions test – the UCAT ... UCAT scores are used to help decide shortlisting for interview but are not the sole factor. Threshold scores will vary year to year depending on the distribution of scores in each cohort of applicants and the ratio of applicants to places.""",2026-10-05
course:imperial/a100:interview_format,9,Application routes,S040,5,Imperial College London · Medicine MBBS/BSc,interview_format,,"MMI: asynchronous recorded component then live MMI of 7 stations (~5 min), Jan-Feb",https://www.imperial.ac.uk/media/imperial-college/medicine/study/undergraduate/A100-FOI-FAQs-2026--v2.pdf,VERIFY-ON-PAGE,,verified,Multiple Mini Interviews (MMIs); invitations sent on a rolling basis from December,https://www.imperial.ac.uk/study/courses/undergraduate/medicine/,"Asynchronous recorded component, station count and Jan-Feb dates in the stored value are not in the excerpt and are dropped. AI-assisted review of the official page (https://www.imperial.ac.uk/study/courses/undergraduate/medicine/, read 2026-10-05 via page-excerpts run 37349210077, sha256 3cd39b92e2595b77); quote: ""Following receipt of UCAT scores in November, we then begin inviting candidates to attend our Multiple Mini Interviews (MMIs). ⏎ Each year, we normally interview the top 1/3 of applicants and will send invitations on a rolling basis from December.""",2026-10-05
university:manchester:a_level_requirement:2027 entry,5,Nigerian qualifications and entry,S049,7,University of Manchester,a_level_requirement,2027 entry,"AAA incl. Chemistry + one of Biology/Physics/Maths; IB 36 (6,6,6 HL).",https://www.manchester.ac.uk/study/international/country-specific-information/nigeria/entry-requirements/,VERIFY-ON-PAGE,,verified,Typical A-level offer AAA (including specific subjects); typical contextual A-level offer AAB including specific subjects,https://www.manchester.ac.uk/study/undergraduate/courses/2027/01428/mbchb-medicine/,"Medicine-specific statement. Named subjects and the IB score in the stored value are not in the excerpt and are dropped. AI-assisted review of the official page (https://www.manchester.ac.uk/study/undergraduate/courses/2027/01428/mbchb-medicine/, read 2026-10-05 via page-excerpts run 37349210077, sha256 a925d800b6d67340); quote: ""Year of entry: 2027 ⏎ UCAS course code: A106 / Institution code: M20 ⏎ KEY FEATURES: ⏎ Accredited course ⏎ Typical A-level offer: AAA (including specific subjects) ⏎ Typical contextual A-level offer: AAB including specific subjects""",2026-10-05
course:aston/a100:ucas_code,10,Course availability,S121,2,Aston University · MBChB Medicine,ucas_code,,A100,https://www.medschools.ac.uk/courses/aston-university-mbchb-medicine-a100/,VERIFY-ON-PAGE,,verified,A100,https://www.aston.ac.uk/study/courses/medicine-mbchb,"AI-assisted review of the official page (https://www.aston.ac.uk/study/courses/medicine-mbchb, read 2026-10-05 via page-excerpts run 37349210077, sha256 83fcd524fffd68bd); quote: ""Duration ⏎ 5 Years ⏎ UCAS code(s) ⏎ A100 ⏎ Start date ⏎ September 2027""",2026-10-05
course:aston/a100:course_length_years,10,Course availability,S136,2,Aston University · MBChB Medicine,course_length_years,,5,https://www.aston.ac.uk/study/courses/medicine-mbchb,VERIFY-ON-PAGE,,verified,5,https://www.aston.ac.uk/study/courses/medicine-mbchb,"AI-assisted review of the official page (https://www.aston.ac.uk/study/courses/medicine-mbchb, read 2026-10-05 via page-excerpts run 37349210077, sha256 83fcd524fffd68bd); quote: ""Duration ⏎ 5 Years ⏎ UCAS code(s) ⏎ A100""",2026-10-05
course:aston/a100:admissions_test,9,Application routes,S022,4,Aston University · MBChB Medicine,admissions_test,,UCAT (must be sat in year of application); from 2027 entry overseas applicants ranked for MMI on UCAT total score only,https://www.aston.ac.uk/hls/aston-medical-school/advice-zone/faq,VERIFY-ON-PAGE,,verified,UCAT (must be obtained in the year of application),https://www.aston.ac.uk/study/courses/medicine-mbchb,"Stored detail about 2027 overseas ranking on UCAT total score only is not on the page read; replaced with what the course page states. AI-assisted review of the official page (https://www.aston.ac.uk/study/courses/medicine-mbchb, read 2026-10-05 via page-excerpts run 37349210077, sha256 83fcd524fffd68bd); quote: ""Please note that interviews, UCAT, academic qualifications and other conditions of offer (namely satisfactory Occupational Health questionnaire and Enhanced DBS check) must be obtained in the year of application.""",2026-10-05
course:aston/a100:interview_format,9,Application routes,S022,4,Aston University · MBChB Medicine,interview_format,,"MMI, online, 7 stations of ~7 minutes, Dec-Mar",https://www.aston.ac.uk/hls/aston-medical-school/advice-zone/faq,VERIFY-ON-PAGE,,verified,"Multiple Mini Interviews (MMIs), a compulsory part of the selection process",https://www.aston.ac.uk/study/courses/medicine-mbchb,"Medicine-specific statement. Stored detail (online, 7 stations, Dec-Mar) is not on the page read and is dropped. AI-assisted review of the official page (https://www.aston.ac.uk/study/courses/medicine-mbchb, read 2026-10-05 via page-excerpts run 37349210077, sha256 83fcd524fffd68bd); quote: ""Does Aston Medical School interview applicants? ⏎ Yes. Multiple Mini Interviews (MMIs) are a compulsory part of our selection process.""",2026-10-05
university:aston:international_places_open:2027 entry,4,Medical school eligibility,S023,7,Aston University,international_places_open,2027 entry,Yes.,https://www.aston.ac.uk/international/aston-in-your-country/africa/nigeria,VERIFY-ON-PAGE,,verified,Yes,https://www.aston.ac.uk/study/courses/medicine-mbchb,"Medicine-specific statement (MBChB course page, September 2027 start). AI-assisted review of the official page (https://www.aston.ac.uk/study/courses/medicine-mbchb, read 2026-10-05 via page-excerpts run 37349210077, sha256 83fcd524fffd68bd); quote: ""Start date ⏎ September 2027 ... International applicants must meet the relevant IELTS requirements. See 'international applicants' section for further details. ... If you are a International applicant who joined a Foundation Programme in January, please note you would also need to meet the same requirements and would be subject to the UCAS equal consideration date in January""",2026-10-05
university:aston:foundation_route:2027 entry,5,Nigerian qualifications and entry,S023,7,Aston University,foundation_route,2027 entry,Aston International Foundation Programme (progression to MBChB not stated).,https://www.aston.ac.uk/international/aston-in-your-country/africa/nigeria,VERIFY-ON-PAGE,,verified,General undergraduate statement (not Medicine-specific): applicants without the entry requirements for an undergraduate course can study a one-year International Foundation Programme at Aston University; progression to the MBChB is not stated on this page,https://www.aston.ac.uk/international/aston-in-your-country/africa/nigeria,"AI-assisted review of the official page (https://www.aston.ac.uk/international/aston-in-your-country/africa/nigeria, read 2026-10-05 via page-excerpts run 37349210077, sha256 c30543b3dd9ea5a9); quote: ""International Foundation Programme ⏎ If you don’t have the entry requirements for an undergraduate course, you can study a one-year International Foundation Programme at Aston University.""",2026-10-05
university:brunel:waec_neco_statement:2027 entry,5,Nigerian qualifications and entry,S026,7,Brunel University of London,waec_neco_statement,2027 entry,"MBBS international entry requirements PDF (2025/6): Nigeria — National Diploma or Higher National Diploma in a subject cognate to medicine, minimum Distinction. No WASSCE route captured. International applicants do not require UCAT/GAMSAT. Email BMS-Admissions@brunel.ac.uk if qualification not listed.",https://www.brunel.ac.uk/brunel-medical-school/documents/pdf/MBBS-international-entry-requirements-2025-entry-approved.pdf,NOT_FOUND,Medicine-specific statement.,verified,General undergraduate statement (not Medicine-specific): Brunel's Nigeria page says it would consider SSSCE/WASSCE C6 or above and WAEC and NECO C6 or above as proof of English language ability; course pages give the specific entry requirements. No Medicine-specific WAEC/NECO academic route is stated on the pages read,https://www.brunel.ac.uk/international/your-country-and-region/Nigeria,"Statement concerns English language proof only, on the Nigeria country page. AI-assisted review of the official page (https://www.brunel.ac.uk/international/your-country-and-region/Nigeria, read 2026-10-05 via page-excerpts run 37349210077, sha256 5cd436d6d435fc4c); quote: ""We would also consider the following qualifications as proof of English language abilities: ⏎ SSSCE/WASSCE C6 or above ⏎ WAEC and NECO: C6 or above ⏎ View our course pages for specific entry requirements""",2026-10-05
university:brunel:international_places_open:2027 entry,4,Medical school eligibility,S026,7,Brunel University of London,international_places_open,2027 entry,Yes.,https://www.brunel.ac.uk/brunel-medical-school/documents/pdf/MBBS-international-entry-requirements-2025-entry-approved.pdf,NOT_FOUND,,verified,Yes,https://www.brunel.ac.uk/study/courses/medicine-mbbs,"Medicine-specific statement (Medicine MBBS course page, September 2027 entry). AI-assisted review of the official page (https://www.brunel.ac.uk/study/courses/medicine-mbbs, read 2026-10-05 via page-excerpts run 37349210077, sha256 bf2710d28fa6b400); quote: ""How to apply - September 2027 entry ⏎ Home fee status: Please apply via UCAS – the deadline for applications is 15 October 2026. ⏎ International fee status: Please apply either through UCAS or directly to Brunel by 30 June 2027.""",2026-10-05
course:brunel/a100:admissions_test,,,,,,,,,,,,verified,Home applicants: UCAT or GAMSAT; international applicants: no admissions test score required,https://www.brunel.ac.uk/study/courses/medicine-mbbs,"Medicine-specific statement (course page, 2027/8 entry section). AI-assisted review of the official page (https://www.brunel.ac.uk/study/courses/medicine-mbbs, read 2026-10-05 via page-excerpts run 37349210077, sha256 bf2710d28fa6b400); quote: ""4. Medicine Entrance Tests ⏎ For International Applicants: Your application does not require UCAT / GAMSAT admissions test score. ⏎ For Home Applicants: You are invited to interviews based on the UCAT/GAMSAT test score.""",2026-10-05
course:brunel/a100:interview_format,,,,,,,,,,,,verified,Virtual multiple mini-interviews (vMMI): a series of six mini-interviews held online,https://www.brunel.ac.uk/study/courses/medicine-mbbs,"Medicine-specific statement. Whether the 2027 vMMI is asynchronous is not stated on the course page (the FAQ page describes recorded responses), so that detail is dropped. AI-assisted review of the official page (https://www.brunel.ac.uk/study/courses/medicine-mbbs, read 2026-10-05 via page-excerpts run 37349210077, sha256 bf2710d28fa6b400); quote: ""6. Virtual Multiple Mini Interview (vMMI) ⏎ Brunel uses the virtual multiple mini-interviews process for a place at our medical school. It's a series of six mini-interviews where, instead of moving physically from station to station, you remain seated and move 'virtually' to different online rooms to answer your questions.""",2026-10-05
course:brunel/a100:ucas_code,,,,,,,,,,,,verified,A100,https://www.brunel.ac.uk/study/courses/medicine-mbbs,"Institution code B84 is not on the page read and is dropped. AI-assisted review of the official page (https://www.brunel.ac.uk/study/courses/medicine-mbbs, read 2026-10-05 via page-excerpts run 37349210077, sha256 bf2710d28fa6b400); quote: ""Medicine MBBS ⏎ Key Information ⏎ Course code ⏎ A100""",2026-10-05
university:glasgow:waec_neco_statement:2027 entry,5,Nigerian qualifications and entry,S037,7,University of Glasgow,waec_neco_statement,2027 entry,"Medical School international entry requirements page lists WAEC for Ghana ('majority A grades, including in required subjects, with no other grades lower than a B'). Nigeria row NOT captured — high-priority verify. Gateway to Medical Studies accepts WAEC/SSSC English C6 as English qualification.",https://www.gla.ac.uk/schools/medicine/mus/admissions/internationalentryrequirements/,NOT_FOUND,Medicine-specific statement.,verified,"Nigeria: WAEC Senior School Certificate with majority A grades, including in the required subjects (Chemistry, Biology and one of either Maths or Physics), and no other grades lower than a B. NECO is not mentioned",https://www.gla.ac.uk/schools/medicine/mus/admissions/internationalentryrequirements/,"Medicine-specific statement (Undergraduate Medical School international entry requirements page). The page excerpt shows no entry year. AI-assisted review of the official page (https://www.gla.ac.uk/schools/medicine/mus/admissions/internationalentryrequirements/, read 2026-10-05 via page-excerpts run 37349210077, sha256 93575b9aa1c6089b); quote: ""Required subjects: Chemistry, Biology and one of either Maths or Physics. ... Nigeria WAEC Senior School Certificate Majority A grades, including in required subjects. No other grades lower than a B""",2026-10-05
university:glasgow:english_requirement:2027 entry,5,Nigerian qualifications and entry,S037,7,University of Glasgow,english_requirement,2027 entry,Per Glasgow English table; Gateway: WAEC English C6.,https://www.gla.ac.uk/schools/medicine/mus/admissions/internationalentryrequirements/,NOT_FOUND,,verified,"MBChB: academic IELTS overall 7.0 with no subtest less than 7.0, met in a single test; the MBChB English language page also lists WAEC English at grade B or above",https://www.gla.ac.uk/schools/medicine/mus/admissions/english%20language/,"Medicine-specific statement. The 2027 course page states the same IELTS 7.0 with no sub-test under 7.0. AI-assisted review of the official page (https://www.gla.ac.uk/schools/medicine/mus/admissions/english%20language/, read 2026-10-05 via page-excerpts run 37349210077, sha256 72a40c0ca3889586); quote: ""MBChB English language proficiency requirements ... Applicants must meet the overall and subtest requirements using a single test. ⏎ International English Language Testing System (IELTS) ⏎ Overall score 7.0 with no subtest less than 7.0 ⏎ We will only consider the academic IELTS ... WAEC English Grade B or above""",2026-10-05
university:glasgow:international_places_open:2027 entry,4,Medical school eligibility,S037,7,University of Glasgow,international_places_open,2027 entry,"Yes, limited.",https://www.gla.ac.uk/schools/medicine/mus/admissions/internationalentryrequirements/,NOT_FOUND,,verified,Yes,https://www.gla.ac.uk/undergraduate/fees/intlfees/,"International fee table lists MBChB for 2027/28 (amount TBC). ""Limited"" in the stored value is not supported and is dropped. AI-assisted review of the official page (https://www.gla.ac.uk/undergraduate/fees/intlfees/, read 2026-10-05 via page-excerpts run 37349210077, sha256 ec078a5187c83361); quote: ""Tuition fees 2027/28 ⏎ The below table outlines expected tuition fee rates for 2027/28 for EU and international students. ... MBChB and College of Medical, Veterinary and Life Sciences clinical programmes TBC ... International students studying on clinical programmes, including MBChB and BDS, are required to contribute towards NHS teaching costs through the Overseas levy.""",2026-10-05
university:glasgow:a_level_requirement:2027 entry,5,Nigerian qualifications and entry,S037,7,University of Glasgow,a_level_requirement,2027 entry,"AAA (A-level) / AAAAB Highers equivalent; UCAT (international ~2220, AGENT-LEAD).",https://www.gla.ac.uk/schools/medicine/mus/admissions/internationalentryrequirements/,NOT_FOUND,,verified,"International A-level (2027 entry): AAA including Chemistry, Biology and one of either Physics or Mathematics; IGCSE English literature or English language at grade B or 6; UCAT; interview",https://www.gla.ac.uk/undergraduate/degrees/medicine/,"Medicine-specific statement. Stored UCAT score figure (AGENT-LEAD) is not on the page and is dropped. AI-assisted review of the official page (https://www.gla.ac.uk/undergraduate/degrees/medicine/, read 2026-10-05 via page-excerpts run 37349210077, sha256 16926a5be0ad9442); quote: ""ENTRY REQUIREMENTS ⏎ FOR ENTRY IN 2027 ... International A-level Standard Entry Requirements ⏎ AAA ⏎ Additional requirements: A-levels Chemistry, Biology and one of either Physics or Mathematics. IGCSE English literature or English language at Grade B or 6. UCAT (www.ucat.ac.uk for more information). Interview.""",2026-10-05
course:glasgow/medicine:admissions_test,9,Application routes,S134,25,University of Glasgow · Medicine,admissions_test,,UCAT,https://www.ucat.ac.uk/about-ucat/universities/,VERIFY-ON-PAGE,,verified,UCAT,https://www.gla.ac.uk/undergraduate/degrees/medicine/,"Medicine-specific statement (2027 course page). AI-assisted review of the official page (https://www.gla.ac.uk/undergraduate/degrees/medicine/, read 2026-10-05 via page-excerpts run 37349210077, sha256 16926a5be0ad9442); quote: ""FOR ENTRY IN 2027 ⏎ Summary of entry requirements for Medicine ⏎ Scottish Higher Entry Requirements ⏎ AAAAB Higher in S5 + BB Advanced Higher in S6 ⏎ Additional requirements: Higher Chemistry, Biology and Physics or Mathematics. National 5 English at grade B. UCAT (www.ucat.ac.uk for more information). Interview.""",2026-10-05
university:keele:international_accepted,4,Medical school eligibility,S043,6,Keele University,international_accepted,,yes,https://www.keele.ac.uk/study/undergraduate/undergraduatecourses/medicine/medicinehowtoapply/,VERIFY-ON-PAGE,,verified,1,https://www.keele.ac.uk/study/undergraduate/undergraduatecourses/medicine/medicineentryrequirements/internationalentryrequirements/,"Medicine-specific statement (Medicine international entry requirements page). AI-assisted review of the official page (https://www.keele.ac.uk/study/undergraduate/undergraduatecourses/medicine/medicineentryrequirements/internationalentryrequirements/, read 2026-10-05 via page-excerpts run 37349210077, sha256 7b18588bbb09dc3f); quote: ""We recognise the award as a level-3-equivalent qualification for entry to the MBChB programme at Keele for international fees-status students who have undertaken the advanced level foundation at a Kings Education Group (KEG) college in the UK. ... Nigeria ⏎ The Senior School Certificate Examination (SSC) and West African Senior School Certificate (WASSC) are not sufficient to enter Medicine at Keele directly, but may be supplemented with GCE A levels or equivalent.""",2026-10-05
course:keele/a100:ucas_code,,,,,,,,,,,,verified,A100 (also A104 with Health Foundation Year),https://www.keele.ac.uk/study/undergraduate/undergraduatecourses/medicine/,"AI-assisted review of the official page (https://www.keele.ac.uk/study/undergraduate/undergraduatecourses/medicine/, read 2026-10-05 via page-excerpts run 37349210077, sha256 35d3a1799e77e923); quote: ""Year of entry ⏎ 2027 ⏎ - for 2027 entry see here ⏎ - for 2026 entry see here ⏎ UCAS code ⏎ A100 ... Medicine MBChB with Health Foundation Year UCAS course code: A104""",2026-10-05
course:keele/a100:application_route,,,,,,,,,,,,verified,UCAS (UCAS code A100),https://www.keele.ac.uk/study/undergraduate/undergraduatecourses/medicine/,"AI-assisted review of the official page (https://www.keele.ac.uk/study/undergraduate/undergraduatecourses/medicine/, read 2026-10-05 via page-excerpts run 37349210077, sha256 35d3a1799e77e923); quote: ""Year of entry ⏎ 2027 ⏎ - for 2027 entry see here ⏎ - for 2026 entry see here ⏎ UCAS code ⏎ A100""",2026-10-05
university:leeds:international_accepted,4,Medical school eligibility,S014,9,University of Leeds,international_accepted,,yes,https://courses.leeds.ac.uk/5580/medicine-and-surgery-mbchb,VERIFY-ON-PAGE,,verified,1,https://courses.leeds.ac.uk/5580/medicine-and-surgery-mbchb,"Medicine-specific statement (international fee and overseas interviews for the MBChB). AI-assisted review of the official page (https://courses.leeds.ac.uk/5580/medicine-and-surgery-mbchb, read 2026-10-05 via page-excerpts run 37349210077, sha256 c51b8ad72c843450); quote: ""Fees ⏎ UK: £10,050 ⏎ International: £50,500 (per year) ... For students applying for 2027 entry, face-to-face interviews for the MBChB course will take place on 4th, 5th and 6th January 2027. Overseas interviews will be carried out online.""",2026-10-05
university:leeds:international_places_open:2027 entry,4,Medical school eligibility,S014,9,University of Leeds,international_places_open,2027 entry,Yes (international applicants assessed to same standard) — verify.,https://courses.leeds.ac.uk/5580/medicine-and-surgery-mbchb,NOT_FOUND,,verified,Yes,https://courses.leeds.ac.uk/5580/medicine-and-surgery-mbchb,"Medicine-specific statement (2027 entry). AI-assisted review of the official page (https://courses.leeds.ac.uk/5580/medicine-and-surgery-mbchb, read 2026-10-05 via page-excerpts run 37349210077, sha256 c51b8ad72c843450); quote: ""For students applying for 2027 entry, face-to-face interviews for the MBChB course will take place on 4th, 5th and 6th January 2027. Overseas interviews will be carried out online.""",2026-10-05
university:leeds:english_requirement:2027 entry,5,Nigerian qualifications and entry,S014,9,University of Leeds,english_requirement,2027 entry,IELTS 7.5 (snippet: 7.5 in spoken English — confirm component rule).,https://courses.leeds.ac.uk/5580/medicine-and-surgery-mbchb,NOT_FOUND,,verified,"IELTS 7.5 overall, with no less than 7.5 in Spoken English",https://courses.leeds.ac.uk/5580/medicine-and-surgery-mbchb,"Medicine-specific statement (MBChB course page, 2027/28 fees shown on the same page). AI-assisted review of the official page (https://courses.leeds.ac.uk/5580/medicine-and-surgery-mbchb, read 2026-10-05 via page-excerpts run 37349210077, sha256 c51b8ad72c843450); quote: ""English language requirements ⏎ IELTS 7.5 overall, with no less than 7.5 in Spoken English. For other English qualifications, read English language equivalent qualifications.""",2026-10-05
university:leeds:waec_neco_statement:2027 entry,,,,,,,,,,,,verified,"General undergraduate statement (not Medicine-specific): Leeds' Nigeria page says applicants need to complete a foundation programme, such as the University of Leeds International Foundation Year, or other level 3 qualifications such as A-levels or the International Baccalaureate; WAEC WASSCE English at grade C6 is listed as the general undergraduate English language minimum. NECO is not mentioned",https://www.leeds.ac.uk/admissions-qualifications/21908/nigeria,"The MBChB course page sets its own English requirement (IELTS 7.5 with 7.5 in Spoken English). AI-assisted review of the official page (https://www.leeds.ac.uk/admissions-qualifications/21908/nigeria, read 2026-10-05 via page-excerpts run 37349210077, sha256 a2aa149e79e85532); quote: ""Qualifications we accept for undergraduate study ⏎ You will need to complete a foundation programme, such as the University of Leeds International Foundation Year, or other level 3 qualifications such as A-levels or the International Baccalaureate ⏎ English Language minimum for undergraduate study ⏎ You will need West African Examinations Council (WAEC) West African Senior School Certificate Examination (WASSCE) with English at grade C6, IELTS 6.0 overall, GCSE English C or 4 or an equivalent qualification""",2026-10-05
course:leeds/a100:clinical_years_fee_differs:2027/28,,,,,,,,,,,,verified,0,https://courses.leeds.ac.uk/5580/medicine-and-surgery-mbchb,"The international fee is the same for every year of the course. AI-assisted review of the official page (https://courses.leeds.ac.uk/5580/medicine-and-surgery-mbchb, read 2026-10-05 via page-excerpts run 37349210077, sha256 c51b8ad72c843450); quote: ""International: £50,500 (per year) ... The international fee applies for each year of full-time study and will remain the same for the duration of your course.""",2026-10-05
university:pears-cumbria:international_accepted,4,Medical school eligibility,S065,4,Pears Cumbria School of Medicine,international_accepted,,no,https://www.ucas.com/explore/courses/57772005-274b-4cb3-a141-e51d2290535e/medicine-graduate-entry-pears-cumbria-school-of-medicine?studyYear=2027,VERIFY-ON-PAGE,,verified,0,https://www.imperial.ac.uk/study/courses/undergraduate/medicine-graduate-entry/,"Medicine-specific statement (home fee status only). AI-assisted review of the official page (https://www.imperial.ac.uk/study/courses/undergraduate/medicine-graduate-entry/, read 2026-10-05 via page-excerpts run 37349210077, sha256 38d794c0c1e19e3a); quote: ""Entry requirements ⏎ Currently, the Pears Cumbria School of Medicine can accept applications only from prospective students who are considered a home student for fee purposes.""",2026-10-05
university:pears-cumbria:international_places,4,Medical school eligibility,S065,4,Pears Cumbria School of Medicine,international_places,,0,https://www.ucas.com/explore/courses/57772005-274b-4cb3-a141-e51d2290535e/medicine-graduate-entry-pears-cumbria-school-of-medicine?studyYear=2027,VERIFY-ON-PAGE,,verified,0,https://www.imperial.ac.uk/study/courses/undergraduate/medicine-graduate-entry/,"Medicine-specific statement (home fee status only, so no international places). AI-assisted review of the official page (https://www.imperial.ac.uk/study/courses/undergraduate/medicine-graduate-entry/, read 2026-10-05 via page-excerpts run 37349210077, sha256 38d794c0c1e19e3a); quote: ""Entry requirements ⏎ Currently, the Pears Cumbria School of Medicine can accept applications only from prospective students who are considered a home student for fee purposes.""",2026-10-05
course:pears-cumbria/a102:ucas_code,10,Course availability,S123,4,Pears Cumbria School of Medicine · Medicine (Graduate Entry) MBBS,ucas_code,,A102,https://www.medschools.ac.uk/courses/pears-cumbria-medicine-a102/,VERIFY-ON-PAGE,,verified,A102,https://www.imperial.ac.uk/study/courses/undergraduate/medicine-graduate-entry/,"AI-assisted review of the official page (https://www.imperial.ac.uk/study/courses/undergraduate/medicine-graduate-entry/, read 2026-10-05 via page-excerpts run 37349210077, sha256 38d794c0c1e19e3a); quote: ""Start date ⏎ September 2027 ⏎ UCAS course code ⏎ A102""",2026-10-05
course:pears-cumbria/a102:course_length_years,10,Course availability,S138,2,Pears Cumbria School of Medicine · Medicine (Graduate Entry) MBBS,course_length_years,,4,https://www.imperial.ac.uk/study/courses/undergraduate/medicine-graduate-entry/,VERIFY-ON-PAGE,,verified,4,https://www.imperial.ac.uk/study/courses/undergraduate/medicine-graduate-entry/,"AI-assisted review of the official page (https://www.imperial.ac.uk/study/courses/undergraduate/medicine-graduate-entry/, read 2026-10-05 via page-excerpts run 37349210077, sha256 38d794c0c1e19e3a); quote: ""Qualification ⏎ MBBS ⏎ Duration ⏎ 4 years""",2026-10-05
course:pears-cumbria/a102:admissions_test,9,Application routes,S123,4,Pears Cumbria School of Medicine · Medicine (Graduate Entry) MBBS,admissions_test,,GAMSAT or UCAT (ranked on score; no fixed minimum published for 2027),https://www.medschools.ac.uk/courses/pears-cumbria-medicine-a102/,VERIFY-ON-PAGE,,verified,"GAMSAT or UCAT: applicants must meet a minimum threshold score in either test and are ranked and shortlisted for interview on their admissions test scores; GAMSAT taken within the two years before the UCAS submission, UCAT in the same year",https://www.imperial.ac.uk/study/courses/undergraduate/medicine-graduate-entry/,"AI-assisted review of the official page (https://www.imperial.ac.uk/study/courses/undergraduate/medicine-graduate-entry/, read 2026-10-05 via page-excerpts run 37349210077, sha256 38d794c0c1e19e3a); quote: ""All applicants are required to meet a minimum threshold score in either the Graduate Medical School Admissions Test (GAMSAT) or the University Clinical Aptitude Test (UCAT). ⏎ The GAMSAT must be taken within the two years prior to the applicant's UCAS submission date. The UCAT must be taken in the same year as the applicant's UCAS submission date. ... candidates will be ranked and shortlisted for interview according to their Admissions Test scores.""",2026-10-05
course:pears-cumbria/a102:application_route,9,Application routes,S065,4,Pears Cumbria School of Medicine · Medicine (Graduate Entry) MBBS,application_route,,UCAS (deadline 15 Oct 2026 18:00 UK),https://www.ucas.com/explore/courses/57772005-274b-4cb3-a141-e51d2290535e/medicine-graduate-entry-pears-cumbria-school-of-medicine?studyYear=2027,VERIFY-ON-PAGE,,verified,UCAS,https://www.imperial.ac.uk/study/courses/undergraduate/medicine-graduate-entry/,"The deadline time in the stored value is not on the page read and is dropped. AI-assisted review of the official page (https://www.imperial.ac.uk/study/courses/undergraduate/medicine-graduate-entry/, read 2026-10-05 via page-excerpts run 37349210077, sha256 38d794c0c1e19e3a); quote: ""Submit your application via UCAS""",2026-10-05
course:pears-cumbria/a102:intake_month,9,Application routes,S065,4,Pears Cumbria School of Medicine · Medicine (Graduate Entry) MBBS,intake_month,,September (start 7 Sept 2027),https://www.ucas.com/explore/courses/57772005-274b-4cb3-a141-e51d2290535e/medicine-graduate-entry-pears-cumbria-school-of-medicine?studyYear=2027,VERIFY-ON-PAGE,,verified,September (September 2027 start),https://www.imperial.ac.uk/study/courses/undergraduate/medicine-graduate-entry/,"AI-assisted review of the official page (https://www.imperial.ac.uk/study/courses/undergraduate/medicine-graduate-entry/, read 2026-10-05 via page-excerpts run 37349210077, sha256 38d794c0c1e19e3a); quote: ""Duration ⏎ 4 years ⏎ Start date ⏎ September 2027""",2026-10-05
course:pears-cumbria/a102:graduate_entry_course,10,Course availability,S123,4,Pears Cumbria School of Medicine · Medicine (Graduate Entry) MBBS,graduate_entry_course,,yes,https://www.medschools.ac.uk/courses/pears-cumbria-medicine-a102/,VERIFY-ON-PAGE,,verified,1,https://www.imperial.ac.uk/study/courses/undergraduate/medicine-graduate-entry/,"AI-assisted review of the official page (https://www.imperial.ac.uk/study/courses/undergraduate/medicine-graduate-entry/, read 2026-10-05 via page-excerpts run 37349210077, sha256 38d794c0c1e19e3a); quote: ""(Graduate Entry) at the Pears Cumbria School of Medicine (PCSM). ... Academic requirements ⏎ 2:1 (or above) in a Biosciences or Allied Healthcare degree.""",2026-10-05
university:sheffield:english_requirement:2027 entry,5,Nigerian qualifications and entry,S020,6,University of Sheffield,english_requirement,2027 entry,"Medicine IELTS 7.5, no element below 7.0 (AGENT-LEAD — verify). WASSCE English C accepted generally — confirm Medicine not excluded.",https://sheffield.ac.uk/international/entry-requirements/nigeria,NOT_FOUND,,verified,"GCSE English Language at grade 6/B, or IELTS 7.5 with a minimum of 7.0 in each component, or an alternative acceptable English language qualification; certain English language qualifications are not considered for Medicine (listed on the undergraduate English language requirements page)",https://sheffield.ac.uk/undergraduate/courses/2027/medicine-mbchb,"Medicine-specific statement (2027 Medicine MBChB course page). AI-assisted review of the official page (https://sheffield.ac.uk/undergraduate/courses/2027/medicine-mbchb, read 2026-10-05 via page-excerpts run 37349210077, sha256 b8860ac090820a60); quote: ""For this course we require: GCSE English Language at grade 6/B; IELTS grade of 7.5 with a minimum of 7.0 in each component; or an alternative acceptable English language qualification ... We are not able to consider certain English Language qualifications for entry to our Medicine course, details of these can be found on the English language requirements for undergraduates page.""",2026-10-05
university:sheffield:international_places_open:2027 entry,4,Medical school eligibility,S020,6,University of Sheffield,international_places_open,2027 entry,Yes — verify.,https://sheffield.ac.uk/international/entry-requirements/nigeria,NOT_FOUND,,verified,Yes (A100: 18 places for international students; A101 graduate entry: no international places),https://sheffield.ac.uk/smph/undergraduate/medicine-admissions,"Medicine-specific statement (2027 entry). AI-assisted review of the official page (https://sheffield.ac.uk/smph/undergraduate/medicine-admissions, read 2026-10-05 via page-excerpts run 37349210077, sha256 3178008574d14dd3); quote: ""This page explains how admissions will work for 2027 entry for MBChB Medicine (A100) and MBChB Graduate Entry Medicine (A101). ... The A100 course currently has 273 places for home students and 18 places for international students. The A101 course has 24 places for home students that meet our widening participation criteria and no places for international students.""",2026-10-05
course:sheffield/medicine:admissions_test,9,Application routes,S134,25,University of Sheffield · Medicine,admissions_test,,UCAT,https://www.ucat.ac.uk/about-ucat/universities/,VERIFY-ON-PAGE,,verified,UCAT,https://sheffield.ac.uk/undergraduate/courses/2027/medicine-mbchb,"Medicine-specific statement (2027 course page). AI-assisted review of the official page (https://sheffield.ac.uk/undergraduate/courses/2027/medicine-mbchb, read 2026-10-05 via page-excerpts run 37349210077, sha256 b8860ac090820a60); quote: ""Applicants for Medicine at the University of Sheffield must take the University Clinical Aptitude Test (UCAT)""",2026-10-05
university:sheffield:a_level_requirement:2027 entry,5,Nigerian qualifications and entry,S020,6,University of Sheffield,a_level_requirement,2027 entry,AAA (official); Chemistry or Biology + second science from Maths/Physics/Biology/Chemistry/Psychology. AGENT-LEAD claims A*AA / IB 36 for international — CONFLICT.,https://sheffield.ac.uk/international/entry-requirements/nigeria,NOT_FOUND,,verified,"A Levels AAA (2027 entry); 5 GCSEs at grade 7/A, with at least grade 6/B in Maths, English Language and the science subjects",https://sheffield.ac.uk/undergraduate/courses/2027/medicine-mbchb,"Medicine-specific statement. Required A Level subjects are set out in full on the course page; the AGENT-LEAD A*AA claim is not supported. AI-assisted review of the official page (https://sheffield.ac.uk/undergraduate/courses/2027/medicine-mbchb, read 2026-10-05 via page-excerpts run 37349210077, sha256 b8860ac090820a60); quote: ""A Levels ⏎ AAA ⏎ UCAS code ⏎ A100 ... 5 GCSEs at grade 7/A, with at least grade 6/B in Maths, English Language and the science subjects (Dual Award Science also acceptable)""",2026-10-05
university:sunderland:international_accepted,4,Medical school eligibility,S064,17,University of Sunderland,international_accepted,,no,https://www.theukcatpeople.co.uk/post/uk-medical-school-tuition-fees-for-international-students-to-study-medicine,VERIFY-ON-PAGE,,verified,0,https://www.sunderland.ac.uk/undergraduate/mbchb-medicine,"Medicine-specific statement (MBChB Medicine September 2027/28 page). AI-assisted review of the official page (https://www.sunderland.ac.uk/undergraduate/mbchb-medicine, read 2026-10-05 via page-excerpts run 37349210077, sha256 f5956925971e1d60); quote: ""Please note, we're unable to accept international applicants. ... Please note, we're unable to accept international fee-paying applicants. Fee assessment is made at the point of application; you must be assessed as a home fee payer for your application to be considered.""",2026-10-05
university:sunderland:international_places_open:2027 entry,4,Medical school eligibility,S058,7,University of Sunderland,international_places_open,2027 entry,No.,https://www.sunderland.ac.uk/undergraduate/mbchb-medicine,NOT_FOUND,,verified,No,https://www.sunderland.ac.uk/undergraduate/mbchb-medicine,"Medicine-specific statement. AI-assisted review of the official page (https://www.sunderland.ac.uk/undergraduate/mbchb-medicine, read 2026-10-05 via page-excerpts run 37349210077, sha256 f5956925971e1d60); quote: ""Start date/study mode: ⏎ September 2027 ... Please note, we're unable to accept international fee-paying applicants. Fee assessment is made at the point of application; you must be assessed as a home fee payer for your application to be considered.""",2026-10-05
university:sunderland:waec_neco_statement:2027 entry,5,Nigerian qualifications and entry,S058,7,University of Sunderland,waec_neco_statement,2027 entry,Official pages: unable to accept international applicants; does not assess international equivalences. One AGENT-LEAD claims a small overseas intake — CONFLICT; trust official.,https://www.sunderland.ac.uk/undergraduate/mbchb-medicine,NOT_FOUND,General university statement; Medicine applicability must be confirmed.,verified,"Sunderland is unable to accept international applicants to MBChB Medicine; applicants must hold the required A Levels and GCSEs, and equivalent qualifications are not accepted. WAEC and NECO are not mentioned",https://www.sunderland.ac.uk/undergraduate/mbchb-medicine,"Medicine-specific statement. AI-assisted review of the official page (https://www.sunderland.ac.uk/undergraduate/mbchb-medicine, read 2026-10-05 via page-excerpts run 37349210077, sha256 f5956925971e1d60); quote: ""Please note, we're unable to accept international applicants. We're also unable to accept applicants who don't hold the A Levels and GCSEs required below. Equivalent qualifications won't be accepted.""",2026-10-05
university:sunderland:a_level_requirement:2027 entry,5,Nigerian qualifications and entry,S058,7,University of Sunderland,a_level_requirement,2027 entry,AAA incl. Biology and Chemistry; 5 GCSEs at 6.,https://www.sunderland.ac.uk/undergraduate/mbchb-medicine,NOT_FOUND,,verified,"AAA in three A Level subjects, including biology or chemistry, plus another designated science subject",https://www.sunderland.ac.uk/undergraduate/mbchb-medicine,"Medicine-specific statement. Corrects the stored ""Biology and Chemistry"". AI-assisted review of the official page (https://www.sunderland.ac.uk/undergraduate/mbchb-medicine, read 2026-10-05 via page-excerpts run 37349210077, sha256 f5956925971e1d60); quote: ""A Level ⏎ A Levels in three subjects at grades AAA are required, including biology or chemistry, plus another designated science subject""",2026-10-05
course:sunderland/medicine:course_length_years,10,Course availability,S064,17,University of Sunderland · Medicine,course_length_years,,5,https://www.theukcatpeople.co.uk/post/uk-medical-school-tuition-fees-for-international-students-to-study-medicine,VERIFY-ON-PAGE,,verified,5,https://www.sunderland.ac.uk/undergraduate/mbchb-medicine,"AI-assisted review of the official page (https://www.sunderland.ac.uk/undergraduate/mbchb-medicine, read 2026-10-05 via page-excerpts run 37349210077, sha256 f5956925971e1d60); quote: ""UCAS code ⏎ A100 ⏎ Duration ⏎ 5 years""",2026-10-05
course:sunderland/medicine:admissions_test,9,Application routes,S134,25,University of Sunderland · Medicine,admissions_test,,UCAT,https://www.ucat.ac.uk/about-ucat/universities/,VERIFY-ON-PAGE,,verified,"UCAT, taken in the year of application; scores must be within the top 8 deciles of the cohort and the SJT within bands 1-3",https://www.sunderland.ac.uk/undergraduate/mbchb-medicine,"AI-assisted review of the official page (https://www.sunderland.ac.uk/undergraduate/mbchb-medicine, read 2026-10-05 via page-excerpts run 37349210077, sha256 f5956925971e1d60); quote: ""All applicants must take the University Clinical Aptitude Test (UCAT) ... during the year in which they apply. Scores must be within the top 8 deciles of the cohort and situational judgement test (SJT) must be within bands 1-3.""",2026-10-05
university:bangor:international_accepted,4,Medical school eligibility,S064,17,Bangor University,international_accepted,,no,https://www.theukcatpeople.co.uk/post/uk-medical-school-tuition-fees-for-international-students-to-study-medicine,VERIFY-ON-PAGE,,verified,,https://www.bangor.ac.uk/courses/undergraduate/a100-medicine-bmbs,"Medicine-specific statement. The A100 Medicine BMBS course page (September 2027 start) states it is not available for international students and requires Home Fee status; stored value 0 (not accepted) confirmed. AI-assisted review of the official page (https://www.bangor.ac.uk/courses/undergraduate/a100-medicine-bmbs, read 2026-10-05 via page-excerpts run 37349210077, sha256 ee487afc92a04a49); quote: ""Available for International Students ⏎ No ... All candidates must have permanent UK residency and have been granted Home Fee status on the day of application. We will not consider those who are awaiting approval of permanent UK residency.""",2026-10-05
university:bangor:gmc_status,3,GMC status and registration,S009,13,Bangor University,gmc_status,,New school under GMC review,https://www.gmc-uk.org/education/how-we-quality-assure-education-and-training/approving-education-and-training/institutions-awarding-uk-medical-degrees/new-schools-and-programmes-under-review,VERIFY-ON-PAGE,,verified,New medical school (North Wales Medical School) progressing through the GMC approval process to award a Primary Medical Qualification; GMC accreditation is only completed when the first intake of students is due to graduate,https://www.bangor.ac.uk/courses/undergraduate/a100-medicine-bmbs,"University's own statement on its Medicine BMBS page. AI-assisted review of the official page (https://www.bangor.ac.uk/courses/undergraduate/a100-medicine-bmbs, read 2026-10-05 via page-excerpts run 37349210077, sha256 ee487afc92a04a49); quote: ""The North Wales Medical School is progressing through the GMC approval process to award a Primary Medical Qualification. GMC accreditation is only completed when the first intake of students is due to graduate.""",2026-10-05
university:buckingham:international_accepted,4,Medical school eligibility,S059,3,University of Buckingham,international_accepted,,yes,https://www.themedicportal.com/school/university-of-buckingham/,VERIFY-ON-PAGE,,verified,,https://www.buckingham.ac.uk/courses/undergraduate/mb-chb-medicine-4.5-year-degree/,"Medicine-specific statement. The MB ChB Medicine course page lists an international fee for this course (January 2028 start). AI-assisted review of the official page (https://www.buckingham.ac.uk/courses/undergraduate/mb-chb-medicine-4.5-year-degree/, read 2026-10-05 via page-excerpts run 37349210077, sha256 37698ace7c13e011); quote: ""International fees ⏎ From £47,000 per year* ... Jan 2028 ⏎ Full-time (4.5 Years) ⏎  UK £41,500 £186,750 ⏎ INT £47,000 £211,500""",2026-10-05
university:buckingham:international_places_open:2027 entry,4,Medical school eligibility,S019,6,University of Buckingham,international_places_open,2027 entry,Yes — no cap; same fee home/international (AGENT-LEAD).,https://medvle.buckingham.ac.uk/course/section.php?id=10,VERIFY-ON-PAGE,,verified,"Yes: the MB ChB lists an international fee of £47,000 per year (UK £41,500) for the January 2028 start",https://www.buckingham.ac.uk/courses/undergraduate/mb-chb-medicine-4.5-year-degree/,"Medicine-specific statement. The stored claims ""no cap"" and ""same fee home/international"" are not supported: the page shows different UK and international fees. The page shows the January 2028 start, not a 2027 start. AI-assisted review of the official page (https://www.buckingham.ac.uk/courses/undergraduate/mb-chb-medicine-4.5-year-degree/, read 2026-10-05 via page-excerpts run 37349210077, sha256 37698ace7c13e011); quote: ""International fees ⏎ From £47,000 per year* ... Jan 2028 ⏎ Full-time (4.5 Years) ⏎  UK £41,500 £186,750 ⏎ INT £47,000 £211,500""",2026-10-05
university:buckingham:english_requirement:2027 entry,5,Nigerian qualifications and entry,S019,6,University of Buckingham,english_requirement,2027 entry,IELTS 7.0 (AGENT-LEAD).,https://medvle.buckingham.ac.uk/course/section.php?id=10,VERIFY-ON-PAGE,,verified,"MB ChB: applicants whose native language is not English need IELTS UKVI or IELTS Academic with a minimum overall score of 7 and no less than 6.5 in each component (IELTS UKVI strongly recommended, as IELTS Academic is unsuitable if an alternative Pre-Med course is offered after selection; IELTS General Training not accepted), or Cambridge English: Advanced (CAE) with an overall average of 185 and a minimum of 176 in each paper",https://www.buckingham.ac.uk/courses/undergraduate/mb-chb-medicine-4.5-year-degree/,"Medicine-specific statement. Shown on the MB ChB page for the January 2028 start. AI-assisted review of the official page (https://www.buckingham.ac.uk/courses/undergraduate/mb-chb-medicine-4.5-year-degree/, read 2026-10-05 via page-excerpts run 37349210077, sha256 37698ace7c13e011); quote: ""Applicants whose native language is not English must hold an IELTS UKVI or *IELTS Academic certificate with a minimum overall score of 7 and no less than 6.5 in each component. *Please note that IELTS Academic is unsuitable for MB ChB applicants who may be offered an alternative course following Selection (CertHE Medical Sciences (Pre-Med), so we strongly ... recommend all MB ChB applicants to take the IELTS UKVI test. IELTS General Training is not sufficient for either MB ChB or Pre-Med programmes. Alternatively, Cambridge English: Advances (CAE) certificate is accepted with an overall average score",2026-10-05
university:buckingham:waec_neco_statement:2027 entry,,,,,,,,,,,,verified,"General undergraduate statement (not Medicine-specific): for Bachelor's degree study, applicants from Nigeria normally need grade C4 or better in five subjects in the WAEC/NECO Senior School Certificate, acquired in one sitting, and completion of a recognised Foundation programme or Higher National Diploma (alternatives: three A-levels at grade B or higher, or an IB score of 29 to 34 depending on the degree subject). Buckingham is currently not able to accept applications for its Foundation and 1+2 Integrated Foundation Programmes from Nigeria",https://www.buckingham.ac.uk/international/coming-from/nigeria/,"AI-assisted review of the official page (https://www.buckingham.ac.uk/international/coming-from/nigeria/, read 2026-10-05 via page-excerpts run 37349210077, sha256 ccb230234ae73a13); quote: ""We are currently not able to accept applications for Foundation & 1+2 Integrated Foundation Programmes from Nigeria. ⏎ In order to study at undergraduate level (Bachelor’s degree), you will normally need to have attained one of the following: ⏎ Grade C4 or better in five subjects in WAEC/NECO Senior School Certificate, acquired in one sitting, and completion of a recognised Foundation programme or Higher National Diploma ⏎ Three A-levels at grade B or higher ⏎ IB score of between 29 and 34 (depending on the degree subject)""",2026-10-05
course:buckingham/medicine:course_length_years,10,Course availability,S059,3,University of Buckingham · MB ChB Medicine,course_length_years,,4.5,https://www.themedicportal.com/school/university-of-buckingham/,VERIFY-ON-PAGE,,verified,,https://www.buckingham.ac.uk/courses/undergraduate/mb-chb-medicine-4.5-year-degree/,"MB ChB Medicine course page (January start). AI-assisted review of the official page (https://www.buckingham.ac.uk/courses/undergraduate/mb-chb-medicine-4.5-year-degree/, read 2026-10-05 via page-excerpts run 37349210077, sha256 37698ace7c13e011); quote: ""Start and duration ⏎ Jan, 4.5 years""",2026-10-05
course:buckingham/medicine:application_route,9,Application routes,S059,3,University of Buckingham · MB ChB Medicine,application_route,,UCAS or direct via university website,https://www.themedicportal.com/school/university-of-buckingham/,VERIFY-ON-PAGE,,verified,UCAS (UCAS code 71A8),https://www.buckingham.ac.uk/courses/undergraduate/mb-chb-medicine-4.5-year-degree/,"The course page shows UCAS code 71A8. A direct-application route for this course is not shown in the excerpts, so the stored ""or direct via university website"" is not confirmed. AI-assisted review of the official page (https://www.buckingham.ac.uk/courses/undergraduate/mb-chb-medicine-4.5-year-degree/, read 2026-10-05 via page-excerpts run 37349210077, sha256 37698ace7c13e011); quote: ""UCAS Code ⏎ 71A8""",2026-10-05
university:greater-manchester:international_accepted,4,Medical school eligibility,S018,3,University of Greater Manchester,international_accepted,,yes,https://medicine.greatermanchester.ac.uk/undergraduate-medical-school/,VERIFY-ON-PAGE,,verified,,https://greatermanchester.ac.uk/course/mbchb-medicine-full-time-5-years-university-of-greater-manchester/2026-27,"Medicine-specific statement. AI-assisted review of the official page (https://greatermanchester.ac.uk/course/mbchb-medicine-full-time-5-years-university-of-greater-manchester/2026-27, read 2026-10-05 via page-excerpts run 37349210077, sha256 9c27ebdaa4fe0780); quote: ""Please note that for September 2026 and September 2027 entry, the University of Greater Manchester is only able to offer this course to International applicants. ... Home applications are not possible for this course at present ⏎ This course is only available to International students.""",2026-10-05
university:greater-manchester:international_places_open:2027 entry,4,Medical school eligibility,S017,8,University of Greater Manchester,international_places_open,2027 entry,2027 cohort international-only (no DHSC/NHSE home allocation).,https://medicine.greatermanchester.ac.uk/medicine-mbchb-2026-academic-requirements/,NOT_FOUND,,verified,Yes: for September 2026 and September 2027 entry the MBChB is offered only to international applicants,https://greatermanchester.ac.uk/course/mbchb-medicine-full-time-5-years-university-of-greater-manchester/2026-27,"Medicine-specific statement. The stored reason (no DHSC/NHSE home allocation) is not stated on the page and is dropped. AI-assisted review of the official page (https://greatermanchester.ac.uk/course/mbchb-medicine-full-time-5-years-university-of-greater-manchester/2026-27, read 2026-10-05 via page-excerpts run 37349210077, sha256 9c27ebdaa4fe0780); quote: ""Please note that for September 2026 and September 2027 entry, the University of Greater Manchester is only able to offer this course to International applicants.""",2026-10-05
course:greater-manchester/medicine:international_fee_gbp:2026/27,6,International fees and costs,S077,1,University of Greater Manchester · MBChB Medicine,international_fee_gbp,2026/27,45000,https://medicine.greatermanchester.ac.uk/mbchb-medicine-programme-details/,VERIFY-ON-PAGE,From schools dataset; fee year assumed 2026/27 — confirm.,verified,45000,https://greatermanchester.ac.uk/course/mbchb-medicine-full-time-5-years-university-of-greater-manchester/2026-27,"MBChB Medicine international fee for 2026-27 entry: £45,000 per year for each of the five years (£225,000 total). The 2027-28 entry row shows no fee yet. AI-assisted review of the official page (https://greatermanchester.ac.uk/course/mbchb-medicine-full-time-5-years-university-of-greater-manchester/2026-27, read 2026-10-05 via page-excerpts run 37349210077, sha256 9c27ebdaa4fe0780); quote: ""This course is only available to International students. ⏎ International Fees ⏎  Year of study Total ⏎ Entry Year 2026/27 2027/28 2028/29 2029/30 2030/31 2031/32 ⏎ 2026-27 £45,000 £45,000 £45,000 £45,000 £45,000 - £225,000""",2026-10-05
course:greater-manchester/medicine:course_length_years,10,Course availability,S135,1,University of Greater Manchester · MBChB Medicine,course_length_years,,5,https://greatermanchester.ac.uk/course/mbchb-medicine-full-time-5-years-university-of-greater-manchester/2026-27,VERIFY-ON-PAGE,,verified,,https://greatermanchester.ac.uk/course/mbchb-medicine-full-time-5-years-university-of-greater-manchester/2026-27,"AI-assisted review of the official page (https://greatermanchester.ac.uk/course/mbchb-medicine-full-time-5-years-university-of-greater-manchester/2026-27, read 2026-10-05 via page-excerpts run 37349210077, sha256 9c27ebdaa4fe0780); quote: ""MBChB Medicine ⏎ Award ⏎ MBChB ⏎ Start Date ⏎ 07/09/2027 ⏎ Duration ⏎ 5 years""",2026-10-05
course:greater-manchester/medicine:intake_month,9,Application routes,S017,8,University of Greater Manchester · MBChB Medicine,intake_month,,September,https://medicine.greatermanchester.ac.uk/medicine-mbchb-2026-academic-requirements/,VERIFY-ON-PAGE,,verified,,https://greatermanchester.ac.uk/course/mbchb-medicine-full-time-5-years-university-of-greater-manchester/2026-27,"Start date 7 September 2027. AI-assisted review of the official page (https://greatermanchester.ac.uk/course/mbchb-medicine-full-time-5-years-university-of-greater-manchester/2026-27, read 2026-10-05 via page-excerpts run 37349210077, sha256 9c27ebdaa4fe0780); quote: ""MBChB Medicine ⏎ Award ⏎ MBChB ⏎ Start Date ⏎ 07/09/2027""",2026-10-05
course:greater-manchester/medicine:application_route,9,Application routes,S114,1,University of Greater Manchester · MBChB Medicine,application_route,,Direct to the university (registration portal on the medical school site); no UCAS listing found,https://medicine.greatermanchester.ac.uk/undergraduate-medical-school/register/,VERIFY-ON-PAGE,,verified,UCAS (UCAS code A100),https://greatermanchester.ac.uk/course/mbchb-medicine-full-time-5-years-university-of-greater-manchester/2026-27,"Correction: the stored value said direct application with no UCAS listing; the university course page now lists UCAS code A100 and refers to the UCAS form. AI-assisted review of the official page (https://greatermanchester.ac.uk/course/mbchb-medicine-full-time-5-years-university-of-greater-manchester/2026-27, read 2026-10-05 via page-excerpts run 37349210077, sha256 9c27ebdaa4fe0780); quote: ""UCAS Points ⏎ 136 ⏎ UCAS Code ⏎ A100 ... Predicted grades (including degrees) must be stated in the academic qualification part of the UCAS form and not in the reference.""",2026-10-05
course:greater-manchester/medicine:admissions_test,9,Application routes,S018,3,University of Greater Manchester · MBChB Medicine,admissions_test,,UCAT required for the September 2028 cohort onwards; requirements for earlier cohorts may differ - 2027 requirement NOT confirmed in this session,https://medicine.greatermanchester.ac.uk/undergraduate-medical-school/,VERIFY-ON-PAGE,,verified,"UCAT is required of all applicants for the September 2028 cohort, taken in the year of application",https://greatermanchester.ac.uk/course/mbchb-medicine-full-time-5-years-university-of-greater-manchester/2026-27,"Medicine-specific statement. The page excerpt states the requirement for the September 2028 cohort only. AI-assisted review of the official page (https://greatermanchester.ac.uk/course/mbchb-medicine-full-time-5-years-university-of-greater-manchester/2026-27, read 2026-10-05 via page-excerpts run 37349210077, sha256 9c27ebdaa4fe0780); quote: ""UCAT: For our September 2028 cohort, all applicants to the University of Greater Manchester School of Medicine are required to take the University Clinical Aptitude Test (UCAT) in the year of their application.""",2026-10-05
course:greater-manchester/medicine:interview_format,9,Application routes,S017,8,University of Greater Manchester · MBChB Medicine,interview_format,,Online/virtual interview comprising a series of mini-interviews and tests (MMI-style),https://medicine.greatermanchester.ac.uk/medicine-mbchb-2026-academic-requirements/,VERIFY-ON-PAGE,,verified,"Online/virtual interview for shortlisted applicants, comprising a series of mini-interviews and tests",https://greatermanchester.ac.uk/course/mbchb-medicine-full-time-5-years-university-of-greater-manchester/2026-27,"AI-assisted review of the official page (https://greatermanchester.ac.uk/course/mbchb-medicine-full-time-5-years-university-of-greater-manchester/2026-27, read 2026-10-05 via page-excerpts run 37349210077, sha256 9c27ebdaa4fe0780); quote: ""Interview process: If your application is successfully shortlisted, you will be required to attend an interview. The interview process will be conducted online/virtually and involves a series of mini-interviews and tests.""",2026-10-05
university:greater-manchester:gmc_status,3,GMC status and registration,S009,13,University of Greater Manchester,gmc_status,,New school under GMC review; university states the programme is 'subject to the GMC's quality assurance process',https://www.gmc-uk.org/education/how-we-quality-assure-education-and-training/approving-education-and-training/institutions-awarding-uk-medical-degrees/new-schools-and-programmes-under-review,VERIFY-ON-PAGE,,verified,"New medical school: the MBChB is subject to the GMC's quality assurance process for new medical schools, with enhanced GMC oversight until the first cohort graduates",https://greatermanchester.ac.uk/course/mbchb-medicine-full-time-5-years-university-of-greater-manchester/2026-27,"University's own statement on its MBChB course page. AI-assisted review of the official page (https://greatermanchester.ac.uk/course/mbchb-medicine-full-time-5-years-university-of-greater-manchester/2026-27, read 2026-10-05 via page-excerpts run 37349210077, sha256 9c27ebdaa4fe0780); quote: ""As a new UK medical school, our MBChB programme is subject to the General Medical Council's (GMC) quality assurance process (GMC Quality Assurance for New Medical Schools). ... As with all new UK medical schools, the programme is subject to enhanced GMC oversight until the first cohort graduates""",2026-10-05
university:greater-manchester:a_level_requirement:2027 entry,5,Nigerian qualifications and entry,S017,8,University of Greater Manchester,a_level_requirement,2027 entry,"AAB incl. Chemistry or Biology + one of Chemistry/Biology/Physics/Maths + third; IB 34 (6,6,5); 5 GCSEs at 6-9 incl. Maths, English Language, two sciences.",https://medicine.greatermanchester.ac.uk/medicine-mbchb-2026-academic-requirements/,NOT_FOUND,,verified,"A-levels: at least AAB, normally in three subjects, including Chemistry or Biology and one of Biology, Chemistry, Physics or Maths, the third in any subject; IB: 34 points overall with 6, 6, 5 in three Higher Level subjects including Chemistry or Biology and one of Biology, Chemistry, Physics or Maths; at least five GCSE/IGCSE at grades 6-9 including Mathematics, English Language and two sciences (including Chemistry and Biology or Double Science)",https://greatermanchester.ac.uk/course/mbchb-medicine-full-time-5-years-university-of-greater-manchester/2026-27,"Medicine-specific statement. Course page showing start date 7 September 2027. AI-assisted review of the official page (https://greatermanchester.ac.uk/course/mbchb-medicine-full-time-5-years-university-of-greater-manchester/2026-27, read 2026-10-05 via page-excerpts run 37349210077, sha256 9c27ebdaa4fe0780); quote: ""You must possess at least five GCSE/IGCSE qualifications at grades 6-9. These must include Mathematics, English Language and two sciences (including Chemistry and Biology or Double Science). ... we require at least three A-levels with a minimum of grades AAB, normally in three subjects, including Chemistry or ... Biology, and one of Biology, Chemistry, Physics, Maths and the third in any subject. ... if you are studying the International Baccalaureate qualification, we require a minimum score of 34 points overall, and a minimum score of 6, 6, 5 in three Higher Level subjects,",2026-10-05
university:greater-manchester:waec_neco_statement:2027 entry,,,,,,,,,,,,verified,"General undergraduate statement (not Medicine-specific): for undergraduate entry to year 1 from Nigeria the University accepts a recognised international foundation course, WAEC plus one or more years of undergraduate study at a reputable Nigerian university with a 2:2 average, or an OND/ND with a credit or distinction profile; WAEC with a minimum of C6 in all subjects including Maths and English is the requirement for its International Foundation Year. The MBChB itself asks for AAB at A-level or IB 34 (or an equivalent assessed individually)",https://greatermanchester.ac.uk/international/your-country-region-entry-requirements/nigeria-contacts,"AI-assisted review of the official page (https://greatermanchester.ac.uk/international/your-country-region-entry-requirements/nigeria-contacts, read 2026-10-05 via page-excerpts run 37349210077, sha256 82a1da0bc48b778b); quote: ""Nigeria ⏎ International Foundation Year ⏎ WAEC with minimum C6 in all subjects including Maths and English ⏎ Undergraduate entry to year 1 ⏎ A recognised international foundation course ⏎ WAEC plus one or more years of Undergraduate studies at a reputable Nigerian University with a 2:2 average ⏎ Ordinary National Diploma (OND/ND) with credit or distinction profile""",2026-10-05
university:greater-manchester:english_requirement:2027 entry,5,Nigerian qualifications and entry,S017,8,University of Greater Manchester,english_requirement,2027 entry,Not captured.,https://medicine.greatermanchester.ac.uk/medicine-mbchb-2026-academic-requirements/,NOT_FOUND,,verified,"General undergraduate requirement (not Medicine-specific): WAEC minimum grade C6 can be accepted as proof of English proficiency (Nigeria page). The MBChB page states that applicants not educated in a country accepted as English-medium must pass an English language test at the level set on the Institute of Medicine's Language Qualifications page, which has not been read",https://greatermanchester.ac.uk/international/your-country-region-entry-requirements/nigeria-contacts,"AI-assisted review of the official page (https://greatermanchester.ac.uk/international/your-country-region-entry-requirements/nigeria-contacts, read 2026-10-05 via page-excerpts run 37349210077, sha256 82a1da0bc48b778b; https://greatermanchester.ac.uk/course/mbchb-medicine-full-time-5-years-university-of-greater-manchester/2026-27, read 2026-10-05 via page-excerpts run 37349210077, sha256 9c27ebdaa4fe0780); quote: ""English Language ⏎ We can accept WAEC minimum grade C6 as proof of English proficiency. ... English language requirements: If you have not completed your education in one of the countries that we accept as being taught in the medium of English, you must pass an English Language test at the required level. Our current requirements can be found here: Language Qualifications - University of Greater Manchester – Institute of Medicine.""",2026-10-05
university:kent-medway:international_accepted,4,Medical school eligibility,S015,7,Kent and Medway Medical School,international_accepted,,yes,https://kmms.ac.uk/entry-requirements-2027/,VERIFY-ON-PAGE,,verified,,https://kmms.ac.uk/entry-requirements-2027/,"Medicine-specific statement. KMMS Entry Requirements 2027 page. AI-assisted review of the official page (https://kmms.ac.uk/entry-requirements-2027/, read 2026-10-05 via page-excerpts run 37349210077, sha256 7f79f826155db21d); quote: ""Group E: International applicants with overseas fee status ⏎ KMMS will consider applicants with international secondary school qualifications according to their UK equivalencies (to GCSE and/or A level, if possible) as per the University of Kent policies.""",2026-10-05
university:kent-medway:international_places_open:2027 entry,4,Medical school eligibility,S015,7,Kent and Medway Medical School,international_places_open,2027 entry,Yes.,https://kmms.ac.uk/entry-requirements-2027/,NOT_FOUND,,verified,Yes: for 2027 entry KMMS considers international applicants with overseas fee status (applicant Group E),https://kmms.ac.uk/entry-requirements-2027/,"Medicine-specific statement. AI-assisted review of the official page (https://kmms.ac.uk/entry-requirements-2027/, read 2026-10-05 via page-excerpts run 37349210077, sha256 7f79f826155db21d); quote: ""Group E: International applicants with overseas fee status ⏎ KMMS will consider applicants with international secondary school qualifications according to their UK equivalencies (to GCSE and/or A level, if possible) as per the University of Kent policies.""",2026-10-05
university:kent-medway:english_requirement:2027 entry,5,Nigerian qualifications and entry,S015,7,Kent and Medway Medical School,english_requirement,2027 entry,"IELTS 7.0 overall with minimum 7.0 in each section (or Cambridge English, TOEFL, PTE Academic).",https://kmms.ac.uk/entry-requirements-2027/,NOT_FOUND,,verified,IELTS Academic 7.0 overall with a minimum of 7.0 in each component; Cambridge English (including CAE and CPE) 191 overall with a minimum of 184 in each skill; TOEFL iBT 104 overall with at least 26 in all components; PTE Academic 70 overall with 70 in each component,https://kmms.ac.uk/entry-requirements-2027/,"Medicine-specific statement. AI-assisted review of the official page (https://kmms.ac.uk/entry-requirements-2027/, read 2026-10-05 via page-excerpts run 37349210077, sha256 7f79f826155db21d); quote: ""The English language test results acceptable to KMMS are: ⏎ English Language Qualification KMMS Required Scores ⏎ IELTS Academic 7.0 overall and a minimum of 7.0 in each component (Reading, Writing, Speaking and Listening) ⏎ Cambridge English (including CAE and CPE) 191 overall with a minimum of 184 in Writing, Reading, Speaking and Listening ⏎ TOEFL iBT 104 overall including at least 26 in all components ... PTE Academic (Pearson) 70 overall with 70 in each component""",2026-10-05
university:kent-medway:waec_neco_statement:2027 entry,,,,,,,,,,,,verified,"No WAEC/NECO-specific rule is published on the KMMS 2027 entry requirements page; KMMS considers international applicants' secondary school qualifications according to their UK equivalencies (to GCSE and/or A level, if possible) under University of Kent policies",https://kmms.ac.uk/entry-requirements-2027/,"Medicine-specific statement. WAEC, WASSCE, NECO and Nigeria do not appear on the page (documented absence). AI-assisted review of the official page (https://kmms.ac.uk/entry-requirements-2027/, read 2026-10-05 via page-excerpts run 37349210077, sha256 7f79f826155db21d); quote: ""Group E: International applicants with overseas fee status ⏎ KMMS will consider applicants with international secondary school qualifications according to their UK equivalencies (to GCSE and/or A level, if possible) as per the University of Kent policies.""",2026-10-05
course:kent-medway/a100:application_route,,,,,,,,,,,,verified,UCAS only,https://kmms.ac.uk/entry-requirements-2027/,"AI-assisted review of the official page (https://kmms.ac.uk/entry-requirements-2027/, read 2026-10-05 via page-excerpts run 37349210077, sha256 7f79f826155db21d); quote: ""KMMS only accepts applications through UCAS.""",2026-10-05
course:kent-medway/a100:admissions_test,,,,,,,,,,,,verified,UCAT: all applicants must sit it in the year of application; KMMS applies UCAT thresholds,https://kmms.ac.uk/entry-requirements-2027/,"AI-assisted review of the official page (https://kmms.ac.uk/entry-requirements-2027/, read 2026-10-05 via page-excerpts run 37349210077, sha256 7f79f826155db21d); quote: ""KMMS requires all applicants to sit the UCAT, and uses (generous) UCAT thresholds ... Stage 2a: All applicants will need to have sat the UCAT examination in the year of application.""",2026-10-05
course:kent-medway/a100:interview_format,,,,,,,,,,,,verified,Multi-Station Mini Interview (MMI); shortlisted applicants book an appointment through KentVision,https://kmms.ac.uk/entry-requirements-2027/,"Station counts, timings and dates in the stored value are not on this page and are dropped. AI-assisted review of the official page (https://kmms.ac.uk/entry-requirements-2027/, read 2026-10-05 via page-excerpts run 37349210077, sha256 7f79f826155db21d); quote: ""Shortlisted applicants are invited via their KentVision account to book an available appointment for the Multi-Station Mini Interview (MMI).""",2026-10-05
university:leicester:international_accepted,4,Medical school eligibility,S064,17,University of Leicester,international_accepted,,yes,https://www.theukcatpeople.co.uk/post/uk-medical-school-tuition-fees-for-international-students-to-study-medicine,VERIFY-ON-PAGE,,verified,,https://le.ac.uk/study/medicine/entry-requirements/mbchb-2027,"Medicine-specific statement. A100 Medicine MBChB 2027 entry requirements page. AI-assisted review of the official page (https://le.ac.uk/study/medicine/entry-requirements/mbchb-2027, read 2026-10-05 via page-excerpts run 37349210077, sha256 310d4b0dd24bf6a9); quote: ""If you studied outside the UK, please see our academic requirements for international students. ... internal school transcripts must be submitted to medadmis@le.ac.uk before the October UCAS deadline (this will be the case for the majority of international candidates).""",2026-10-05
course:leicester/a100:ucas_code,10,Course availability,S113,2,University of Leicester · Medicine MBChB,ucas_code,,A100,https://le.ac.uk/study/medicine/entry-requirements/mbchb-2027,VERIFY-ON-PAGE,,verified,,https://le.ac.uk/study/medicine/entry-requirements/mbchb-2027,"AI-assisted review of the official page (https://le.ac.uk/study/medicine/entry-requirements/mbchb-2027, read 2026-10-05 via page-excerpts run 37349210077, sha256 310d4b0dd24bf6a9); quote: ""Medicine MBChB (A100) ⏎ Browse our entry requirements for the A100 Medicine MBChB course.""",2026-10-05
course:leicester/a100:application_route,9,Application routes,S113,2,University of Leicester · Medicine MBChB,application_route,,UCAS,https://le.ac.uk/study/medicine/entry-requirements/mbchb-2027,VERIFY-ON-PAGE,,verified,UCAS (UCAS code A100),https://le.ac.uk/study/medicine/entry-requirements/mbchb-2027,"AI-assisted review of the official page (https://le.ac.uk/study/medicine/entry-requirements/mbchb-2027, read 2026-10-05 via page-excerpts run 37349210077, sha256 310d4b0dd24bf6a9); quote: ""internal school transcripts must be submitted to medadmis@le.ac.uk before the October UCAS deadline ... All academic attainment must be declared on UCAS""",2026-10-05
course:leicester/a100:admissions_test,9,Application routes,S134,25,University of Leicester · Medicine MBChB,admissions_test,,UCAT,https://www.ucat.ac.uk/about-ucat/universities/,VERIFY-ON-PAGE,,verified,UCAT (used with academic performance to select applicants for interview),https://le.ac.uk/study/medicine/entry-requirements/mbchb-2027,"AI-assisted review of the official page (https://le.ac.uk/study/medicine/entry-requirements/mbchb-2027, read 2026-10-05 via page-excerpts run 37349210077, sha256 310d4b0dd24bf6a9); quote: ""Please see our scoring document (PDF, 319kB) for how we score and select applicants for interview based on academic and UCAT performance.""",2026-10-05
course:newcastle/a100:ucas_code,10,Course availability,S093,4,Newcastle University · Medicine and Surgery MB BS,ucas_code,,A100,https://www.ncl.ac.uk/undergraduate/degrees/a100/,VERIFY-ON-PAGE,,verified,,https://www.ncl.ac.uk/undergraduate/degrees/a100/,"AI-assisted review of the official page (https://www.ncl.ac.uk/undergraduate/degrees/a100/, read 2026-10-05 via page-excerpts run 37349210077, sha256 78324efb17343b31); quote: ""UCAS code ⏎ A100 ⏎ UCAS institution name and code ⏎ NEWC / N21""",2026-10-05
course:newcastle/a100:application_route,9,Application routes,S093,4,Newcastle University · Medicine and Surgery MB BS,application_route,,UCAS,https://www.ncl.ac.uk/undergraduate/degrees/a100/,VERIFY-ON-PAGE,,verified,"UCAS (UCAS code A100, institution code N21)",https://www.ncl.ac.uk/undergraduate/degrees/a100/,"AI-assisted review of the official page (https://www.ncl.ac.uk/undergraduate/degrees/a100/, read 2026-10-05 via page-excerpts run 37349210077, sha256 78324efb17343b31); quote: ""UCAS code ⏎ A100 ⏎ UCAS institution name and code ⏎ NEWC / N21 ... How to apply ⏎ Apply through UCAS""",2026-10-05
university:newcastle:a_level_requirement:2027 entry,5,Nigerian qualifications and entry,S053,5,Newcastle University,a_level_requirement,2027 entry,AAA; IB reported 36 with HL Biology or Chemistry + second HL science (verify — may be 38). International applicants scored on UCAT only.,https://www.ncl.ac.uk/international/language/,NOT_FOUND,,verified,Typical entry requirements for 2027 entry: A-level AAA; IB 36 points,https://www.ncl.ac.uk/undergraduate/degrees/a100/,"Medicine-specific statement. Subject requirements and the international scoring method in the stored value are not on this page and are dropped. AI-assisted review of the official page (https://www.ncl.ac.uk/undergraduate/degrees/a100/, read 2026-10-05 via page-excerpts run 37349210077, sha256 78324efb17343b31); quote: ""Medicine and Surgery MB BS ⏎ 2027 ⏎ entry information ... Typical entry requirements ⏎ A-Level: AAA ⏎ IB: 36 points""",2026-10-05
university:newcastle:international_places_open:2027 entry,4,Medical school eligibility,S053,5,Newcastle University,international_places_open,2027 entry,Yes — verify.,https://www.ncl.ac.uk/international/language/,NOT_FOUND,,verified,"Yes: the MB BS (2027 entry) lists an international tuition fee (Year 1) of £48,600",https://www.ncl.ac.uk/undergraduate/degrees/a100/,"Medicine-specific statement. AI-assisted review of the official page (https://www.ncl.ac.uk/undergraduate/degrees/a100/, read 2026-10-05 via page-excerpts run 37349210077, sha256 78324efb17343b31); quote: ""Medicine and Surgery MB BS ⏎ 2027 ⏎ entry information ... Tuition fees (Year 1) ⏎ FT Home: £10,050 ⏎ FT International: £48,600""",2026-10-05
course:plymouth/medicine:admissions_test,9,Application routes,S134,25,University of Plymouth · Medicine,admissions_test,,UCAT,https://www.ucat.ac.uk/about-ucat/universities/,VERIFY-ON-PAGE,,verified,"UCAT (sat in the year of application), used alongside A levels and GCSEs to select applicants for interview; GAMSAT is an alternative qualifying route",https://www.plymouth.ac.uk/courses/undergraduate/bmbs-bachelor-of-medicine-bachelor-of-surgery,"Medicine-specific statement. AI-assisted review of the official page (https://www.plymouth.ac.uk/courses/undergraduate/bmbs-bachelor-of-medicine-bachelor-of-surgery, read 2026-10-05 via page-excerpts run 37349210077, sha256 a8bf8041fe715b6f); quote: ""you must have one of the following combinations of qualifications: ⏎ GCSE, A levels and UCAT ⏎ GAMSAT ... Peninsula Medical School uses the University Clinical Aptitude Test (UCAT) alongside A levels and GCSEs to select applicants for interview. ... The UCAT is valid for 12 months and must be sat in the year of application.""",2026-10-05
university:southampton:international_accepted,4,Medical school eligibility,S064,17,University of Southampton,international_accepted,,yes,https://www.theukcatpeople.co.uk/post/uk-medical-school-tuition-fees-for-international-students-to-study-medicine,VERIFY-ON-PAGE,,verified,,https://www.southampton.ac.uk/courses/medicine-bm5-degree-bmbs,"Medicine-specific statement. Medicine BM5 (BMBS) entry requirements for academic year 2027/28. AI-assisted review of the official page (https://www.southampton.ac.uk/courses/medicine-bm5-degree-bmbs, read 2026-10-05 via page-excerpts run 37349210077, sha256 f8c6da8c79183a73); quote: ""BM5 is open to Home and International students. International applicants must meet the entry requirements for either a School Leaver, Graduate or Mature Non-Graduate through the listed or equivalent qualifications.""",2026-10-05
course:southampton/medicine:admissions_test,9,Application routes,S134,25,University of Southampton · Medicine,admissions_test,,UCAT,https://www.ucat.ac.uk/about-ucat/universities/,VERIFY-ON-PAGE,,verified,"UCAT: all applicants must take it in the year they apply, before the 15 October UCAS deadline",https://www.southampton.ac.uk/courses/medicine-bm5-degree-bmbs,"AI-assisted review of the official page (https://www.southampton.ac.uk/courses/medicine-bm5-degree-bmbs, read 2026-10-05 via page-excerpts run 37349210077, sha256 f8c6da8c79183a73); quote: ""All applicants must sit the UCAT test before the 15th October UCAS deadline. Applicants must take UCAT in the year they are applying.""",2026-10-05
course:southampton/medicine:clinical_years_fee_differs,,,,,,,,,,,,verified,1,https://www.southampton.ac.uk/courses/medicine-bm5-degree-bmbs,"International fee is £35,900 per year for years 1-2 and £64,900 per year for clinical years 3, 4 and 5 (Medicine BM5). The page section gives no academic year for the fee. AI-assisted review of the official page (https://www.southampton.ac.uk/courses/medicine-bm5-degree-bmbs, read 2026-10-05 via page-excerpts run 37349210077, sha256 f8c6da8c79183a73); quote: ""EU and international students pay £35,900. ... If you're an EU or international student, please note that fees for your clinical years - years 3, 4 and 5 - are £64,900 per year.""",2026-10-05
university:surrey:gmc_status,3,GMC status and registration,S009,13,University of Surrey,gmc_status,,New school under GMC review,https://www.gmc-uk.org/education/how-we-quality-assure-education-and-training/approving-education-and-training/institutions-awarding-uk-medical-degrees/new-schools-and-programmes-under-review,VERIFY-ON-PAGE,,verified,,https://www.surrey.ac.uk/undergraduate/medicine-graduate-entry,"University's own statement on its Medicine (Graduate Entry) BMBS page. AI-assisted review of the official page (https://www.surrey.ac.uk/undergraduate/medicine-graduate-entry, read 2026-10-05 via page-excerpts run 37349210077, sha256 d9b45953429b48f7); quote: ""We are listed on the World Directory of Medical Schools and are recognised by the General Medical Council as a new school under review.""",2026-10-05
course:surrey/medicine:graduate_entry_course,10,Course availability,S141,41,University of Surrey · Medicine,graduate_entry_course,,yes,https://www.medschools.ac.uk/about-us/our-members/,VERIFY-ON-PAGE,,verified,,https://www.surrey.ac.uk/undergraduate/medicine-graduate-entry,"Medicine (Graduate Entry) BMBS, UCAS code A101, four years, typical offer a 2:1 UK honours degree (or equivalent). AI-assisted review of the official page (https://www.surrey.ac.uk/undergraduate/medicine-graduate-entry, read 2026-10-05 via page-excerpts run 37349210077, sha256 d9b45953429b48f7); quote: ""KEY COURSE INFORMATION ⏎ Course options ⏎ BMBS ⏎ BMBS ⏎ Typical offer ⏎ 2:1 UK honours degree (or equivalent) ⏎ Start date ⏎ September 2027 ⏎ Full time ⏎ 4 years""",2026-10-05
university:wolverhampton:international_places_open:2027 entry,4,Medical school eligibility,S069,7,University of Wolverhampton,international_places_open,2027 entry,2027 intake international-only; 50 places.,https://www.wlv.ac.uk/courses/mbchb-medicine/,VERIFY-ON-PAGE,,verified,Yes: 50 places for international students in 2027,https://www.wlv.ac.uk/courses/mbchb-medicine/,"Medicine-specific statement. ""International-only"" is not stated in the page excerpts and is dropped. AI-assisted review of the official page (https://www.wlv.ac.uk/courses/mbchb-medicine/, read 2026-10-05 via page-excerpts run 37349210077, sha256 2077293c6b532e1d); quote: ""In 2027, we are offering 50 places for international students.""",2026-10-05
university:wolverhampton:english_requirement:2027 entry,5,Nigerian qualifications and entry,S069,7,University of Wolverhampton,english_requirement,2027 entry,Not captured.,https://www.wlv.ac.uk/courses/mbchb-medicine/,NOT_FOUND,,verified,MBChB: IELTS Academic 7.5 overall with no individual component below 7.0 (or an equivalent recognised qualification) if English is not your first language,https://www.wlv.ac.uk/courses/mbchb-medicine/,"Medicine-specific statement. AI-assisted review of the official page (https://www.wlv.ac.uk/courses/mbchb-medicine/, read 2026-10-05 via page-excerpts run 37349210077, sha256 2077293c6b532e1d); quote: ""English Language Requirements - if English is not your first language, you must demonstrate a high level of proficiency. We require an IELTS Academic score of 7.5 overall, with no individual component below 7.0 (or an equivalent recognised qualification).""",2026-10-05
university:wolverhampton:a_level_requirement:2027 entry,5,Nigerian qualifications and entry,S069,7,University of Wolverhampton,a_level_requirement,2027 entry,"AAA incl. Chemistry and Biology; IB 37 (7,6,6) with HL Chemistry and Biology; 6 GCSEs at 6/B incl. English Language, Maths, Biology, Chemistry.",https://www.wlv.ac.uk/courses/mbchb-medicine/,VERIFY-ON-PAGE,,verified,"A-levels: minimum AAA including Chemistry and Biology (third subject not General Studies or Critical Thinking); at least six GCSEs at grade 6/B or above including English Language, Mathematics, Biology, Chemistry or Double Science (or overseas equivalent)",https://www.wlv.ac.uk/courses/mbchb-medicine/,"Medicine-specific statement. The IB requirement in the stored value is not in the page excerpts and is dropped. AI-assisted review of the official page (https://www.wlv.ac.uk/courses/mbchb-medicine/, read 2026-10-05 via page-excerpts run 37349210077, sha256 2077293c6b532e1d); quote: ""GCSEs (or equivalent) At least six GCSEs at grade 6/B or above, including English Language, Mathematics, Biology, Chemistry, or Double Science (or overseas equivalent). ... A-levels Minimum AAA, including Chemistry and Biology. The third subject must not be General Studies or Critical Thinking.""",2026-10-05
university:wolverhampton:gem_international:2027 entry,4,Medical school eligibility,S069,7,University of Wolverhampton,gem_international,2027 entry,n/a,https://www.wlv.ac.uk/courses/mbchb-medicine/,VERIFY-ON-PAGE,,verified,No graduate-entry or accelerated route: graduates must complete the full five-year MBChB,https://www.wlv.ac.uk/courses/mbchb-medicine/,"Medicine-specific statement. AI-assisted review of the official page (https://www.wlv.ac.uk/courses/mbchb-medicine/, read 2026-10-05 via page-excerpts run 37349210077, sha256 2077293c6b532e1d); quote: ""No transfers or accelerated entry routes are available. All graduates must complete the full five-year programme.""",2026-10-05
university:birmingham:international_accepted,4,Medical school eligibility,S024,10,University of Birmingham,international_accepted,,yes,https://www.birmingham.ac.uk/about/college-of-medicine-and-health/birmingham-medical-school/applying-to-medicine/entry-requirements-medicine-and-surgery-five-year,VERIFY-ON-PAGE,,verified,,https://www.birmingham.ac.uk/about/college-of-medicine-and-health/birmingham-medical-school/applying-to-medicine/entry-requirements-medicine-and-surgery-five-year,"Medicine-specific statement. Medicine and Surgery (five-year) entry requirements page, 2027 entry. AI-assisted review of the official page (https://www.birmingham.ac.uk/about/college-of-medicine-and-health/birmingham-medical-school/applying-to-medicine/entry-requirements-medicine-and-surgery-five-year, read 2026-10-05 via page-excerpts run 37349210077, sha256 970bd943a2d45901); quote: ""The entry requirements listed on this page are applicable to 2027 entry. ... International Applicants and Home Applicants with non-UK Qualifications ⏎ We have up to 28 places available for students who are assessed as international for fee-paying purposes.""",2026-10-05
university:birmingham:international_places,4,Medical school eligibility,S024,10,University of Birmingham,international_places,,28,https://www.birmingham.ac.uk/about/college-of-medicine-and-health/birmingham-medical-school/applying-to-medicine/entry-requirements-medicine-and-surgery-five-year,VERIFY-ON-PAGE,,verified,28,https://www.birmingham.ac.uk/about/college-of-medicine-and-health/birmingham-medical-school/applying-to-medicine/entry-requirements-medicine-and-surgery-five-year,"Medicine-specific statement. ""Up to 28"" places, 2027 entry. AI-assisted review of the official page (https://www.birmingham.ac.uk/about/college-of-medicine-and-health/birmingham-medical-school/applying-to-medicine/entry-requirements-medicine-and-surgery-five-year, read 2026-10-05 via page-excerpts run 37349210077, sha256 970bd943a2d45901); quote: ""The entry requirements listed on this page are applicable to 2027 entry. ... International Applicants and Home Applicants with non-UK Qualifications ⏎ We have up to 28 places available for students who are assessed as international for fee-paying purposes.""",2026-10-05
university:birmingham:international_places_open:2027 entry,4,Medical school eligibility,S024,10,University of Birmingham,international_places_open,2027 entry,Yes.,https://www.birmingham.ac.uk/about/college-of-medicine-and-health/birmingham-medical-school/applying-to-medicine/entry-requirements-medicine-and-surgery-five-year,VERIFY-ON-PAGE,,verified,Yes: up to 28 places for students assessed as international for fee-paying purposes (2027 entry).,https://www.birmingham.ac.uk/about/college-of-medicine-and-health/birmingham-medical-school/applying-to-medicine/entry-requirements-medicine-and-surgery-five-year,"Medicine-specific statement. AI-assisted review of the official page (https://www.birmingham.ac.uk/about/college-of-medicine-and-health/birmingham-medical-school/applying-to-medicine/entry-requirements-medicine-and-surgery-five-year, read 2026-10-05 via page-excerpts run 37349210077, sha256 970bd943a2d45901); quote: ""The entry requirements listed on this page are applicable to 2027 entry. ... International Applicants and Home Applicants with non-UK Qualifications ⏎ We have up to 28 places available for students who are assessed as international for fee-paying purposes.""",2026-10-05
university:birmingham:english_requirement:2027 entry,5,Nigerian qualifications and entry,S024,10,University of Birmingham,english_requirement,2027 entry,IELTS 7.0 with no band below 7.0; TOEFL 95 (23 each); PTE 67 all skills.,https://www.birmingham.ac.uk/about/college-of-medicine-and-health/birmingham-medical-school/applying-to-medicine/entry-requirements-medicine-and-surgery-five-year,VERIFY-ON-PAGE,,verified,IELTS 7.0 overall with no less than 7.0 in any band; TOEFL 95 overall with no less than 23 in any band; PTE 67 in all four skills; Cambridge English Proficiency (exams taken from 2015) minimum overall score of 185 with no less than 185 in any component.,https://www.birmingham.ac.uk/about/college-of-medicine-and-health/birmingham-medical-school/applying-to-medicine/entry-requirements-medicine-and-surgery-five-year,"Medicine-specific statement. Listed on the Medicine and Surgery (five-year) entry requirements page for 2027 entry. AI-assisted review of the official page (https://www.birmingham.ac.uk/about/college-of-medicine-and-health/birmingham-medical-school/applying-to-medicine/entry-requirements-medicine-and-surgery-five-year, read 2026-10-05 via page-excerpts run 37349210077, sha256 970bd943a2d45901); quote: ""Have excellent written and spoken English. The university’s standard English requirements are minimum standards:  ⏎ IELTS - 7.0 overall with no less than 7.0 in any band ⏎ TOEFL - 95 overall with no less than 23 in any band ⏎ Pearson Test of English (PTE) - PTE 67 in all four skills ⏎ Cambridge English (exams taken from 2015) - Proficiency Minimum overall score of 185, with no less than 185 in any component""",2026-10-05
university:birmingham:a_level_requirement:2027 entry,5,Nigerian qualifications and entry,S024,10,University of Birmingham,a_level_requirement,2027 entry,"A*AA (verify on five-year entry page). International: academic threshold, then ranked by total UCAT (excl. SJT), then personal statement.",https://www.birmingham.ac.uk/about/college-of-medicine-and-health/birmingham-medical-school/applying-to-medicine/entry-requirements-medicine-and-surgery-five-year,VERIFY-ON-PAGE,,verified,"AAA, with a predicted minimum of AAB, including Chemistry plus a second science from Biology/Human Biology, Physics or Maths (September 2027 entry).",https://www.birmingham.ac.uk/study/undergraduate/subjects/medicine-courses/medicine-and-surgery-mbchb,"Medicine-specific statement. Replaces the stored A*AA lead: the course page for September 2027 entry shows AAA. AI-assisted review of the official page (https://www.birmingham.ac.uk/study/undergraduate/subjects/medicine-courses/medicine-and-surgery-mbchb, read 2026-10-05 via page-excerpts run 37349210077, sha256 0a6b12ef873a9ae2); quote: ""Start date ⏎ September 2027 ⏎ Duration ⏎ 5 years ⏎ Award ⏎ Bachelor of Medicine, Bachelor of Surgery ⏎ Entry requirements ⏎ AAA with predicted AAB including Chemistry plus a second science from Biology/Human Biology, Physics or Maths ... A levels must include Chemistry and a second science from Biology/Human Biology, Physics or Maths. You must be predicted a minimum of AAB.""",2026-10-05
course:birmingham/a100:ucas_code,10,Course availability,S116,2,University of Birmingham · MBChB Medicine and Surgery (five-year),ucas_code,,A100,https://www.birmingham.ac.uk/documents/college-mds/medical-school/mbchb-admissions-statistics-sept-2024.pdf,VERIFY-ON-PAGE,,verified,,https://www.birmingham.ac.uk/study/undergraduate/subjects/medicine-courses/medicine-and-surgery-mbchb,"AI-assisted review of the official page (https://www.birmingham.ac.uk/study/undergraduate/subjects/medicine-courses/medicine-and-surgery-mbchb, read 2026-10-05 via page-excerpts run 37349210077, sha256 0a6b12ef873a9ae2); quote: ""UCAS code ⏎ A100 ⏎ Campus ⏎ Birmingham (Edgbaston)""",2026-10-05
course:birmingham/a100:course_length_years,10,Course availability,S024,10,University of Birmingham · MBChB Medicine and Surgery (five-year),course_length_years,,5,https://www.birmingham.ac.uk/about/college-of-medicine-and-health/birmingham-medical-school/applying-to-medicine/entry-requirements-medicine-and-surgery-five-year,VERIFY-ON-PAGE,,verified,,https://www.birmingham.ac.uk/study/undergraduate/subjects/medicine-courses/medicine-and-surgery-mbchb,"AI-assisted review of the official page (https://www.birmingham.ac.uk/study/undergraduate/subjects/medicine-courses/medicine-and-surgery-mbchb, read 2026-10-05 via page-excerpts run 37349210077, sha256 0a6b12ef873a9ae2); quote: ""Start date ⏎ September 2027 ⏎ Duration ⏎ 5 years""",2026-10-05
course:birmingham/a100:admissions_test,9,Application routes,S134,25,University of Birmingham · MBChB Medicine and Surgery (five-year),admissions_test,,UCAT,https://www.ucat.ac.uk/about-ucat/universities/,VERIFY-ON-PAGE,,verified,UCAT (in the year of application),https://www.birmingham.ac.uk/about/college-of-medicine-and-health/birmingham-medical-school/applying-to-medicine/entry-requirements-medicine-and-surgery-five-year,"AI-assisted review of the official page (https://www.birmingham.ac.uk/about/college-of-medicine-and-health/birmingham-medical-school/applying-to-medicine/entry-requirements-medicine-and-surgery-five-year, read 2026-10-05 via page-excerpts run 37349210077, sha256 970bd943a2d45901); quote: ""The entry requirements listed on this page are applicable to 2027 entry. ⏎ All applicants must: ⏎ Apply through UCAS ⏎ Offer acceptable academic qualifications ⏎ Sit the University Clinical Aptitude Test (UCAT) in year of application""",2026-10-05
course:birmingham/a100:application_route,9,Application routes,S116,2,University of Birmingham · MBChB Medicine and Surgery (five-year),application_route,,UCAS,https://www.birmingham.ac.uk/documents/college-mds/medical-school/mbchb-admissions-statistics-sept-2024.pdf,VERIFY-ON-PAGE,,verified,,https://www.birmingham.ac.uk/about/college-of-medicine-and-health/birmingham-medical-school/applying-to-medicine/entry-requirements-medicine-and-surgery-five-year,"AI-assisted review of the official page (https://www.birmingham.ac.uk/about/college-of-medicine-and-health/birmingham-medical-school/applying-to-medicine/entry-requirements-medicine-and-surgery-five-year, read 2026-10-05 via page-excerpts run 37349210077, sha256 970bd943a2d45901); quote: ""The entry requirements listed on this page are applicable to 2027 entry. ⏎ All applicants must: ⏎ Apply through UCAS""",2026-10-05
university:cambridge:international_accepted,4,Medical school eligibility,S068,5,University of Cambridge,international_accepted,,yes,https://www.undergraduate.study.cam.ac.uk/courses/medicine-mb-bchir,VERIFY-ON-PAGE,,verified,,https://www.undergraduate.study.cam.ac.uk/courses/medicine-mb-bchir,"Medicine-specific statement. Course page lists 22 overseas fee status places (October 2027 start). AI-assisted review of the official page (https://www.undergraduate.study.cam.ac.uk/courses/medicine-mb-bchir, read 2026-10-05 via page-excerpts run 37349210077, sha256 0591bdb1b88102a4); quote: ""Key information ⏎ UCAS code ⏎ A100 ⏎ Course length ⏎ MB, BChir 6 years full-time ⏎ Start date ⏎ October 2027 ⏎ Study at ⏎ All Colleges, except Hughes Hall ⏎ Applicant numbers ⏎ Overseas fee status places: 22""",2026-10-05
university:cambridge:international_places,4,Medical school eligibility,S068,5,University of Cambridge,international_places,,22,https://www.undergraduate.study.cam.ac.uk/courses/medicine-mb-bchir,VERIFY-ON-PAGE,,verified,22,https://www.undergraduate.study.cam.ac.uk/courses/medicine-mb-bchir,"Medicine-specific statement. Overseas fee status places shown on the course page (October 2027 start). AI-assisted review of the official page (https://www.undergraduate.study.cam.ac.uk/courses/medicine-mb-bchir, read 2026-10-05 via page-excerpts run 37349210077, sha256 0591bdb1b88102a4); quote: ""Key information ⏎ UCAS code ⏎ A100 ⏎ Course length ⏎ MB, BChir 6 years full-time ⏎ Start date ⏎ October 2027 ⏎ Study at ⏎ All Colleges, except Hughes Hall ⏎ Applicant numbers ⏎ Overseas fee status places: 22""",2026-10-05
course:cambridge/a100:ucas_code,10,Course availability,S144,1,University of Cambridge · Medicine MB BChir,ucas_code,,A100,https://www.medschools.ac.uk/courses/university-of-cambridge-mb-bchir-medicine-a100/,VERIFY-ON-PAGE,,verified,,https://www.undergraduate.study.cam.ac.uk/courses/medicine-mb-bchir,"AI-assisted review of the official page (https://www.undergraduate.study.cam.ac.uk/courses/medicine-mb-bchir, read 2026-10-05 via page-excerpts run 37349210077, sha256 0591bdb1b88102a4); quote: ""Key information ⏎ UCAS code ⏎ A100""",2026-10-05
course:cambridge/a100:admissions_test,9,Application routes,S068,5,University of Cambridge · Medicine MB BChir,admissions_test,,UCAT (cognitive subtests; SJT not used for 2027 entry),https://www.undergraduate.study.cam.ac.uk/courses/medicine-mb-bchir,VERIFY-ON-PAGE,,verified,UCAT (overall cognitive subtest score; the situational judgement score is not used for 2027 entry),https://www.undergraduate.study.cam.ac.uk/courses/medicine-mb-bchir,"AI-assisted review of the official page (https://www.undergraduate.study.cam.ac.uk/courses/medicine-mb-bchir, read 2026-10-05 via page-excerpts run 37349210077, sha256 0591bdb1b88102a4); quote: ""Applicants to A100 ⏎ For UCAT results, we will look at an applicant’s overall cognitive subtest score. We will not be using the situational judgement score as part of our assessment for 2027 entry.""",2026-10-05
course:hertfordshire/medicine:admissions_test,9,Application routes,S134,25,University of Hertfordshire · MBBS,admissions_test,,UCAT (University of Hertfordshire appears in UCAT consortium list),https://www.ucat.ac.uk/about-ucat/universities/,VERIFY-ON-PAGE,,verified,"UCAT (taken in the summer before applying; applicants are ranked by UCAT score for interview, with no standard cut-off)",https://www.herts.ac.uk/courses/undergraduate-courses/medicine/mbbs-int-ent-req,"AI-assisted review of the official page (https://www.herts.ac.uk/courses/undergraduate-courses/medicine/mbbs-int-ent-req, read 2026-10-05 via page-excerpts run 37349210077, sha256 c00e242d79b8d13d); quote: ""UCAT : All applicants are required to take the UCAT test in the summer prior to submitting their application, i.e. in July - September. ... While we include the UCAT score within our selection process, we do not have a standard cut off value. Applicants will be ranked by their UCAT score and a certain number will be invited to an Interview Day, provided you meet our main academic entry requirements.""",2026-10-05
course:hertfordshire/medicine:intake_month,9,Application routes,S120,1,University of Hertfordshire · MBBS,intake_month,,September,https://www.herts.ac.uk/about-us/news-and-events/news/2025/hertfordshire-medical-school-to-train-next-generation-of-doctors,VERIFY-ON-PAGE,,verified,September,https://www.herts.ac.uk/courses/undergraduate/mbbs-medicine,"AI-assisted review of the official page (https://www.herts.ac.uk/courses/undergraduate/mbbs-medicine, read 2026-10-05 via page-excerpts run 37349210077, sha256 b52f491b6d35ba8e); quote: ""The MBBS degree is available to international students for September 2026 entry, with plans to open to home students soon after.""",2026-10-05
university:hertfordshire:gmc_status,3,GMC status and registration,S009,13,University of Hertfordshire,gmc_status,,New school under GMC review,https://www.gmc-uk.org/education/how-we-quality-assure-education-and-training/approving-education-and-training/institutions-awarding-uk-medical-degrees/new-schools-and-programmes-under-review,VERIFY-ON-PAGE,,verified,"New medical school under GMC review: the university is working with the GMC towards approval to award UK primary medical qualifications, which can follow at the end of the first cohort cycle.",https://www.herts.ac.uk/courses/undergraduate/mbbs-medicine,"University's own statement; consistent with the GMC new-schools list cited as the stored source. AI-assisted review of the official page (https://www.herts.ac.uk/courses/undergraduate/mbbs-medicine, read 2026-10-05 via page-excerpts run 37349210077, sha256 b52f491b6d35ba8e); quote: ""We are working with the General Medicine Council (GMC) to gain accreditation for our Medicine MBBS degree. The GMC reviews all new UK medical schools every year, following the first cohort from their first year until graduation ... At the end of this first cycle, the GMC can approve the Hertfordshire Medical School as a body that can award UK primary medical qualifications.""",2026-10-05
university:kings-college-london:international_accepted,4,Medical school eligibility,S062,3,King's College London,international_accepted,,yes,https://www.theukcatpeople.co.uk/guide/medical-school/medicine/university-of-kings-college-london-,VERIFY-ON-PAGE,,verified,,https://www.kcl.ac.uk/study/undergraduate/courses/medicine-mbbs/fees,"Medicine-specific statement. International fee published for the Medicine MBBS (2027-28). AI-assisted review of the official page (https://www.kcl.ac.uk/study/undergraduate/courses/medicine-mbbs/fees, read 2026-10-05 via page-excerpts run 37349210077, sha256 c51042632a5ecf22); quote: ""Full time tuition fees international ⏎ The International tuition fee for the 2027-2028 academic year is £60,200 per year.""",2026-10-05
university:kings-college-london:international_places_open:2027 entry,4,Medical school eligibility,S042,6,King's College London,international_places_open,2027 entry,Yes.,https://www.kcl.ac.uk/study/undergraduate/courses/medicine-mbbs/requirements,NOT_FOUND,,verified,Yes: an international tuition fee is published for 2027-28 and applications are open for the September 2027 start.,https://www.kcl.ac.uk/study/undergraduate/courses/medicine-mbbs/fees,"Medicine-specific statement. AI-assisted review of the official page (https://www.kcl.ac.uk/study/undergraduate/courses/medicine-mbbs/fees, read 2026-10-05 via page-excerpts run 37349210077, sha256 c51042632a5ecf22); quote: ""Full time tuition fees international ⏎ The International tuition fee for the 2027-2028 academic year is £60,200 per year. ... Application status: ⏎ Open ⏎ Start date: ⏎ September 2027 ⏎ Application deadline: ⏎ 15 October 2026""",2026-10-05
course:kings-college-london/a100:ucas_code,10,Course availability,S062,3,King's College London · MBBS Medicine,ucas_code,,A100,https://www.theukcatpeople.co.uk/guide/medical-school/medicine/university-of-kings-college-london-,VERIFY-ON-PAGE,,verified,,https://www.kcl.ac.uk/study/undergraduate/courses/medicine-mbbs,"AI-assisted review of the official page (https://www.kcl.ac.uk/study/undergraduate/courses/medicine-mbbs, read 2026-10-05 via page-excerpts run 37349210077, sha256 63c39cd81f5aab60); quote: ""Key Information ⏎ UCAS code: ⏎ A100""",2026-10-05
course:kings-college-london/a100:admissions_test,9,Application routes,S134,25,King's College London · MBBS Medicine,admissions_test,,"UCAT (compulsory for all applicants worldwide, same calendar year)",https://www.ucat.ac.uk/about-ucat/universities/,VERIFY-ON-PAGE,,verified,UCAT (required of all applicants; the overall score is used in shortlisting and the SJT is not taken into account when shortlisting),https://www.kcl.ac.uk/study/undergraduate/courses/medicine-mbbs/entry-requirements,"AI-assisted review of the official page (https://www.kcl.ac.uk/study/undergraduate/courses/medicine-mbbs/entry-requirements, read 2026-10-05 via page-excerpts run 37349210077, sha256 e4012443e4658d18); quote: ""All applicants must take the UCAT. ... The overall UCAT score is considered as part of the shortlisting process. Individual UCAT subtest scores are not considered separately, and the Situational Judgement Test (SJT) is not taken into account when shortlisting.""",2026-10-05
university:kings-college-london:a_level_requirement:2027 entry,5,Nigerian qualifications and entry,S042,6,King's College London,a_level_requirement,2027 entry,A*AA incl. Biology and Chemistry; IB 38 with HL 6 in Biology and Chemistry; UCAT compulsory. International students cannot defer and must be 18 before commencing Year 2 (snippet — verify).,https://www.kcl.ac.uk/study/undergraduate/courses/medicine-mbbs/requirements,NOT_FOUND,,verified,A*AA (2027 entry),https://www.kcl.ac.uk/study/undergraduate/courses/medicine-mbbs,"Medicine-specific statement. Subject and IB details in the stored lead are not in the excerpts and are dropped. AI-assisted review of the official page (https://www.kcl.ac.uk/study/undergraduate/courses/medicine-mbbs, read 2026-10-05 via page-excerpts run 37349210077, sha256 63c39cd81f5aab60); quote: ""This course information applies to 2027 entry only. ... Required A-Levels: ⏎ A*AA""",2026-10-05
university:kings-college-london:foundation_route:2027 entry,5,Nigerian qualifications and entry,S042,6,King's College London,foundation_route,2027 entry,"King's International Foundation Programme (Health, Life & Biosciences pathway) students may apply to Medicine MBBS; not for those already holding A-levels/IB.",https://www.kcl.ac.uk/study/undergraduate/courses/medicine-mbbs/requirements,NOT_FOUND,,verified,King's International Foundation programme: students must also meet the Medicine MBBS entry requirements (including the UCAT); eligible students who successfully apply to Medicine are guaranteed an interview for the five-year MBBS.,https://www.kcl.ac.uk/study/undergraduate/courses/medicine-mbbs/entry-requirements,"Medicine-specific statement. AI-assisted review of the official page (https://www.kcl.ac.uk/study/undergraduate/courses/medicine-mbbs/entry-requirements, read 2026-10-05 via page-excerpts run 37349210077, sha256 e4012443e4658d18); quote: ""Before starting the King's International Foundation programme, students will need to ensure that they also meet the Medicine MBBS entry requirements (including the UCAT). Eligible students that successfully apply to Medicine are guaranteed an interview for the 5-year MBBS programme.""",2026-10-05
course:kings-college-london/a100:graduate_entry_course,10,Course availability,S009,13,King's College London · MBBS Medicine,graduate_entry_course,,yes,https://www.gmc-uk.org/education/how-we-quality-assure-education-and-training/approving-education-and-training/institutions-awarding-uk-medical-degrees/new-schools-and-programmes-under-review,VERIFY-ON-PAGE,,verified,,https://www.kcl.ac.uk/study/undergraduate/courses/medicine-mbbs/entry-requirements,"King's runs a separate four-year Graduate/Professional Entry Programme (A102). AI-assisted review of the official page (https://www.kcl.ac.uk/study/undergraduate/courses/medicine-mbbs/entry-requirements, read 2026-10-05 via page-excerpts run 37349210077, sha256 e4012443e4658d18); quote: ""Qualified graduate applicants who are eligible for both our four-year Graduate/Professional Entry Programme (A102) and our five-year programme (A100) are welcome to make an application for both.""",2026-10-05
university:lincoln:international_accepted,4,Medical school eligibility,S064,17,University of Lincoln,international_accepted,,no,https://www.theukcatpeople.co.uk/post/uk-medical-school-tuition-fees-for-international-students-to-study-medicine,VERIFY-ON-PAGE,,verified,,https://www.lincoln.ac.uk/course/mdcmbcub/,"Medicine-specific statement. Course page states the MBChB is not open for international applications (2026-27 and 2027-28 entry requirements). AI-assisted review of the official page (https://www.lincoln.ac.uk/course/mdcmbcub/, read 2026-10-05 via page-excerpts run 37349210077, sha256 4838288bcfc8484d); quote: ""Entry Requirements 2026-27 ⏎ Entry Requirements ⏎ Entry Requirements ⏎ Please note, this course is not open for international applications at this time. ... Entry Requirements 2027-28 ⏎ Entry Requirements ⏎ Entry Requirements ⏎ Please note, this course is not currently open for international applications at this time.""",2026-10-05
university:lincoln:international_places_open:2027 entry,4,Medical school eligibility,S046,7,University of Lincoln,international_places_open,2027 entry,No for 2027.,https://www.lincoln.ac.uk/course/mdcmbcub/,NOT_FOUND,,verified,No: the MBChB is not currently open for international applications (2027-28 entry).,https://www.lincoln.ac.uk/course/mdcmbcub/,"Medicine-specific statement. AI-assisted review of the official page (https://www.lincoln.ac.uk/course/mdcmbcub/, read 2026-10-05 via page-excerpts run 37349210077, sha256 4838288bcfc8484d); quote: ""Entry Requirements 2027-28 ⏎ Entry Requirements ⏎ Entry Requirements ⏎ Please note, this course is not currently open for international applications at this time.""",2026-10-05
university:lincoln:a_level_requirement:2027 entry,5,Nigerian qualifications and entry,S046,7,University of Lincoln,a_level_requirement,2027 entry,AAA / IB 35 when open (AGENT-LEAD).,https://www.lincoln.ac.uk/course/mdcmbcub/,NOT_FOUND,,verified,"AAA, which must include Biology (or Human Biology), or AAB for a contextual offer (the course is not open to international applications).",https://www.lincoln.ac.uk/course/mdcmbcub/,"Medicine-specific statement. AI-assisted review of the official page (https://www.lincoln.ac.uk/course/mdcmbcub/, read 2026-10-05 via page-excerpts run 37349210077, sha256 4838288bcfc8484d); quote: ""Entry Requirements 2027-28 ⏎ Entry Requirements ⏎ Entry Requirements ⏎ Please note, this course is not currently open for international applications at this time. ⏎ A Level Offer: AAA, which must include Biology (or Human Biology) or AAB for a contextual offer.""",2026-10-05
university:queen-mary-london:international_accepted,4,Medical school eligibility,S056,15,Queen Mary University of London,international_accepted,,yes,https://www.qmul.ac.uk/fmd/study/undergraduate/courses/a100/selection-criteria/,VERIFY-ON-PAGE,,verified,,https://www.qmul.ac.uk/fmd/study/undergraduate/courses/a100/selection-criteria/,"Medicine-specific statement. AI-assisted review of the official page (https://www.qmul.ac.uk/fmd/study/undergraduate/courses/a100/selection-criteria/, read 2026-10-05 via page-excerpts run 37349210077, sha256 0f0653a043d6828d); quote: ""The number of places expected to be available for September 2027 to the five-year MBBS (A100) degree programme is 311 Home students and up to 24 Overseas students.""",2026-10-05
university:queen-mary-london:international_places,4,Medical school eligibility,S056,15,Queen Mary University of London,international_places,,24,https://www.qmul.ac.uk/fmd/study/undergraduate/courses/a100/selection-criteria/,VERIFY-ON-PAGE,,verified,24,https://www.qmul.ac.uk/fmd/study/undergraduate/courses/a100/selection-criteria/,"Medicine-specific statement. ""Up to 24"" Overseas places for September 2027. AI-assisted review of the official page (https://www.qmul.ac.uk/fmd/study/undergraduate/courses/a100/selection-criteria/, read 2026-10-05 via page-excerpts run 37349210077, sha256 0f0653a043d6828d); quote: ""The number of places expected to be available for September 2027 to the five-year MBBS (A100) degree programme is 311 Home students and up to 24 Overseas students.""",2026-10-05
university:queen-mary-london:international_places_open:2027 entry,4,Medical school eligibility,S056,15,Queen Mary University of London,international_places_open,2027 entry,Yes — ~24 (AGENT-LEAD).,https://www.qmul.ac.uk/fmd/study/undergraduate/courses/a100/selection-criteria/,NOT_FOUND,,verified,Yes: up to 24 places for Overseas students expected for September 2027 entry.,https://www.qmul.ac.uk/fmd/study/undergraduate/courses/a100/selection-criteria/,"Medicine-specific statement. AI-assisted review of the official page (https://www.qmul.ac.uk/fmd/study/undergraduate/courses/a100/selection-criteria/, read 2026-10-05 via page-excerpts run 37349210077, sha256 0f0653a043d6828d); quote: ""The number of places expected to be available for September 2027 to the five-year MBBS (A100) degree programme is 311 Home students and up to 24 Overseas students.""",2026-10-05
course:queen-mary-london/a100:ucas_code,10,Course availability,S056,15,Queen Mary University of London · MBBS Medicine,ucas_code,,A100,https://www.qmul.ac.uk/fmd/study/undergraduate/courses/a100/selection-criteria/,VERIFY-ON-PAGE,,verified,,https://www.qmul.ac.uk/fmd/study/undergraduate/courses/a100/selection-criteria/,"AI-assisted review of the official page (https://www.qmul.ac.uk/fmd/study/undergraduate/courses/a100/selection-criteria/, read 2026-10-05 via page-excerpts run 37349210077, sha256 0f0653a043d6828d); quote: ""The number of places expected to be available for September 2027 to the five-year MBBS (A100) degree programme is 311 Home students and up to 24 Overseas students.""",2026-10-05
course:queen-mary-london/a100:course_length_years,10,Course availability,S056,15,Queen Mary University of London · MBBS Medicine,course_length_years,,5,https://www.qmul.ac.uk/fmd/study/undergraduate/courses/a100/selection-criteria/,VERIFY-ON-PAGE,,verified,,https://www.qmul.ac.uk/fmd/study/undergraduate/courses/a100/selection-criteria/,"AI-assisted review of the official page (https://www.qmul.ac.uk/fmd/study/undergraduate/courses/a100/selection-criteria/, read 2026-10-05 via page-excerpts run 37349210077, sha256 0f0653a043d6828d); quote: ""The number of places expected to be available for September 2027 to the five-year MBBS (A100) degree programme is 311 Home students and up to 24 Overseas students.""",2026-10-05
course:queen-mary-london/a100:intake_month,9,Application routes,S056,15,Queen Mary University of London · MBBS Medicine,intake_month,,September,https://www.qmul.ac.uk/fmd/study/undergraduate/courses/a100/selection-criteria/,VERIFY-ON-PAGE,,verified,September,https://www.qmul.ac.uk/fmd/study/undergraduate/courses/a100/selection-criteria/,"AI-assisted review of the official page (https://www.qmul.ac.uk/fmd/study/undergraduate/courses/a100/selection-criteria/, read 2026-10-05 via page-excerpts run 37349210077, sha256 0f0653a043d6828d); quote: ""The number of places expected to be available for September 2027 to the five-year MBBS (A100) degree programme is 311 Home students and up to 24 Overseas students.""",2026-10-05
course:queen-mary-london/a100:admissions_test,9,Application routes,S056,15,Queen Mary University of London · MBBS Medicine,admissions_test,,UCAT (minimum: at or above 4th decile to be considered for interview),https://www.qmul.ac.uk/fmd/study/undergraduate/courses/a100/selection-criteria/,VERIFY-ON-PAGE,,verified,UCAT in the year of application (first shortlisting requires an overall score within the fourth decile range or above and SJT Bands 1-3),https://www.qmul.ac.uk/fmd/study/undergraduate/courses/a100/selection-criteria/,"AI-assisted review of the official page (https://www.qmul.ac.uk/fmd/study/undergraduate/courses/a100/selection-criteria/, read 2026-10-05 via page-excerpts run 37349210077, sha256 0f0653a043d6828d); quote: ""Sit UCAT in the year of application ⏎ Achieve an overall score within the fourth decile range or above and (SJT Bands 1-3) in the UCAT ⏎ Applications which do not meet these minimum requirements will be rejected at this point.""",2026-10-05
course:queen-mary-london/a100:application_route,9,Application routes,S056,15,Queen Mary University of London · MBBS Medicine,application_route,,UCAS,https://www.qmul.ac.uk/fmd/study/undergraduate/courses/a100/selection-criteria/,VERIFY-ON-PAGE,,verified,UCAS,https://www.qmul.ac.uk/fmd/study/undergraduate/courses/a100/selection-criteria/,"AI-assisted review of the official page (https://www.qmul.ac.uk/fmd/study/undergraduate/courses/a100/selection-criteria/, read 2026-10-05 via page-excerpts run 37349210077, sha256 0f0653a043d6828d); quote: ""A range of criteria is used to assess applicants in the first shortlisting: ⏎ Applied by the UCAS deadline of 15 October""",2026-10-05
university:queen-mary-london:a_level_requirement:2027 entry,5,Nigerian qualifications and entry,S056,15,Queen Mary University of London,a_level_requirement,2027 entry,A*AA incl. Biology or Chemistry + second science; UCAT third decile or above. Up to 24 overseas places 2027 (AGENT-LEAD).,https://www.qmul.ac.uk/fmd/study/undergraduate/courses/a100/selection-criteria/,NOT_FOUND,,verified,Predicted minimum UCAS Tariff of 152 (A*AA) from the academic qualifications and subjects required for entry.,https://www.qmul.ac.uk/fmd/study/undergraduate/courses/a100/selection-criteria/,"Medicine-specific statement. Subject detail and the ""third decile"" UCAT lead are not in the excerpts and are dropped. AI-assisted review of the official page (https://www.qmul.ac.uk/fmd/study/undergraduate/courses/a100/selection-criteria/, read 2026-10-05 via page-excerpts run 37349210077, sha256 0f0653a043d6828d); quote: ""The number of places expected to be available for September 2027 to the five-year MBBS (A100) degree programme is 311 Home students and up to 24 Overseas students. ... you must be predicted to achieve a minimum UCAS Tariff of at least 152 (A*AA) from the academic qualifications and subjects we require for entry.""",2026-10-05
course:st-andrews/a100:ucas_code,10,Course availability,S147,1,"University of St Andrews · Medicine BSc (Hons), pre-clinical",ucas_code,,A100,https://www.st-andrews.ac.uk/subjects/medicine/medicine-bsc-a100/,VERIFY-ON-PAGE,,verified,A100,https://www.st-andrews.ac.uk/subjects/medicine/medicine-bsc-a100/,"AI-assisted review of the official page (https://www.st-andrews.ac.uk/subjects/medicine/medicine-bsc-a100/, read 2026-10-05 via page-excerpts run 37349210077, sha256 4074ac72c42d1d71); quote: ""The A100 Medicine programme allows you to study at two leading medical schools over a six-year period""",2026-10-05
course:st-andrews/a100:admissions_test,9,Application routes,S134,25,"University of St Andrews · Medicine BSc (Hons), pre-clinical",admissions_test,,UCAT,https://www.ucat.ac.uk/about-ucat/universities/,VERIFY-ON-PAGE,,verified,UCAT,https://www.st-andrews.ac.uk/subjects/medicine/medicine-bsc-a100/,"AI-assisted review of the official page (https://www.st-andrews.ac.uk/subjects/medicine/medicine-bsc-a100/, read 2026-10-05 via page-excerpts run 37349210077, sha256 4074ac72c42d1d71); quote: ""the minimum UCAT scores selected for interview for 2026 entry were: ⏎ BSc and MBChB (Home Funded and Scottish): 1500 ⏎ BSc and MBChB (UK Domicile): 1640 ⏎ A100 (Overseas): 1710""",2026-10-05
university:worcester:international_accepted,4,Medical school eligibility,S070,2,University of Worcester,international_accepted,,yes,https://www.worcester.ac.uk/about/academic-schools/medical-school/medical-school-admissions/mbchb-application-faqs.aspx,VERIFY-ON-PAGE,,verified,,https://www.worcester.ac.uk/courses/medicine-graduate-entry-mbchb,"Medicine-specific statement. Graduate-entry MBChB (A101) publishes an International fee for 2027/28. AI-assisted review of the official page (https://www.worcester.ac.uk/courses/medicine-graduate-entry-mbchb, read 2026-10-05 via page-excerpts run 37349210077, sha256 7d3c2adbb18a87b3); quote: ""International and EU students ⏎ The fees for International and EU students enrolling in the 2027/28 academic year are £49,300 per year.""",2026-10-05
course:worcester/a101:ucas_code,10,Course availability,S124,4,University of Worcester · Medicine (Graduate Entry) MBChB,ucas_code,,A101,https://www.medschools.ac.uk/courses/worcester-three-counties-medical-school-mbchb-medicine-a101/,VERIFY-ON-PAGE,,verified,,https://www.worcester.ac.uk/courses/medicine-graduate-entry-mbchb,"AI-assisted review of the official page (https://www.worcester.ac.uk/courses/medicine-graduate-entry-mbchb, read 2026-10-05 via page-excerpts run 37349210077, sha256 7d3c2adbb18a87b3); quote: ""Our 4-year graduate entry MBChB medical degree will prepare you to become a compassionate, highly skilled doctor. ⏎ UCAS Code: A101""",2026-10-05
course:worcester/a101:course_length_years,10,Course availability,S151,1,University of Worcester · Medicine (Graduate Entry) MBChB,course_length_years,,4,https://www.worcester.ac.uk/courses/medicine-graduate-entry-mbchb,VERIFY-ON-PAGE,,verified,,https://www.worcester.ac.uk/courses/medicine-graduate-entry-mbchb,"AI-assisted review of the official page (https://www.worcester.ac.uk/courses/medicine-graduate-entry-mbchb, read 2026-10-05 via page-excerpts run 37349210077, sha256 7d3c2adbb18a87b3); quote: ""Our MBChB course is taught over four years and divided into two phases.""",2026-10-05
course:worcester/a101:application_route,9,Application routes,S124,4,University of Worcester · Medicine (Graduate Entry) MBChB,application_route,,UCAS,https://www.medschools.ac.uk/courses/worcester-three-counties-medical-school-mbchb-medicine-a101/,VERIFY-ON-PAGE,,verified,UCAS,https://www.worcester.ac.uk/courses/medicine-graduate-entry-mbchb,"AI-assisted review of the official page (https://www.worcester.ac.uk/courses/medicine-graduate-entry-mbchb, read 2026-10-05 via page-excerpts run 37349210077, sha256 7d3c2adbb18a87b3); quote: ""Applying through UCAS ⏎ Bachelor of Medicine and Bachelor of Surgery MBChB - A101 ⏎ UCAS is the central organisation through which applications are processed for entry onto full-time undergraduate courses in Higher Education in the UK.""",2026-10-05
course:worcester/a101:graduate_entry_course,10,Course availability,S124,4,University of Worcester · Medicine (Graduate Entry) MBChB,graduate_entry_course,,yes,https://www.medschools.ac.uk/courses/worcester-three-counties-medical-school-mbchb-medicine-a101/,VERIFY-ON-PAGE,,verified,,https://www.worcester.ac.uk/courses/medicine-graduate-entry-mbchb,"AI-assisted review of the official page (https://www.worcester.ac.uk/courses/medicine-graduate-entry-mbchb, read 2026-10-05 via page-excerpts run 37349210077, sha256 7d3c2adbb18a87b3); quote: ""Our 4-year graduate entry MBChB medical degree""",2026-10-05
university:brighton-sussex:waec_neco_statement:2027 entry,,,,,,,,,,,,verified,"Medicine (BM BS), Nigeria: the Senior Secondary School Certificate (SSSC) or West African Senior School Certificate (WASSC) is considered only together with a BSMS-recognised foundation/premed course; English and Maths at grade B3 or above",https://www.bsms.ac.uk/undergraduate/international-students/international-entry-requirements.aspx,"Medicine-specific statement (BSMS international entry requirements by country). The school has no waec_neco_statement fact yet. AI-assisted review of the official page (https://www.bsms.ac.uk/undergraduate/international-students/international-entry-requirements.aspx, read 2026-10-05 via page-excerpts run 37349210077, sha256 c52e38d06f79383a); quote: ""Nigeria ⏎ Pass Senior Secondary School Certificate (SSSC) or a West African Senior School Certificate (WASSC) with a BSMS-recognised foundation/premed course (click here for list of recognised premed/foundation year courses).  ⏎ English language and Maths requirements: At least grades B3 in English and Mat""",2026-10-05
university:brighton-sussex:english_requirement:2027 entry,,,,,,,,,,,,verified,"Medicine (BM BS): IELTS 7.0 overall with a minimum of 7.0 in each component, if English is not the first language (BSMS entry requirements page: achieved no more than three years before enrolment; University of Brighton course page: no more than two years before registration)",https://www.bsms.ac.uk/undergraduate/applying-to-bsms/entry-requirements.aspx,"Medicine-specific statement. The two official pages differ on how recent the test must be (three years vs two years); a human should confirm which applies. The school has no english_requirement fact yet. AI-assisted review of the official page (https://www.bsms.ac.uk/undergraduate/applying-to-bsms/entry-requirements.aspx, read 2026-10-05 via page-excerpts run 37349210077, sha256 6f1cf217206623bb ; https://www.brighton.ac.uk/courses/study/medicine-bm-bs.aspx, read 2026-10-05 via page-excerpts run 37349210077, sha256 70cf85b0b61f0120); quote: ""if English is not their first language an IELTS of 7.0, with a minimum of 7.0 in each component. This must have been achieved no more than three years before the date that you intend to enrol with BSMS. ... [course page] IELTS 7.0 overall, with at least 7.0 in each section. This must have been achieved no more than two years before the date that you ",2026-10-05
course:cardiff/a100:interview_format,,,,,,,,,,,,verified,Multiple mini interview (MMI); no offer is made without an interview,https://www.cardiff.ac.uk/study/undergraduate/courses/course/medicine-mbbch,"AI-assisted review of the official page (https://www.cardiff.ac.uk/study/undergraduate/courses/course/medicine-mbbch, read 2026-10-05 via page-excerpts run 37349210077, sha256 106d87ec73667cbf); quote: ""Our interview process ⏎ We won’t make an offer without an interview. ⏎ We use the multiple mini interview (MMI) format, which is a series of short, carefully timed interview stations that you will rotate around in turn.""",2026-10-05
course:edinburgh/medicine:interview_format,,,,,,,,,,,,verified,"Assessment day (interview) for about 800 top-scoring applicants, held at Edinburgh Medical School or online",https://study.ed.ac.uk/programmes/undergraduate/354-mbchb-medicine-6-year-programme,"AI-assisted review of the official page (https://study.ed.ac.uk/programmes/undergraduate/354-mbchb-medicine-6-year-programme, read 2026-10-05 via page-excerpts run 37349210077, sha256 ad5dd9209b7640ea); quote: ""We invite the top-scoring 800 applicants (approximately) to attend an assessment day (interview) either at Edinburgh Medical School or online.""",2026-10-05
university:nottingham:international_accepted,,,,,,,,,,,,verified,1,https://www.nottingham.ac.uk/medicine/study-with-us/undergraduate/undergraduate-medicine/applying-to-medicine.aspx,"Medicine-specific statement; the school has no international_accepted fact yet. AI-assisted review of the official page (https://www.nottingham.ac.uk/medicine/study-with-us/undergraduate/undergraduate-medicine/applying-to-medicine.aspx, read 2026-10-05 via page-excerpts run 37349210077, sha256 f42d2ddd73b44dfa); quote: ""For International fee status applicants interviews are likely to be held online using Microsoft Teams. ... interviewed 60 to 96 international applicants ⏎ made 267 to 642 home offers ⏎ about 200 places for home students ⏎ made 28 to 60 international offers ⏎ about 20 places for international students""",2026-10-05
course:nottingham/medicine:interview_format,,,,,,,,,,,,verified,"Interview required before an offer; usually December to February; international fee status applicants likely online via Microsoft Teams, home fee status applicants likely in person",https://www.nottingham.ac.uk/medicine/study-with-us/undergraduate/undergraduate-medicine/applying-to-medicine.aspx,"AI-assisted review of the official page (https://www.nottingham.ac.uk/medicine/study-with-us/undergraduate/undergraduate-medicine/applying-to-medicine.aspx, read 2026-10-05 via page-excerpts run 37349210077, sha256 f42d2ddd73b44dfa); quote: ""Medicine and BMBS - A100, A108 Usually take place between December and February ... Applicants must have an interview in the same year they apply before receiving an offer for the course. ⏎ For Home fee status applicants interviews are likely to be held in person. ⏎ For International fee status applicants interviews are likely to be held online using Microsoft Teams.""",2026-10-05
university:queens-belfast:international_accepted,,,,,,,,,,,,verified,1,https://www.qub.ac.uk/courses/undergraduate/medicine-mb-a100,"Medicine-specific statement; the school has no international_accepted fact yet. AI-assisted review of the official page (https://www.qub.ac.uk/courses/undergraduate/medicine-mb-a100/, read 2026-10-05 via page-excerpts run 37349210077, sha256 beba8994f30a5bc8); quote: ""International fee paying applicants will be interviewed online. ... International £39,990**""",2026-10-05
course:queens-belfast/medicine:application_route,,,,,,,,,,,,verified,UCAS (UCAS code A100),https://www.qub.ac.uk/courses/undergraduate/medicine-mb-a100,"AI-assisted review of the official page (https://www.qub.ac.uk/courses/undergraduate/medicine-mb-a100/, read 2026-10-05 via page-excerpts run 37349210077, sha256 beba8994f30a5bc8); quote: ""APPLY VIA UCAS ⏎ REGISTER INTEREST ⏎ Entry year ⏎ Academic Year 2027/28 ⏎ Entry requirements ⏎ A*AA or AAA + A in a fourth AS-level ⏎ Attendance ⏎ 5 years (Full-time) ⏎ UCAS Code ⏎ A100""",2026-10-05
course:queens-belfast/medicine:admissions_test,,,,,,,,,,,,verified,UCAT (all applicants; results used in selection before interview),https://www.qub.ac.uk/courses/undergraduate/medicine-mb-a100,"AI-assisted review of the official page (https://www.qub.ac.uk/courses/undergraduate/medicine-mb-a100/, read 2026-10-05 via page-excerpts run 37349210077, sha256 beba8994f30a5bc8); quote: ""All applicants are required to sit the University Clinical Aptitude Test (UCAT) and the results achieved will be used as part of the selection process prior to interview.""",2026-10-05
course:queens-belfast/medicine:interview_format,,,,,,,,,,,,verified,Multi-mini interview; December to March in Belfast for home fee paying applicants; international fee paying applicants interviewed online,https://www.qub.ac.uk/courses/undergraduate/medicine-mb-a100,"AI-assisted review of the official page (https://www.qub.ac.uk/courses/undergraduate/medicine-mb-a100/, read 2026-10-05 via page-excerpts run 37349210077, sha256 beba8994f30a5bc8); quote: ""All applicants will be ranked on cognitive performance, and a proportion selected for interview (Multi-mini interview). Interviews will take place between December and March in Belfast for home fee paying applicants. International fee paying applicants will be interviewed online.""",2026-10-05
course:bristol/a100:international_fee_gbp:2027/28,,,,,,,,,,,,verified,47600,https://www.bristol.ac.uk/study/undergraduate/2027/medicine/mb-chb-medicine,"Year taken from the 2027-entry course page URL (/study/undergraduate/2027/); the excerpt says 'for the first year' and does not name the academic year. Not used to verify the 2026/27 ref. AI-assisted review of the official page (https://www.bristol.ac.uk/study/undergraduate/2027/medicine/mb-chb-medicine/, read 2026-10-05 via page-excerpts run 37349210077, sha256 ac7fe30bf6e03724); quote: ""International students, £47,600 for the first year. ⏎ Fees are subject to annual review and are liable to rise each year.""",2026-10-05
university:bristol:english_requirement:2027 entry,,,,,,,,,,,,verified,IELTS 7.5 overall with 7.0 in all skills; or GCSE English Language grade B or 6; or an alternative qualification in Profile level A,https://www.bristol.ac.uk/study/undergraduate/2027/medicine/mb-chb-medicine,"Medicine-specific statement (MB ChB Medicine course page). No english_requirement ref exists for Bristol. AI-assisted review of the official page (https://www.bristol.ac.uk/study/undergraduate/2027/medicine/mb-chb-medicine/, read 2026-10-05 via page-excerpts run 37349210077, sha256 ac7fe30bf6e03724); quote: ""English language requirements ⏎ If English is not your first language, you need to have one of the following: ⏎ • IELTS 7.5 overall with 7.0 in all skills ⏎ • GCSE English Language grade B or 6 ⏎ • an alternative qualification outlined in our Profile level A.""",2026-10-05
course:bristol/a100:course_length_years,,,,,,,,,,,,verified,5,https://www.bristol.ac.uk/study/undergraduate/2027/medicine/mb-chb-medicine,"AI-assisted review of the official page (https://www.bristol.ac.uk/study/undergraduate/2027/medicine/mb-chb-medicine/, read 2026-10-05 via page-excerpts run 37349210077, sha256 ac7fe30bf6e03724); quote: ""Programme duration ⏎ 5 year(s) full-time.""",2026-10-05
course:bristol/a100:interview_format,,,,,,,,,,,,verified,Applicants must be available for an interview from November to April following submission of their application (format not stated in excerpt),https://www.bristol.ac.uk/study/undergraduate/2027/medicine/mb-chb-medicine,"AI-assisted review of the official page (https://www.bristol.ac.uk/study/undergraduate/2027/medicine/mb-chb-medicine/, read 2026-10-05 via page-excerpts run 37349210077, sha256 ac7fe30bf6e03724); quote: ""Applicants must be available for an interview from November to April immediately following the submission of their application.""",2026-10-05
course:exeter/a100:course_length_years,,,,,,,,,,,,verified,5,https://www.exeter.ac.uk/undergraduate-degrees/bmbs-medicine,"AI-assisted review of the official page (https://www.exeter.ac.uk/undergraduate-degrees/bmbs-medicine/, read 2026-10-05 via page-excerpts run 37349210077, sha256 7c2493aa49c683bc); quote: ""UCAS code A100 ⏎ Duration 5 years ⏎ Entry year 2027""",2026-10-05
course:imperial/a100:international_fee_gbp:2027/28,,,,,,,,,,,,verified,61550,https://www.imperial.ac.uk/study/courses/undergraduate/medicine,"2027 entry Overseas fee for Medicine MBBS/BSc; the 2026/27 ref (58600, third-party source) is not verified. AI-assisted review of the official page (https://www.imperial.ac.uk/study/courses/undergraduate/medicine/, read 2026-10-05 via page-excerpts run 37349210077, sha256 3cd39b92e2595b77); quote: ""Overseas fee ⏎ Overseas fee ⏎ 2027 entry ⏎ £61,550 ⏎ per year""",2026-10-05
course:imperial/a100:course_length_years,,,,,,,,,,,,verified,6,https://www.imperial.ac.uk/study/courses/undergraduate/medicine,"AI-assisted review of the official page (https://www.imperial.ac.uk/study/courses/undergraduate/medicine/, read 2026-10-05 via page-excerpts run 37349210077, sha256 3cd39b92e2595b77); quote: ""Qualification ⏎ MBBS/BSc ⏎ Duration ⏎ 6 years ⏎ Start date ⏎ October 2027""",2026-10-05
university:imperial:foundation_route:2027 entry,,,,,,,,,,,,verified,Imperial does not offer its own Foundation Programme,https://www.imperial.ac.uk/study/courses/undergraduate/medicine,"AI-assisted review of the official page (https://www.imperial.ac.uk/study/courses/undergraduate/medicine/, read 2026-10-05 via page-excerpts run 37349210077, sha256 3cd39b92e2595b77); quote: ""Foundation programmes ⏎ Imperial does not offer its own Foundation Programme. ⏎ Currently, Medicine courses do not accept UCL UPCSE or Warwick IFP Science and Engineering applications.""",2026-10-05
university:glasgow:international_accepted,,,,,,,,,,,,verified,1,https://www.gla.ac.uk/undergraduate/fees/intlfees,"AI-assisted review of the official page (https://www.gla.ac.uk/undergraduate/fees/intlfees/, read 2026-10-05 via page-excerpts run 37349210077, sha256 ec078a5187c83361); quote: ""International students studying on clinical programmes, including MBChB and BDS, are required to contribute towards NHS teaching costs through the Overseas levy.""",2026-10-05
course:glasgow/medicine:application_route,,,,,,,,,,,,verified,UCAS (A100),https://www.gla.ac.uk/undergraduate/degrees/medicine,"AI-assisted review of the official page (https://www.gla.ac.uk/undergraduate/degrees/medicine/, read 2026-10-05 via page-excerpts run 37349210077, sha256 16926a5be0ad9442); quote: ""Medicine MBChB: A100 5 year degree ⏎ Glasgow: Gilmorehill campus ⏎ Professionally accredited ⏎ Apply via UCAS""",2026-10-05
course:glasgow/medicine:ucas_code,,,,,,,,,,,,verified,A100,https://www.gla.ac.uk/undergraduate/degrees/medicine,"AI-assisted review of the official page (https://www.gla.ac.uk/undergraduate/degrees/medicine/, read 2026-10-05 via page-excerpts run 37349210077, sha256 16926a5be0ad9442); quote: ""MBChB ⏎ Medicine: A100 (5 years) ⏎ Apply to A100""",2026-10-05
course:glasgow/medicine:course_length_years,,,,,,,,,,,,verified,5,https://www.gla.ac.uk/undergraduate/degrees/medicine,"AI-assisted review of the official page (https://www.gla.ac.uk/undergraduate/degrees/medicine/, read 2026-10-05 via page-excerpts run 37349210077, sha256 16926a5be0ad9442); quote: ""MBChB ⏎ Medicine: A100 (5 years)""",2026-10-05
university:keele:waec_neco_statement:2027 entry,,,,,,,,,,,,verified,"The Senior School Certificate Examination (SSC) and West African Senior School Certificate (WASSC) are not sufficient to enter Medicine at Keele directly, but may be supplemented with GCE A levels or equivalent; the WASSC is acceptable at grades 1-3 in lieu of GCSE on a subject-for-subject basis",https://www.keele.ac.uk/study/undergraduate/undergraduatecourses/medicine/medicineentryrequirements/internationalentryrequirements,"Medicine-specific statement. Keele has no waec_neco_statement fact yet. AI-assisted review of the official page (https://www.keele.ac.uk/study/undergraduate/undergraduatecourses/medicine/medicineentryrequirements/internationalentryrequirements/, read 2026-10-05 via page-excerpts run 37349210077, sha256 7b18588bbb09dc3f); quote: ""Nigeria ⏎ The Senior School Certificate Examination (SSC) and West African Senior School Certificate (WASSC) are not sufficient to enter Medicine at Keele directly, but may be supplemented with GCE A levels or equivalent. ⏎ The WASSC is acceptable at grades 1-3 in lieu of GCSE on a subject for subject basi""",2026-10-05
university:keele:english_requirement:2027 entry,,,,,,,,,,,,verified,IELTS 7.0 with a minimum of 7.0 in each sub-test (for students whose first language is not English and those not taught in English),https://www.keele.ac.uk/study/undergraduate/undergraduatecourses/medicine/medicineentryrequirements/internationalentryrequirements,"Medicine-specific page; stated under several country entries (the Nigeria entry refers to the English Language Requirements generally). AI-assisted review of the official page (https://www.keele.ac.uk/study/undergraduate/undergraduatecourses/medicine/medicineentryrequirements/internationalentryrequirements/, read 2026-10-05 via page-excerpts run 37349210077, sha256 7b18588bbb09dc3f); quote: ""Students whose first language is not English and those not taught in English will be expected to achieve IELTS 7.0 with a minimum of 7.0 in each sub-test. Please see our website for English Language Requirements.""",2026-10-05
course:keele/a100:course_length_years,,,,,,,,,,,,verified,5,https://www.keele.ac.uk/study/undergraduate/undergraduatecourses/medicine,"AI-assisted review of the official page (https://www.keele.ac.uk/study/undergraduate/undergraduatecourses/medicine/, read 2026-10-05 via page-excerpts run 37349210077, sha256 35d3a1799e77e923); quote: ""UCAS code ⏎ A100 ⏎ Duration of study ⏎ 5 years""",2026-10-05
course:leeds/a100:admissions_test,,,,,,,,,,,,verified,UCAT (taken in the year of application; BMAT and GAMSAT not accepted instead),https://courses.leeds.ac.uk/5580/medicine-and-surgery-mbchb,"AI-assisted review of the official page (https://courses.leeds.ac.uk/5580/medicine-and-surgery-mbchb, read 2026-10-05 via page-excerpts run 37349210077, sha256 c51b8ad72c843450); quote: ""All applicants for the MBChB course are required to take UCAT. This test must be taken in the year of application. We do not accept other aptitude tests instead, e.g. BMAT or GAMSAT.""",2026-10-05
course:leeds/a100:interview_format,,,,,,,,,,,,verified,"Multiple mini-interviews; for 2027 entry face-to-face on 4, 5 and 6 January 2027, overseas interviews online",https://courses.leeds.ac.uk/5580/medicine-and-surgery-mbchb,"AI-assisted review of the official page (https://courses.leeds.ac.uk/5580/medicine-and-surgery-mbchb, read 2026-10-05 via page-excerpts run 37349210077, sha256 c51b8ad72c843450); quote: ""For students applying for 2027 entry, face-to-face interviews for the MBChB course will take place on 4th, 5th and 6th January 2027. Overseas interviews will be carried out online. Using a multiple mini-interview format, we will further assess applicants’ non-academic qualities.""",2026-10-05
university:sheffield:international_accepted,,,,,,,,,,,,verified,1,https://sheffield.ac.uk/smph/undergraduate/medicine-admissions,"AI-assisted review of the official page (https://sheffield.ac.uk/smph/undergraduate/medicine-admissions, read 2026-10-05 via page-excerpts run 37349210077, sha256 3178008574d14dd3); quote: ""The A100 course currently has 273 places for home students and 18 places for international students.""",2026-10-05
university:sheffield:international_places,,,,,,,,,,,,verified,18,https://sheffield.ac.uk/smph/undergraduate/medicine-admissions,"AI-assisted review of the official page (https://sheffield.ac.uk/smph/undergraduate/medicine-admissions, read 2026-10-05 via page-excerpts run 37349210077, sha256 3178008574d14dd3); quote: ""The A100 course currently has 273 places for home students and 18 places for international students.""",2026-10-05
course:sheffield/medicine:international_fee_gbp:2027/28,,,,,,,,,,,,verified,51380,https://sheffield.ac.uk/undergraduate/courses/2027/medicine-mbchb,"Medicine MBChB (A100) overseas fee; Sheffield has no international_fee_gbp fact yet. The overseas fees page also states 2026/27 Medicine students pay £47,575 per year for five years (sha256 da885344d56c520f). AI-assisted review of the official page (https://sheffield.ac.uk/undergraduate/courses/2027/medicine-mbchb, read 2026-10-05 via page-excerpts run 37349210077, sha256 b8860ac090820a60); quote: ""£51,380 ⏎ Overseas students ⏎ 2027-28 tuition fee for year one ⏎ We have a fixed fee guarantee in place for undergraduate overseas students, meaning that your tuition fee will not increase during your studies.""",2026-10-05
course:sheffield/medicine:application_route,,,,,,,,,,,,verified,UCAS (deadline for 2027 entry: 15 October 2026),https://sheffield.ac.uk/smph/undergraduate/medicine-admissions,"AI-assisted review of the official page (https://sheffield.ac.uk/smph/undergraduate/medicine-admissions, read 2026-10-05 via page-excerpts run 37349210077, sha256 3178008574d14dd3); quote: ""apply for either course through the University and Colleges Admissions Service (UCAS). If you wish to be considered for both courses, you will need to apply for both. The deadline to apply for 2027 entry is 15 October 2026.""",2026-10-05
course:sheffield/medicine:ucas_code,,,,,,,,,,,,verified,A100,https://sheffield.ac.uk/smph/undergraduate/medicine-admissions,"AI-assisted review of the official page (https://sheffield.ac.uk/smph/undergraduate/medicine-admissions, read 2026-10-05 via page-excerpts run 37349210077, sha256 3178008574d14dd3); quote: ""the five-year MBChB Medicine course (UCAS code: A100)""",2026-10-05
course:sheffield/medicine:course_length_years,,,,,,,,,,,,verified,5,https://sheffield.ac.uk/smph/undergraduate/medicine-admissions,"AI-assisted review of the official page (https://sheffield.ac.uk/smph/undergraduate/medicine-admissions, read 2026-10-05 via page-excerpts run 37349210077, sha256 3178008574d14dd3); quote: ""the five-year MBChB Medicine course (UCAS code: A100)""",2026-10-05
course:sunderland/medicine:application_route,,,,,,,,,,,,verified,UCAS (deadline 15 October each year; home fee status only),https://www.sunderland.ac.uk/how-to-apply/applying-for-medicine,"AI-assisted review of the official page (https://www.sunderland.ac.uk/how-to-apply/applying-for-medicine, read 2026-10-05 via page-excerpts run 37349210077, sha256 d7b71a23add6abe4); quote: ""The deadline for all applications through UCAS is 15 October each year. We cannot consider late applications under any circumstances. ⏎ Please note, we are unable to accept international fee-paying applicants.""",2026-10-05
course:sunderland/medicine:ucas_code,,,,,,,,,,,,verified,A100,https://www.sunderland.ac.uk/undergraduate/mbchb-medicine,"AI-assisted review of the official page (https://www.sunderland.ac.uk/undergraduate/mbchb-medicine, read 2026-10-05 via page-excerpts run 37349210077, sha256 f5956925971e1d60); quote: ""Start date/study mode: ⏎ September 2027 ⏎ UCAS code ⏎ A100""",2026-10-05
course:sunderland/medicine:interview_format,,,,,,,,,,,,verified,"Multiple mini-interviews (MMIs), in person, from the week commencing 7 December 2026",https://www.sunderland.ac.uk/undergraduate/mbchb-medicine,"AI-assisted review of the official page (https://www.sunderland.ac.uk/undergraduate/mbchb-medicine, read 2026-10-05 via page-excerpts run 37349210077, sha256 f5956925971e1d60); quote: ""Our interviews take the form of multiple mini-interviews (MMIs). Our interviews will take place from the week commencing 7 December 2026. All interviews are in-person.""",2026-10-05
course:buckingham/medicine:international_fee_gbp:2028 entry,,,,,,,,,,,,verified,47000,https://www.buckingham.ac.uk/courses/undergraduate/mb-chb-medicine-4.5-year-degree,"AI-assisted review of the official page (https://www.buckingham.ac.uk/courses/undergraduate/mb-chb-medicine-4.5-year-degree/, read 2026-10-05 via page-excerpts run 37349210077, sha256 37698ace7c13e011); quote: ""Course Fees ⏎ The fees for this course are: ⏎ Start Type First Year Total cost ⏎ Jan 2028 ⏎ Full-time (4.5 Years) ⏎  UK £41,500 £186,750 ⏎ INT £47,000 £211,500""",2026-10-05
course:buckingham/medicine:ucas_code,,,,,,,,,,,,verified,71A8,https://www.buckingham.ac.uk/courses/undergraduate/mb-chb-medicine-4.5-year-degree,"AI-assisted review of the official page (https://www.buckingham.ac.uk/courses/undergraduate/mb-chb-medicine-4.5-year-degree/, read 2026-10-05 via page-excerpts run 37349210077, sha256 37698ace7c13e011); quote: ""UCAS Code ⏎ 71A8""",2026-10-05
course:buckingham/medicine:interview_format,,,,,,,,,,,,verified,"Three-stage selection: academic screening, a digital Multiple Mini Assessment (MMA), then a Multiple Mini Interview (MMI)",https://www.buckingham.ac.uk/courses/undergraduate/mb-chb-medicine-4.5-year-degree,"AI-assisted review of the official page (https://www.buckingham.ac.uk/courses/undergraduate/mb-chb-medicine-4.5-year-degree/, read 2026-10-05 via page-excerpts run 37349210077, sha256 37698ace7c13e011); quote: ""The selection processes operate in three stages. The first stage is Academic Screening, the second stage is a digital Multiple Mini Assessment (MMA) and the third is the Multiple Mini Interview (MMI).""",2026-10-05
course:greater-manchester/medicine:ucas_code,,,,,,,,,,,,verified,A100,https://greatermanchester.ac.uk/course/mbchb-medicine-full-time-5-years-university-of-greater-manchester/2026-27,"AI-assisted review of the official page (https://greatermanchester.ac.uk/course/mbchb-medicine-full-time-5-years-university-of-greater-manchester/2026-27, read 2026-10-05 via page-excerpts run 37349210077, sha256 9c27ebdaa4fe0780); quote: ""UCAS Code ⏎ A100""",2026-10-05
university:newcastle:international_accepted,,,,,,,,,,,,verified,1,https://www.ncl.ac.uk/undergraduate/degrees/a100,"AI-assisted review of the official page (https://www.ncl.ac.uk/undergraduate/degrees/a100/, read 2026-10-05 via page-excerpts run 37349210077, sha256 78324efb17343b31); quote: ""Tuition fees (Year 1) ⏎ FT Home: £10,050 ⏎ FT International: £48,600""",2026-10-05
course:newcastle/a100:course_length_years,,,,,,,,,,,,verified,5,https://www.ncl.ac.uk/undergraduate/degrees/a100,"AI-assisted review of the official page (https://www.ncl.ac.uk/undergraduate/degrees/a100/, read 2026-10-05 via page-excerpts run 37349210077, sha256 78324efb17343b31); quote: ""Study mode and duration ⏎ Full time: 5 years""",2026-10-05
course:plymouth/medicine:ucas_code,,,,,,,,,,,,verified,A100,https://www.plymouth.ac.uk/courses/undergraduate/bmbs-bachelor-of-medicine-bachelor-of-surgery,"AI-assisted review of the official page (https://www.plymouth.ac.uk/courses/undergraduate/bmbs-bachelor-of-medicine-bachelor-of-surgery, read 2026-10-05 via page-excerpts run 37349210077, sha256 a8bf8041fe715b6f); quote: ""UCAS course code ⏎ A100 ⏎ Institution code ⏎ P60""",2026-10-05
course:plymouth/medicine:application_route,,,,,,,,,,,,verified,"UCAS (UCAS course code A100, institution code P60)",https://www.plymouth.ac.uk/courses/undergraduate/bmbs-bachelor-of-medicine-bachelor-of-surgery,"AI-assisted review of the official page (https://www.plymouth.ac.uk/courses/undergraduate/bmbs-bachelor-of-medicine-bachelor-of-surgery, read 2026-10-05 via page-excerpts run 37349210077, sha256 a8bf8041fe715b6f); quote: ""All applications for undergraduate courses are made through UCAS.com. Please refer to the course facts below when completing your application for this course. ⏎ UCAS course code ⏎ A100 ⏎ Institution code ⏎ P60""",2026-10-05
course:plymouth/medicine:course_length_years,,,,,,,,,,,,verified,5,https://www.plymouth.ac.uk/courses/undergraduate/bmbs-bachelor-of-medicine-bachelor-of-surgery,"AI-assisted review of the official page (https://www.plymouth.ac.uk/courses/undergraduate/bmbs-bachelor-of-medicine-bachelor-of-surgery, read 2026-10-05 via page-excerpts run 37349210077, sha256 a8bf8041fe715b6f); quote: ""Duration ⏎ 5 years ⏎ (with placements)""",2026-10-05
university:southampton:english_requirement:2027 entry,,,,,,,,,,,,verified,"Medicine BM5: IELTS 7.0 overall with at least 7.0 in reading, writing, speaking and listening",https://www.southampton.ac.uk/courses/medicine-bm5-degree-bmbs,"AI-assisted review of the official page (https://www.southampton.ac.uk/courses/medicine-bm5-degree-bmbs, read 2026-10-05 via page-excerpts run 37349210077, sha256 f8c6da8c79183a73); quote: ""IELTS score requirements ⏎ overall score ⏎ 7.0 ⏎ reading ⏎ 7.0 ⏎ writing ⏎ 7.0 ⏎ speaking ⏎ 7.0 ⏎ listening ⏎ 7.0""",2026-10-05
course:southampton/medicine:application_route,,,,,,,,,,,,verified,"UCAS (UCAS course code A100, institution code S27)",https://www.southampton.ac.uk/courses/medicine-bm5-degree-bmbs,"AI-assisted review of the official page (https://www.southampton.ac.uk/courses/medicine-bm5-degree-bmbs, read 2026-10-05 via page-excerpts run 37349210077, sha256 f8c6da8c79183a73); quote: ""When you apply use: ⏎ UCAS course code: A100 ⏎ UCAS institution code: S27""",2026-10-05
course:southampton/medicine:ucas_code,,,,,,,,,,,,verified,A100,https://www.southampton.ac.uk/courses/medicine-bm5-degree-bmbs,"AI-assisted review of the official page (https://www.southampton.ac.uk/courses/medicine-bm5-degree-bmbs, read 2026-10-05 via page-excerpts run 37349210077, sha256 f8c6da8c79183a73); quote: ""UCAS course code: A100""",2026-10-05
course:southampton/medicine:course_length_years,,,,,,,,,,,,verified,5,https://www.southampton.ac.uk/courses/medicine-bm5-degree-bmbs,"AI-assisted review of the official page (https://www.southampton.ac.uk/courses/medicine-bm5-degree-bmbs, read 2026-10-05 via page-excerpts run 37349210077, sha256 f8c6da8c79183a73); quote: ""Duration ⏎ 5 years""",2026-10-05
university:southampton:a_level_requirement:2027 entry,,,,,,,,,,,,verified,Typical offer AAA (academic year 2027/28 entry requirements page),https://www.southampton.ac.uk/courses/medicine-bm5-degree-bmbs,"AI-assisted review of the official page (https://www.southampton.ac.uk/courses/medicine-bm5-degree-bmbs, read 2026-10-05 via page-excerpts run 37349210077, sha256 f8c6da8c79183a73); quote: ""Typical Offer ⏎ AAA""",2026-10-05
university:surrey:international_accepted,,,,,,,,,,,,verified,1,https://www.surrey.ac.uk/undergraduate/medicine-graduate-entry,"Graduate-entry course only (A101); Surrey has no standard-entry Medicine course for school leavers. AI-assisted review of the official page (https://www.surrey.ac.uk/undergraduate/medicine-graduate-entry, read 2026-10-05 via page-excerpts run 37349210077, sha256 d9b45953429b48f7); quote: ""Overseas fees ⏎ £50,300""",2026-10-05
course:surrey/medicine:international_fee_gbp:2027/28,,,,,,,,,,,,verified,50300,https://www.surrey.ac.uk/undergraduate/medicine-graduate-entry,"AI-assisted review of the official page (https://www.surrey.ac.uk/undergraduate/medicine-graduate-entry, read 2026-10-05 via page-excerpts run 37349210077, sha256 d9b45953429b48f7); quote: ""Fees for the 2027-28 academic year ... Overseas students ⏎ Standard year ⏎ £10,050 ⏎ Standard year ⏎ £50,300""",2026-10-05
university:surrey:english_requirement:2027 entry,,,,,,,,,,,,verified,IELTS Academic 7.0 overall and at least 7.0 in all components (Medicine Graduate Entry BMBS),https://www.surrey.ac.uk/undergraduate/medicine-graduate-entry,"AI-assisted review of the official page (https://www.surrey.ac.uk/undergraduate/medicine-graduate-entry, read 2026-10-05 via page-excerpts run 37349210077, sha256 d9b45953429b48f7); quote: ""IELTS Academic: A score of at least 7.0 overall and at least 7.0 in all components.""",2026-10-05
course:surrey/medicine:application_route,,,,,,,,,,,,verified,"UCAS (course code A101, institution code S85)",https://www.surrey.ac.uk/undergraduate/medicine-graduate-entry,"AI-assisted review of the official page (https://www.surrey.ac.uk/undergraduate/medicine-graduate-entry, read 2026-10-05 via page-excerpts run 37349210077, sha256 d9b45953429b48f7); quote: ""Apply for your chosen course online through UCAS, with the following course and institution codes. ⏎ Institution code S85 ⏎ Course UCAS code ⏎ BMBS A101""",2026-10-05
university:wolverhampton:international_accepted,,,,,,,,,,,,verified,1,https://www.wlv.ac.uk/courses/mbchb-medicine,"AI-assisted review of the official page (https://www.wlv.ac.uk/courses/mbchb-medicine/, read 2026-10-05 via page-excerpts run 37349210077, sha256 2077293c6b532e1d); quote: ""In 2027, we are offering 50 places for international students.""",2026-10-05
course:wolverhampton/medicine:international_fee_gbp:2027/28,,,,,,,,,,,,verified,47000,https://www.wlv.ac.uk/courses/mbchb-medicine,"AI-assisted review of the official page (https://www.wlv.ac.uk/courses/mbchb-medicine/, read 2026-10-05 via page-excerpts run 37349210077, sha256 2077293c6b532e1d); quote: ""Location Mode Sep intake Fee Year ⏎ International Full-time £47000 per year 2027-28""",2026-10-05
course:wolverhampton/medicine:application_route,,,,,,,,,,,,verified,"Direct entry to the university, not through UCAS; applications open September 2026 for the September 2027 intake",https://www.wlv.ac.uk/courses/mbchb-medicine,"AI-assisted review of the official page (https://www.wlv.ac.uk/courses/mbchb-medicine/, read 2026-10-05 via page-excerpts run 37349210077, sha256 2077293c6b532e1d); quote: ""Applications open in September 2026 for the September 2027 intake; application is by direct entry, not through UCAS.""",2026-10-05
course:wolverhampton/medicine:admissions_test,,,,,,,,,,,,verified,UCAT (minimum threshold set annually above the national mean; total score used to rank for interview and offers; SJT Bands 1-4 accepted),https://www.wlv.ac.uk/courses/mbchb-medicine,"AI-assisted review of the official page (https://www.wlv.ac.uk/courses/mbchb-medicine/, read 2026-10-05 via page-excerpts run 37349210077, sha256 2077293c6b532e1d); quote: ""The minimum threshold mark in the UCAT (University Clinical Aptitude Test) Medicine admissions test. The UCAT total score is used both to rank applicants for interview invitations and when making offers following interview. We accept applications from candidates with SJT Bands 1-4. Please note that minimum threshold scores change annually and are set above the national mean.""",2026-10-05
course:wolverhampton/medicine:interview_format,,,,,,,,,,,,verified,"Online Multiple Mini Interviews (MMIs), normally between December and March in the year of application",https://www.wlv.ac.uk/courses/mbchb-medicine,"AI-assisted review of the official page (https://www.wlv.ac.uk/courses/mbchb-medicine/, read 2026-10-05 via page-excerpts run 37349210077, sha256 2077293c6b532e1d); quote: ""Interview - Multiple Mini Interviews (MMIs) are conducted online and normally take place between December and March in the year of application.""",2026-10-05
university:cambridge:waec_neco_statement:2027 entry,,,,,,,,,,,,verified,General undergraduate statement (not Medicine-specific): applicants studying for the West African Senior School Certificate Examination are strongly recommended to undertake further study; applicants with the West African Senior School Certificate alone will not be competitive and are unlikely to be successful (2027 entry).,https://www.undergraduate.study.cam.ac.uk/international-students/international-entry-requirements,"No waec_neco_statement fact exists for Cambridge; proposal from the international entry requirements page (Nigeria section). AI-assisted review of the official page (https://www.undergraduate.study.cam.ac.uk/international-students/international-entry-requirements, read 2026-10-05 via page-excerpts run 37349210077, sha256 bb1f46d662443385); quote: ""The entry requirements on this page are for 2027 entry (or deferred entry in 2028) and were updated in March 2026. ... Nigeria ⏎ If you are studying for the West African Senior School Certificate Examination, you are strongly recommended to undertake further study if you wish to apply to Cambridge. Applicants with the West African Senior School Certificate alone will not be competitive and are unlikely to be successful.""",2026-10-05
course:cambridge/a100:course_length_years,,,,,,,,,,,,verified,6,https://www.undergraduate.study.cam.ac.uk/courses/medicine-mb-bchir,"AI-assisted review of the official page (https://www.undergraduate.study.cam.ac.uk/courses/medicine-mb-bchir, read 2026-10-05 via page-excerpts run 37349210077, sha256 0591bdb1b88102a4); quote: ""Course length ⏎ MB, BChir 6 years full-time""",2026-10-05
university:edge-hill:waec_neco_statement:2027 entry,,,,,,,,,,,,verified,"General undergraduate statement (not Medicine-specific): a Secondary School Certificate (WAEC or NECO) along with a National Diploma, Nigerian Certificate of Education, or a recognised International Foundation Year.",https://www.edgehill.ac.uk/departments/support/international/your-country/nigeria,"Dataset policy is home_only for Medicine; publish only if Medicine is confirmed open to international applicants. AI-assisted review of the official page (https://www.edgehill.ac.uk/departments/support/international/your-country/nigeria/, read 2026-10-05 via page-excerpts run 37349210077, sha256 29bcd36801ac7465); quote: ""Undergraduate entry requirements for Nigerian students ⏎ To be considered for an undergraduate course at Edge Hill University, you must hold a Secondary School Certificate (WAEC or NECO) along with a National Diploma, Nigerian Certificate of Education, or have successfully completed a recognised International Foundation Year.""",2026-10-05
university:hertfordshire:international_accepted,,,,,,,,,,,,verified,1,https://www.herts.ac.uk/courses/undergraduate-courses/medicine/mbbs-int-ent-req,"Medicine-specific statement. AI-assisted review of the official page (https://www.herts.ac.uk/courses/undergraduate-courses/medicine/mbbs-int-ent-req, read 2026-10-05 via page-excerpts run 37349210077, sha256 c00e242d79b8d13d); quote: ""This course will initially be available to international students only, with plans to open to home students soon after.""",2026-10-05
university:hertfordshire:english_requirement:2027 entry,,,,,,,,,,,,verified,IELTS 7.0 with 7.0 in all components.,https://www.herts.ac.uk/courses/undergraduate-courses/medicine/mbbs-int-ent-req,"Medicine-specific statement. The course page also carries a generic IELTS 6.0 template line; the MBBS-specific 7.0 governs. AI-assisted review of the official page (https://www.herts.ac.uk/courses/undergraduate-courses/medicine/mbbs-int-ent-req, read 2026-10-05 via page-excerpts run 37349210077, sha256 c00e242d79b8d13d); quote: ""English language criteria – IELTS 7.0 with 7.0 in all components.""",2026-10-05
university:hertfordshire:waec_neco_statement:2027 entry,,,,,,,,,,,,verified,MBBS international entry requirements: WAEC / WASSCE / NECO with a pass in English at grade C5 is listed among accepted English qualifications; the academic entry listed for Nigeria is a pass in the National Diploma or Higher National Diploma in a subject relevant to medicine with a minimum grade of distinction.,https://www.herts.ac.uk/courses/undergraduate-courses/medicine/mbbs-int-ent-req,"Medicine-specific statement. AI-assisted review of the official page (https://www.herts.ac.uk/courses/undergraduate-courses/medicine/mbbs-int-ent-req, read 2026-10-05 via page-excerpts run 37349210077, sha256 c00e242d79b8d13d); quote: ""West Africa WAEC / WASSCE / NECO – Pass English with grade C5. ... Nigeria ⏎ A pass in the National Diploma or Higher National Diploma in a subject relevant to medicine and a minimum grade of distinction. ... Please note that where countries are not listed, applicants would usually need additional qualifications such as an acceptable foundation programme, A levels or the International Baccalaureate.""",2026-10-05
course:hertfordshire/medicine:ucas_code,,,,,,,,,,,,verified,A100,https://www.herts.ac.uk/courses/undergraduate/mbbs-medicine,"AI-assisted review of the official page (https://www.herts.ac.uk/courses/undergraduate/mbbs-medicine, read 2026-10-05 via page-excerpts run 37349210077, sha256 b52f491b6d35ba8e); quote: ""UCAS code: A100 ⏎ Course length: Full time: five years""",2026-10-05
course:hertfordshire/medicine:course_length_years,,,,,,,,,,,,verified,5,https://www.herts.ac.uk/courses/undergraduate/mbbs-medicine,"AI-assisted review of the official page (https://www.herts.ac.uk/courses/undergraduate/mbbs-medicine, read 2026-10-05 via page-excerpts run 37349210077, sha256 b52f491b6d35ba8e); quote: ""UCAS code: A100 ⏎ Course length: Full time: five years""",2026-10-05
course:hertfordshire/medicine:interview_format,,,,,,,,,,,,verified,Multiple Mini Interviews (MMIs),https://www.herts.ac.uk/courses/undergraduate-courses/medicine/mbbs-int-ent-req,"AI-assisted review of the official page (https://www.herts.ac.uk/courses/undergraduate-courses/medicine/mbbs-int-ent-req, read 2026-10-05 via page-excerpts run 37349210077, sha256 c00e242d79b8d13d); quote: ""MMIs: We will require all shortlisted applicants to undertake Multiple Mini Interviews (MMIs) as part of the admissions process.""",2026-10-05
course:kings-college-london/a100:international_fee_gbp:2027/28,,,,,,,,,,,,verified,60200,https://www.kcl.ac.uk/study/undergraduate/courses/medicine-mbbs/fees,"Stored ref is international_fee_gbp:2026/27 (not verified: page shows 2027-28). AI-assisted review of the official page (https://www.kcl.ac.uk/study/undergraduate/courses/medicine-mbbs/fees, read 2026-10-05 via page-excerpts run 37349210077, sha256 c51042632a5ecf22); quote: ""Full time tuition fees international ⏎ The International tuition fee for the 2027-2028 academic year is £60,200 per year.""",2026-10-05
course:lincoln/medicine:ucas_code,,,,,,,,,,,,verified,A100,https://www.lincoln.ac.uk/course/mdcmbcub,"AI-assisted review of the official page (https://www.lincoln.ac.uk/course/mdcmbcub/, read 2026-10-05 via page-excerpts run 37349210077, sha256 4838288bcfc8484d); quote: ""Duration ⏎ 5 years ⏎ UCAS Code ⏎ A100""",2026-10-05
course:lincoln/medicine:course_length_years,,,,,,,,,,,,verified,5,https://www.lincoln.ac.uk/course/mdcmbcub,"AI-assisted review of the official page (https://www.lincoln.ac.uk/course/mdcmbcub/, read 2026-10-05 via page-excerpts run 37349210077, sha256 4838288bcfc8484d); quote: ""Duration ⏎ 5 years ⏎ UCAS Code ⏎ A100""",2026-10-05
course:lincoln/medicine:admissions_test,,,,,,,,,,,,verified,UCAT (same year as application; SJT Band 4 not considered),https://www.lincoln.ac.uk/course/mdcmbcub,"AI-assisted review of the official page (https://www.lincoln.ac.uk/course/mdcmbcub/, read 2026-10-05 via page-excerpts run 37349210077, sha256 4838288bcfc8484d); quote: ""UCAT: All applicants must sit the UCAT in the same year as the application is made for the course. Applicants who achieve a UCAT SJT grade of Band 4 will not be considered for this course.""",2026-10-05
course:lincoln/medicine:interview_format,,,,,,,,,,,,verified,"Multiple Mini Interviews (MMIs), in person on campus",https://www.lincoln.ac.uk/course/mdcmbcub,"AI-assisted review of the official page (https://www.lincoln.ac.uk/course/mdcmbcub/, read 2026-10-05 via page-excerpts run 37349210077, sha256 4838288bcfc8484d); quote: ""Interviews for the MBChB Medicine programme will be in the format of Multiple Mini Interviews (MMIs). These will take place in person on campus at the University of Lincoln.""",2026-10-05
course:st-andrews/a100:international_fee_gbp:2027/28,,,,,,,,,,,,verified,41600,https://www.st-andrews.ac.uk/subjects/medicine/medicine-bsc-a100,"Rest of the world fee on the A100 page for September 2027 start; the stored VERIFIED 2026/27 value (£39,620) is a different year and is unchanged. Per-year basis not stated in the excerpt. AI-assisted review of the official page (https://www.st-andrews.ac.uk/subjects/medicine/medicine-bsc-a100/, read 2026-10-05 via page-excerpts run 37349210077, sha256 4074ac72c42d1d71); quote: ""Starts ⏎ September 2027 ⏎ Duration ⏎ Six years full time ⏎ School ⏎ School of Medicine ⏎ Fees ⏎ UK ⏎ Tuition fees have yet to be set. ⏎ Rest of the world ⏎ £41,600""",2026-10-05
university:st-andrews:international_accepted,,,,,,,,,,,,verified,1,https://www.st-andrews.ac.uk/subjects/medicine/medicine-bsc-a100,"Medicine-specific statement. Overseas students complete clinical training at the University of Manchester. AI-assisted review of the official page (https://www.st-andrews.ac.uk/subjects/medicine/medicine-bsc-a100/, read 2026-10-05 via page-excerpts run 37349210077, sha256 4074ac72c42d1d71); quote: ""If you’re classed as Overseas for fee purposes, you’ll complete your training at the University of Manchester, our designated partner medical school for all international students for this programme.""",2026-10-05
course:st-andrews/a100:course_length_years,,,,,,,,,,,,verified,6,https://www.st-andrews.ac.uk/subjects/medicine/medicine-bsc-a100,"AI-assisted review of the official page (https://www.st-andrews.ac.uk/subjects/medicine/medicine-bsc-a100/, read 2026-10-05 via page-excerpts run 37349210077, sha256 4074ac72c42d1d71); quote: ""Starts ⏎ September 2027 ⏎ Duration ⏎ Six years full time""",2026-10-05
course:worcester/a101:international_fee_gbp:2027/28,,,,,,,,,,,,verified,49300,https://www.worcester.ac.uk/courses/medicine-graduate-entry-mbchb,"Graduate-entry MBChB (A101); no international_fee_gbp fact exists for Worcester. AI-assisted review of the official page (https://www.worcester.ac.uk/courses/medicine-graduate-entry-mbchb, read 2026-10-05 via page-excerpts run 37349210077, sha256 7d3c2adbb18a87b3); quote: ""International and EU students ⏎ The fees for International and EU students enrolling in the 2027/28 academic year are £49,300 per year.""",2026-10-05
university:chester:international_accepted,4,Medical school eligibility,S032,5,University of Chester,international_accepted,,yes,https://www.chester.ac.uk/international/how-to-apply/applying-for-graduate-entry-medicine/,VERIFY-ON-PAGE,,verified,,https://www.chester.ac.uk/international/how-to-apply/applying-for-graduate-entry-medicine/,"Medicine-specific statement. AI-assisted review of the official page (https://www.chester.ac.uk/international/how-to-apply/applying-for-graduate-entry-medicine/, read 2026-10-05 via page-excerpts run 37352011255, sha256 ba49455363bb86ab); quote: ""Our Graduate Entry Medicine (MBChB) degree is open for applications from international students who hold an undergraduate degree. You can apply through UCAS.""",2026-10-05
course:chester/a101:application_route,9,Application routes,S032,5,University of Chester · Graduate Entry Medicine MBChB,application_route,,UCAS,https://www.chester.ac.uk/international/how-to-apply/applying-for-graduate-entry-medicine/,VERIFY-ON-PAGE,,verified,UCAS (international applicants can apply through UCAS),https://www.chester.ac.uk/international/how-to-apply/applying-for-graduate-entry-medicine/,"Medicine-specific statement. The course page also shows separate ""Apply as Home Student via UCAS"" and ""Apply as International Student"" buttons; a human may wish to confirm whether a direct international route also exists. AI-assisted review of the official page (https://www.chester.ac.uk/international/how-to-apply/applying-for-graduate-entry-medicine/, read 2026-10-05 via page-excerpts run 37352011255, sha256 ba49455363bb86ab); quote: ""Our Graduate Entry Medicine (MBChB) degree is open for applications from international students who hold an undergraduate degree. You can apply through UCAS.""",2026-10-05
university:chester:english_requirement:2027 entry,5,Nigerian qualifications and entry,S033,7,University of Chester,english_requirement,2027 entry,IELTS 7.0 with a maximum of two components at 6.0 or 6.5.,https://www.chester.ac.uk/study/course-search/graduate-entry-medicine-mbchb/,VERIFY-ON-PAGE,,verified,Graduate Entry Medicine (MBChB): IELTS 7.0 (or equivalent) with a maximum of two component scores at 6.0 or 6.5,https://www.chester.ac.uk/international/how-to-apply/applying-for-graduate-entry-medicine/,"Medicine-specific statement. AI-assisted review of the official page (https://www.chester.ac.uk/international/how-to-apply/applying-for-graduate-entry-medicine/, read 2026-10-05 via page-excerpts run 37352011255, sha256 ba49455363bb86ab); quote: ""5. Language test for international students ⏎ International applicants will be required to submit an English Language test certificate confirming a score of (or equivalent to) IELTS 7.0 with a maximum of two component scores at 6.0 or 6.5.""",2026-10-05
course:chester/a101:admissions_test,9,Application routes,S032,5,University of Chester · Graduate Entry Medicine MBChB,admissions_test,,"UCAT, GAMSAT or MCAT (any one, minimum threshold)",https://www.chester.ac.uk/international/how-to-apply/applying-for-graduate-entry-medicine/,VERIFY-ON-PAGE,,verified,"UCAT, GAMSAT or MCAT: all applicants must meet the minimum threshold mark in one of these tests; thresholds are set annually above the national mean",https://www.chester.ac.uk/international/how-to-apply/applying-for-graduate-entry-medicine/,"AI-assisted review of the official page (https://www.chester.ac.uk/international/how-to-apply/applying-for-graduate-entry-medicine/, read 2026-10-05 via page-excerpts run 37352011255, sha256 ba49455363bb86ab); quote: ""2. UCAT/GAMSAT/MCAT ⏎ All applicants must meet the minimum threshold mark in either UCAT, GAMSAT or MCAT. ⏎ The minimum threshold scores fluctuate annually and will be set above the national mean.""",2026-10-05
course:chester/a101:ucas_code,10,Course availability,S149,2,University of Chester · Graduate Entry Medicine MBChB,ucas_code,,A101,https://www.ucas.com/explore/courses/7d3115e0-ac14-40a5-b5c1-651d60e2f470/graduate-entry-medicine?studyYear=2027,VERIFY-ON-PAGE,,verified,,https://www.chester.ac.uk/study/course-search/graduate-entry-medicine-mbchb/,"AI-assisted review of the official page (https://www.chester.ac.uk/study/course-search/graduate-entry-medicine-mbchb/, read 2026-10-05 via page-excerpts run 37352011255, sha256 100956ca91f1aef7); quote: ""UCAS Code ⏎ A101 ⏎ calendar_today ⏎ Start Date(s) ⏎ September 2026, September 2027 ⏎ timer ⏎ Duration ⏎ 4 years""",2026-10-05
course:chester/a101:course_length_years,10,Course availability,S032,5,University of Chester · Graduate Entry Medicine MBChB,course_length_years,,4,https://www.chester.ac.uk/international/how-to-apply/applying-for-graduate-entry-medicine/,VERIFY-ON-PAGE,,verified,,https://www.chester.ac.uk/study/course-search/graduate-entry-medicine-mbchb/,"AI-assisted review of the official page (https://www.chester.ac.uk/study/course-search/graduate-entry-medicine-mbchb/, read 2026-10-05 via page-excerpts run 37352011255, sha256 100956ca91f1aef7); quote: ""UCAS Code ⏎ A101 ⏎ calendar_today ⏎ Start Date(s) ⏎ September 2026, September 2027 ⏎ timer ⏎ Duration ⏎ 4 years ... The University of Chester's medical degree is an accelerated four-year, graduate entry MBChB programme""",2026-10-05
course:chester/a101:graduate_entry_course,10,Course availability,S149,2,University of Chester · Graduate Entry Medicine MBChB,graduate_entry_course,,yes,https://www.ucas.com/explore/courses/7d3115e0-ac14-40a5-b5c1-651d60e2f470/graduate-entry-medicine?studyYear=2027,VERIFY-ON-PAGE,,verified,,https://www.chester.ac.uk/study/course-search/graduate-entry-medicine-mbchb/,"AI-assisted review of the official page (https://www.chester.ac.uk/study/course-search/graduate-entry-medicine-mbchb/, read 2026-10-05 via page-excerpts run 37352011255, sha256 100956ca91f1aef7); quote: ""The University of Chester's medical degree is an accelerated four-year, graduate entry MBChB programme, open to applicants with a previous degree in any discipline.""",2026-10-05
university:chester:a_level_requirement:2027 entry,5,Nigerian qualifications and entry,S033,7,University of Chester,a_level_requirement,2027 entry,n/a (graduate entry),https://www.chester.ac.uk/study/course-search/graduate-entry-medicine-mbchb/,VERIFY-ON-PAGE,,verified,"Not applicable: Graduate Entry Medicine (MBChB) requires an undergraduate degree (minimum 2:1, or overseas equivalent, in any subject); applicants without a degree are not currently eligible to apply",https://www.chester.ac.uk/international/how-to-apply/applying-for-graduate-entry-medicine/,"Medicine-specific statement. AI-assisted review of the official page (https://www.chester.ac.uk/international/how-to-apply/applying-for-graduate-entry-medicine/, read 2026-10-05 via page-excerpts run 37352011255, sha256 ba49455363bb86ab); quote: ""If you do not have a degree, you are not currently eligible to apply. Our admission criteria are as follows: ⏎ 1. Academic Qualifications ⏎ A minimum of an upper second class honours (2:1) degree (or overseas equivalent) in any subject.""",2026-10-05
university:chester:gem_international:2027 entry,4,Medical school eligibility,S033,7,University of Chester,gem_international,2027 entry,YES — international applicants accepted. 2:1 or overseas equivalent in any subject; 2:2 holders need Masters/Doctorate. 70 hrs healthcare experience in last 3 years; MMI; UCAS; Enhanced DBS plus overseas evidence. UCAT/GAMSAT not mentioned in snippet — verify.,https://www.chester.ac.uk/study/course-search/graduate-entry-medicine-mbchb/,VERIFY-ON-PAGE,,verified,"Yes: Graduate Entry Medicine (MBChB) is open to international students who hold an undergraduate degree. Requirements: at least a 2:1 degree (or overseas equivalent) in any subject, or a lower second class degree with a Masters or Doctoral qualification; the minimum threshold mark in UCAT, GAMSAT or MCAT; 70 hours of prior work experience; IELTS 7.0 (or equivalent) with a maximum of two component scores at 6.0 or 6.5; a multiple mini interview (MMI); application through UCAS",https://www.chester.ac.uk/international/how-to-apply/applying-for-graduate-entry-medicine/,"Medicine-specific statement. The page does not name an entry year; the course page lists start dates of September 2026 and September 2027. AI-assisted review of the official page (https://www.chester.ac.uk/international/how-to-apply/applying-for-graduate-entry-medicine/, read 2026-10-05 via page-excerpts run 37352011255, sha256 ba49455363bb86ab); quote: ""Our Graduate Entry Medicine (MBChB) degree is open for applications from international students who hold an undergraduate degree. You can apply through UCAS. ... A minimum of an upper second class honours (2:1) degree (or overseas equivalent) in any subject. ⏎ Candidates with a lower second class degree should hold either a Masters or a Doctoral qualification to be considered. ... All applicants must meet the minimum threshold mark in either UCAT, GAMSAT or MCAT. ... 3. Work experience ⏎ All applicants must complete 70 hours (the equival",2026-10-05
university:chester:waec_neco_statement:2027 entry,5,Nigerian qualifications and entry,S033,7,University of Chester,waec_neco_statement,2027 entry,No A100 at Chester; country page is general.,https://www.chester.ac.uk/study/course-search/graduate-entry-medicine-mbchb/,VERIFY-ON-PAGE,General university statement; Medicine applicability must be confirmed.,verified,"General undergraduate statement (not Medicine-specific): the Nigeria page lists the West African School Certificate (WAEC) or Senior School Certificate with grades 1-8 in 4 relevant subjects for Foundation Year entry; for undergraduate study it lists qualifications such as an International Foundation Programme from GEC Academy with 55% or above, or a Diploma/National Diploma with a GPA of 2.5 out of 5 or 2.0 out of 4. WAEC and NECO are accepted as English language qualifications at C or C6 or above for undergraduate study",https://www.chester.ac.uk/international/countries/nigeria/,"General Nigeria country page. Chester's Medicine course is graduate entry only (an undergraduate degree is required), so this school-leaver statement does not on its own give entry to Medicine. AI-assisted review of the official page (https://www.chester.ac.uk/international/countries/nigeria/, read 2026-10-05 via page-excerpts run 37352011255, sha256 25d81100717f4424); quote: ""Foundation Year ⏎ Successful completion of West African School Certificate (WAEC) or Senior School Certificate with grades 1-8 in 4 relevant subjects. ⏎ Undergraduate Study ⏎ International Foundation Programme from GEC Academy with 55% or above ⏎ Diploma/National Diploma from a recognised institution with GPA 2.5 out of 5 or 2.0 out of 4 ... We accept the following English Language qualifications: ⏎ WAEC, Neco: ⏎ Undergraduate: C or C6 or above""",2026-10-05
university:queen-mary-london:english_requirement:2027 entry,5,Nigerian qualifications and entry,S056,15,Queen Mary University of London,english_requirement,2027 entry,"IELTS 7.0 incl. 6.5 Writing, 5.5 other components (snippet — verify; unusually low).",https://www.qmul.ac.uk/fmd/study/undergraduate/courses/a100/selection-criteria/,NOT_FOUND,,verified,"Medicine (MBBS): GCSE/IGCSE English Language grade 6/B, or IELTS 7.0 overall with 6.0 in all components, taken within two years of starting the course",https://www.qmul.ac.uk/fmd/study/undergraduate/courses/a100/entry-requirements/,"Medicine-specific statement (MBBS A100 entry requirements page). AI-assisted review of the official page (https://www.qmul.ac.uk/fmd/study/undergraduate/courses/a100/entry-requirements/, read 2026-10-05 via page-excerpts run 37352011255, sha256 bffdeecf5de31436); quote: ""English Language Requirements ⏎ GCSE/IGCSE English Language grade 6/B ⏎ or  ⏎ IELTS score of 7.0 overall with 6.0 in in all components. This must be taken within two years of starting the course.""",2026-10-05
university:lincoln:english_requirement:2027 entry,5,Nigerian qualifications and entry,S046,7,University of Lincoln,english_requirement,2027 entry,IELTS 7.5 (7.0) when open (AGENT-LEAD).,https://www.lincoln.ac.uk/course/mdcmbcub/,NOT_FOUND,,verified,"Medicine programme requirement for international applicants: minimum grade B (6) in GCSE English Language; if English is not your first language, accepted alternatives include IELTS 7.5 overall with no less than 7.0 in any element, or IGCSE First Language grade 6 (B).",https://www.lincoln.ac.uk/studywithus/internationalstudents/englishlanguagerequirements/,"Medicine-specific statement. The page is not dated by entry year; it is the requirement published on 2026-10-05. The list of alternatives is cut off in the excerpt after the IGCSE line, hence 'include'. The MBChB is not open to international applications for 2027-28 (existing verified fact). AI-assisted review of the official page (https://www.lincoln.ac.uk/studywithus/internationalstudents/englishlanguagerequirements/, read 2026-10-05 via page-excerpts run 37352011255, sha256 fbeaac4535a728b3); quote: ""Medicine Programme Requirements ⏎ English Language Qualifications ⏎ International applicants: ⏎ Minimum of grade B (6) GCSE English Language ⏎ If English is not your first language, one of the following is accepted: ⏎ IELTS Overall 7.5 (no less than 7.0 in any element) ⏎ IGCSE First Language Grade 6 (B)""",2026-10-05
university:lincoln:waec_neco_statement:2027 entry,5,Nigerian qualifications and entry,S046,7,University of Lincoln,waec_neco_statement,2027 entry,Medicine not open for international applications 2026-27 and 2027-28. Nigeria page (general): WAEC/NECO English C6+ accepted.,https://www.lincoln.ac.uk/course/mdcmbcub/,NOT_FOUND,General university statement; Medicine applicability must be confirmed.,verified,"General undergraduate statement (not Medicine-specific): Lincoln's Nigeria page says students from Nigeria need one of the following for entry into year one of a Bachelor's degree: the WASSCE plus an international foundation year, a recognised International Foundation programme, the International Baccalaureate with 27 to 34 points, or three A Levels; entry requirements may vary by programme. NECO or WAEC Senior School Certificate English Language at C6 (grade 6) is accepted as an alternative to IELTS for programmes that require IELTS 6.0.",https://www.lincoln.ac.uk/studywithus/internationalstudents/entryrequirementsandyourcountry/nigeria/,"General undergraduate statement on the Nigeria country page; it does not name Medicine. The MBChB is not open to international applications for 2027-28 (existing verified fact). AI-assisted review of the official page (https://www.lincoln.ac.uk/studywithus/internationalstudents/entryrequirementsandyourcountry/nigeria/, read 2026-10-05 via page-excerpts run 37352011255, sha256 86d7fe7b4f57f417); quote: ""Students from Nigeria require one of the following qualifications for entry into year one of a Bachelor’s degree: ⏎ West African Senior School Certificate (WASSCE) plus an international foundation year  ⏎ Successful completion of a recognised International Foundation programme ⏎ Successful completion of the International Baccalaureate (IB) with between 27 and 34 points ⏎ Successful completion of three A Levels ⏎ Entry requirements may vary depending on the programme ... As an alternative t",2026-10-05
university:hull-york:english_language_requirement,5,Nigerian qualifications and entry,S039,2,Hull York Medical School,english_language_requirement,,"IELTS 7.5 overall, min 7.0 each component (2027 entry); TOEFL 105 (W24/S26/L22/R22); PTE Academic 73 (min 65); Cambridge C1 Advanced 195 (min 190)",https://www.hyms.ac.uk/medicine/international-students,VERIFY-ON-PAGE,,verified,"MB BS Medicine (2027 entry): IELTS 7.5 with a minimum of 7.0 in every component, or Pearson Test of English (Academic) total 73 with a minimum of 65 in every component, obtained within the last two years",https://www.hyms.ac.uk/medicine/entry-requirements/entry-requirements-medicine,"Medicine-specific statement. TOEFL and Cambridge C1 Advanced figures in the stored value were not in the excerpt and are dropped. AI-assisted review of the official page (https://www.hyms.ac.uk/medicine/entry-requirements/entry-requirements-medicine, read 2026-10-05 via page-excerpts run 37352011255, sha256 5460f8c531061b65); quote: ""ENTRY REQUIREMENTS FOR MEDICINE ⏎ Find out our entry requirements which applicants need to meet to be considered for admission onto our MB BS Medicine programme. ⏎ Home » Medicine » Entry requirements » Entry requirements for Medicine ⏎ 2027 ENTRY ... IELTS score of 7.5 with a minimum of 7.0 in every component, obtained within the last two years ⏎ Pearson Test of English (Academic): Total score of 73 with a minimum of 65 in every component obtained in the last two years""",2026-10-05
course:hull-york/a100:admissions_test,9,Application routes,S038,4,Hull York Medical School · MB BS Medicine,admissions_test,,"UCAT (points: decile up to 35, SJT band up to 15, GCSEs up to 35, contextual up to 15; SJT Band 4 not interviewed)",https://www.hyms.ac.uk/medicine/applying/selection-procedure,VERIFY-ON-PAGE,,verified,UCAT: points for the total UCAT decile (up to 35) and the Situational Judgement Test band (up to 15) are used to rank applicants for interview; SJT Band 4 is not accepted,https://www.hyms.ac.uk/medicine/applying/selection-procedure,"AI-assisted review of the official page (https://www.hyms.ac.uk/medicine/applying/selection-procedure, read 2026-10-05 via page-excerpts run 37352011255, sha256 2b08d334fbbca27f); quote: ""in numerical order and invite the top scoring applicants to interview. ... UCAT score (35 points) - We award a number of points based upon your total UCAT decile, up to a maximum of 35 points. We do this once UCAT results are released to universities in November. ... UCAT Situational Judgement Test (15 points) - Points are allocated depending on the SJT Band achieved, up to a maximum of 15 points. We do not accept Band 4.""",2026-10-05
course:hull-york/a100:application_route,9,Application routes,S038,4,Hull York Medical School · MB BS Medicine,application_route,,UCAS,https://www.hyms.ac.uk/medicine/applying/selection-procedure,VERIFY-ON-PAGE,,verified,UCAS (October UCAS application deadline),https://www.hyms.ac.uk/medicine/applying/selection-procedure,"AI-assisted review of the official page (https://www.hyms.ac.uk/medicine/applying/selection-procedure, read 2026-10-05 via page-excerpts run 37352011255, sha256 2b08d334fbbca27f); quote: ""We carefully examine all the information submitted on the UCAS form when making decisions about candidates who are borderline at the selection for interview or selection for offer stage. ... Applicants will be asked to confirm eligibility for interview fast track via an online form sent shortly after the October UCAS application deadline.""",2026-10-05
course:hull-york/a100:interview_format,9,Application routes,S038,4,Hull York Medical School · MB BS Medicine,interview_format,,Graded station interview incl. group exercise; overseas applicants online via Zoom in December,https://www.hyms.ac.uk/medicine/applying/selection-procedure,VERIFY-ON-PAGE,,verified,"Station-based interview. Home/EU candidates: in person (group exercise, two mini interviews, a scenario station and a student station). Overseas fee status candidates: online (three mini interviews, a student station and an individual scenario station); online interviews are only available for international applicants",https://www.hyms.ac.uk/medicine/applying/selection-procedure,"Stored value mentioned Zoom and December; neither is in the excerpt, so the value is replaced. AI-assisted review of the official page (https://www.hyms.ac.uk/medicine/applying/selection-procedure, read 2026-10-05 via page-excerpts run 37352011255, sha256 2b08d334fbbca27f); quote: ""INTERVIEWS SCORING (HOME/EU CANDIDATES) ⏎ In-person interviews are scored as follows: ⏎ Group exercise - up to 22 points ⏎ Mini interview 1 - up to 17 points ⏎ Mini interview 2 - up to 17 points ⏎ Scenario station - up to 17 points ⏎ Student station - up to 17 points ... ONLINE INTERVIEWS SCORING (OVERSEAS FEE STATUS CANDIDATES) ⏎ Online interviews are only available for international applicants and therefore, do not include contextual data points. ⏎ Online interviews are scored as follows: ⏎ Mini interview 1 - up to 15 points ⏎ Mini interview 2 - up to 15 points ⏎ Mini interview 3 - up to 15 points ⏎ Student ",2026-10-05
course:worcester/a101:admissions_test,9,Application routes,S070,2,University of Worcester · Medicine (Graduate Entry) MBChB,admissions_test,,"UCAT, GAMSAT or MCAT accepted (no hard cut-off)",https://www.worcester.ac.uk/about/academic-schools/medical-school/medical-school-admissions/mbchb-application-faqs.aspx,VERIFY-ON-PAGE,,verified,"UCAT, GAMSAT or MCAT accepted (no hard cut-off score); CASPer is taken only by shortlisted applicants",https://www.worcester.ac.uk/about/academic-schools/medical-school/medical-school-admissions/mbchb-application-faqs.aspx,"AI-assisted review of the official page (https://www.worcester.ac.uk/about/academic-schools/medical-school/medical-school-admissions/mbchb-application-faqs.aspx, read 2026-10-05 via page-excerpts run 37352011255, sha256 d97cdf69f266649d); quote: ""4. Which aptitude tests do you accept? ⏎ UCAT (University Clinical Aptitude Test), GAMSAT (Graduate Medical Schools Admission Test) or MCAT (Medical College Admission Test). ⏎ 4. What score do I need on the aptitude test? ⏎ We don’t have hard cut off score, it depends on the shape of the curve of all applicants. ... CASPer is only for shortlisted applicants.""",2026-10-05
course:liverpool/a100:admissions_test,9,Application routes,S134,25,University of Liverpool · A100 5-year Programme (MBChB),admissions_test,,UCAT,https://www.ucat.ac.uk/about-ucat/universities/,VERIFY-ON-PAGE,,verified,UCAT for non-graduate applicants (score from the same year as the UCAS application); graduate applicants to A100 sit GAMSAT,https://www.liverpool.ac.uk/medicine/study-with-us/undergraduate/admissions-information/,"AI-assisted review of the official page (https://www.liverpool.ac.uk/medicine/study-with-us/undergraduate/admissions-information/, read 2026-10-05 via page-excerpts run 37352011255, sha256 4705492b906f0e1d); quote: ""All non-graduate applicants applying to the A100 programme are required to sit the United Kingdom Clinical Aptitude Test (UCAT). ⏎ Graduate applicants applying to A100 or to A101 will need to sit the Graduate Medical School Admissions Test (GAMSAT). ... All non-graduates applicants must offer UCAT score from the same year as their submitted UCAS application.""",2026-10-05
course:liverpool/a100:application_route,9,Application routes,S048,5,University of Liverpool · A100 5-year Programme (MBChB),application_route,,UCAS,"https://www.liverpool.ac.uk/media/livacuk/schoolofmedicine/admissions/A100,Departmental,Supplement,E2027.pdf",VERIFY-ON-PAGE,,verified,UCAS (closing date for UCAS applications to A100: 15 October 2026),https://www.liverpool.ac.uk/medicine/study-with-us/undergraduate/admissions-information/,"AI-assisted review of the official page (https://www.liverpool.ac.uk/medicine/study-with-us/undergraduate/admissions-information/, read 2026-10-05 via page-excerpts run 37352011255, sha256 4705492b906f0e1d); quote: ""The closing date for UCAS applications to A100 and A101 is 15th October 2026.""",2026-10-05
course:liverpool/a100:ucas_code,10,Course availability,S048,5,University of Liverpool · A100 5-year Programme (MBChB),ucas_code,,A100,"https://www.liverpool.ac.uk/media/livacuk/schoolofmedicine/admissions/A100,Departmental,Supplement,E2027.pdf",VERIFY-ON-PAGE,,verified,,https://www.liverpool.ac.uk/medicine/study-with-us/undergraduate/admissions-information/,"AI-assisted review of the official page (https://www.liverpool.ac.uk/medicine/study-with-us/undergraduate/admissions-information/, read 2026-10-05 via page-excerpts run 37352011255, sha256 4705492b906f0e1d); quote: ""The School offers two medicine programmes, the standard A100 (5 year) programme and the A101 (4-year) graduate-entry programme. ⏎ The closing date for UCAS applications to A100 and A101 is 15th October 2026.""",2026-10-05
course:liverpool/a100:course_length_years,10,Course availability,S048,5,University of Liverpool · A100 5-year Programme (MBChB),course_length_years,,5,"https://www.liverpool.ac.uk/media/livacuk/schoolofmedicine/admissions/A100,Departmental,Supplement,E2027.pdf",VERIFY-ON-PAGE,,verified,,https://www.liverpool.ac.uk/medicine/study-with-us/undergraduate/admissions-information/,"AI-assisted review of the official page (https://www.liverpool.ac.uk/medicine/study-with-us/undergraduate/admissions-information/, read 2026-10-05 via page-excerpts run 37352011255, sha256 4705492b906f0e1d); quote: ""The School offers two medicine programmes, the standard A100 (5 year) programme and the A101 (4-year) graduate-entry programme.""",2026-10-05
university:liverpool:international_places_open:2027 entry,4,Medical school eligibility,S047,7,University of Liverpool,international_places_open,2027 entry,"Yes, limited.",https://www.liverpool.ac.uk/international/countries/nigeria.php,VERIFY-ON-PAGE,,verified,Yes,https://www.liverpool.ac.uk/medicine/study-with-us/undergraduate/admissions-information/,"AI-assisted review of the official page (https://www.liverpool.ac.uk/medicine/study-with-us/undergraduate/admissions-information/, read 2026-10-05 via page-excerpts run 37352011255, sha256 4705492b906f0e1d); quote: ""Please note that the School of Medicine policy on the consideration of contextual data can be found here: Contextual Data Entry 2027(PDF) ⏎ The A100 programme accepts applications from both home and international students""",2026-10-05
university:nottingham:english_requirement:2027 entry,5,Nigerian qualifications and entry,S054,7,University of Nottingham,english_requirement,2027 entry,WAEC or iGCSE English grade C or above accepted (general) — confirm for BMBS.,https://www.nottingham.ac.uk/studywithus/international-applicants/country-info/countryinformation/nigeria.aspx,VERIFY-ON-PAGE,,verified,Medicine BMBS (2027 entry): IELTS 7.5 with no less than 7.0 in any element; or Pearson Test of English (Academic) 79 (minimum 76); or Cambridge Proficiency/Advanced 191 with no element below 185,https://www.nottingham.ac.uk/studywithus/ugstudy/courses/UG/Medicine-BMBS.html,"Medicine-specific statement. AI-assisted review of the official page (https://www.nottingham.ac.uk/studywithus/ugstudy/courses/UG/Medicine-BMBS.html, read 2026-10-05 via page-excerpts run 37352011255, sha256 13f029c981283e18); quote: ""The entrance requirements listed apply to 2027 entry. ... IELTS/English requirements ⏎ IELTS and equivalencies ⏎ You’ll need to have proof of your fluency in English with one of the following: ⏎ IELTS 7.5 (no less than 7.0 in any element) ⏎ Pearson Test of English (Academic) 79 (minimum 76) ⏎ Cambridge Proficiency/Advanced test ... (minimum 76) ⏎ Cambridge Proficiency/Advanced test (from January 2015) 191 with no element below 185""",2026-10-05
course:nottingham/medicine:interview_format,,,,,,,,,,,,verified,Interview required before an offer; home applicants are interviewed in person and international applicants online via Microsoft Teams; interviews scheduled between 15 December 2026 and 29 January 2027 (subject to change),https://www.nottingham.ac.uk/studywithus/ugstudy/courses/UG/Medicine-BMBS.html,"Page now shows a different value from the stored one ('likely' online; 'usually December to February'): format is stated firmly and dates are given for this cycle. AI-assisted review of the official page (https://www.nottingham.ac.uk/studywithus/ugstudy/courses/UG/Medicine-BMBS.html, read 2026-10-05 via page-excerpts run 37352011255, sha256 13f029c981283e18); quote: ""All applicants are required to attend an interview during the year in which they apply before an offer can be made for the course. ⏎ The interview format is determined on the applicant’s fee status: ⏎ Home applicants will be invited to attend an interview in person ⏎ International ... International applicants will be invited to attend an interview online via Microsoft Teams ⏎ Interviews are scheduled to take place between 15 December 2026 and 29 January 2027.""",2026-10-05
course:lancashire/medicine:application_route,9,Application routes,S044,3,University of Lancashire · Medicine & Surgery MBBS,application_route,,UCAS or direct application portal (international applicants may apply direct after the UCAS deadline subject to places),https://www.lancashire.ac.uk/undergraduate/courses/medicine-mbbs,VERIFY-ON-PAGE,,verified,"International applicants: through UCAS or the University of Lancashire application portal (direct applications accepted throughout the year); UK applicants: through UCAS, by October the year before entry",https://www.lancashire.ac.uk/undergraduate/how-to-apply/mbbs,"Page shows a different value from the stored 'UCAS (UCAS code A100)': international applicants may also apply directly through the university's portal. AI-assisted review of the official page (https://www.lancashire.ac.uk/undergraduate/how-to-apply/mbbs, read 2026-10-05 via page-excerpts run 37352011255, sha256 4aa7e033dd1227a7); quote: ""UK applications are made through UCAS. UK medical school applications need to be submitted by October the year before entry. ⏎ International applications can be made through UCAS or our application portal. We accept direct applications throughout the year.""",2026-10-05
topic:ucas-2027:document_upload:2027,9,Application routes,S129,1,UCAS 2027 entry,document_upload,2027,"Applicants can upload supporting documents (up to 30 files, 5 MB each) such as certificates, transcripts, translations, English certificates and passport",https://www.ucas.com/,VERIFY-ON-PAGE,New for 2027 entry.,verified,UCAS is introducing a document upload service for all students applying for 2027 entry (and for applicants applying directly to Clearing for 2026 entry); it allows applicants to upload documents such as English language certificates,https://www.ucas.com/international/international-students/faqs-for-international-students,"File limits (30 files, 5 MB) in the stored value are not in the excerpt and are dropped. AI-assisted review of the official page (https://www.ucas.com/international/international-students/faqs-for-international-students, read 2026-10-05 via page-excerpts run 37352011255, sha256 2910cf8c98ad245b); quote: ""Uploading documents to your application ⏎ UCAS is introducing a document upload service for applicants applying directly to Clearing for 2026 entry, or all students for 2027 entry. ⏎ Designed to support inclusive admissions, it allows you to upload documents such as English Language certificates""",2026-10-05
topic:ucas-2027:agent_statement:2027,9,Application routes,S130,1,UCAS 2027 entry,agent_statement,2027,UCAS states applicants are not disadvantaged by applying without an agent; agents may register as UCAS centres (a UK university reference is required),https://www.ucas.com/advisers/international-advisers,VERIFY-ON-PAGE,,verified,UCAS states that it is the applicant's choice whether to use an adviser (sometimes called an education agent or counsellor) and that applicants who do not use one are not disadvantaged in any way; advisers registered as UCAS centres can oversee an application through UCAS's online system; some agents may charge for their services,https://www.ucas.com/international/international-students/support-for-international-students/tips-for-international-applications,"The stored clause about a UK university reference being required is not in the excerpt and is dropped. AI-assisted review of the official page (https://www.ucas.com/international/international-students/support-for-international-students/tips-for-international-applications, read 2026-10-05 via page-excerpts run 37352011255, sha256 2052cd6c5b4e2b39); quote: ""Sometimes advisers are referred to as education agents or counsellors. ⏎ They can sometimes help you with your UCAS application or visa application. ⏎ It’s your choice whether you use an adviser or not – they can offer valuable support, but if you don’t use an adviser you’ll not be disadvantaged in any way. ⏎ If the adviser is registered as a UCAS cen ... as a UCAS centre they'll have access to the best advice and can oversee your application through UCAS’ online system. ... Please note, some advisers may charge for their services if t",2026-10-05
course:cambridge/a100:application_route,9,Application routes,S068,5,University of Cambridge · Medicine MB BChir,application_route,,UCAS,https://www.undergraduate.study.cam.ac.uk/courses/medicine-mb-bchir,VERIFY-ON-PAGE,,verified,UCAS,https://www.undergraduate.study.cam.ac.uk/international-students/international-applications,"General statement on the University of Cambridge international applications page (applies to all applicants; not Medicine-specific). AI-assisted review of the official page (https://www.undergraduate.study.cam.ac.uk/international-students/international-applications, read 2026-10-05 via page-excerpts run 37352011255, sha256 0fd71f0b43b4a180); quote: ""The application process is the same for all applicants to the University of Cambridge. ... All applications to UK universities are made through the Universities and Colleges Admissions Service (UCAS), which operates on a pre-qualification basis where offers are made in advance of applicants achieving their final grades.""",2026-10-05
university:exeter:international_places,4,Medical school eligibility,S036,5,University of Exeter,international_places,,10,https://www.exeter.ac.uk/v8media/recruitmentsites/documents/BMBS_Admissions_Policy_2026_(V4).pdf,VERIFY-ON-PAGE,,verified,10,https://www.exeter.ac.uk/undergraduate-degrees/bmbs-medicine/faqs/,"Medicine-specific statement (BMBS Medicine FAQs). The FAQ page does not name the entry year; it also says approximately 30 international applicants will be invited to interview. AI-assisted review of the official page (https://www.exeter.ac.uk/undergraduate-degrees/bmbs-medicine/faqs/, read 2026-10-05 via page-excerpts run 37352011255, sha256 6ec6d763edba7535); quote: ""Due to only having 10 places available for international students approximately 30 international applicants will be invited to interview.""",2026-10-05
university:exeter:waec_neco_statement:2027 entry,,,,,,,,,,,,verified,"General undergraduate statement (not Medicine-specific): under English language Profile G, the West African Examinations Council (WAEC) SSCE or the National Examinations Council (NECO) SSCE in English at first sitting, grade B2 or above, is accepted as English language evidence (valid without restriction). This page is about English language only and does not say whether WAEC or NECO meets the academic entry requirements for Medicine.",https://www.exeter.ac.uk/study/englishlanguagerequirements/profile-g,"English-language evidence only. Profile G is the profile given by the already verified english_requirement fact for BMBS Medicine. Academic acceptance of WAEC/NECO for Medicine is not published on the pages read. AI-assisted review of the official page (https://www.exeter.ac.uk/study/englishlanguagerequirements/profile-g, read 2026-10-05 via page-excerpts run 37352011255, sha256 9710484e623d0975); quote: ""English Language Requirements ⏎ Profile G ⏎ ... These tests are valid without restriction ⏎ Test name Required score ⏎ West African Examinations Council (WAEC) SSCE in English at first sitting Grade B2 or above ⏎ Nigeria National Examinations Council (NECO) SSCE in English at first sitting Grade B2 or above""",2026-10-05
course:lancaster/medicine:admissions_test,9,Application routes,S134,25,Lancaster University · Medicine,admissions_test,,UCAT,https://www.ucat.ac.uk/about-ucat/universities/,VERIFY-ON-PAGE,,verified,UCAT (all applicants),https://www.lancaster.ac.uk/study/undergraduate/courses/medicine-and-surgery-mbchb-a100/2026/,"Medicine-specific statement. AI-assisted review of the official page (https://www.lancaster.ac.uk/study/undergraduate/courses/medicine-and-surgery-mbchb-a100/2026/, read 2026-10-05 via page-excerpts run 37352011255, sha256 fe1f3a60047a342d); quote: ""All applicants must take the University Clinical Aptitude Test (UCAT) to be eligible for consideration at Lancaster Medical School.""",2026-10-05
course:manchester/a100:graduate_entry_course,10,Course availability,S140,1,University of Manchester · MBChB Medicine,graduate_entry_course,,yes,https://www.manchester.ac.uk/study/undergraduate/courses/2026/21177/mbchb-medicine-graduate-entry/,VERIFY-ON-PAGE,,verified,1,https://www.manchester.ac.uk/study/undergraduate/courses/2027/21177/mbchb-medicine-graduate-entry/,"Medicine-specific statement: MBChB Medicine (Graduate Entry), UCAS A101, 4 years, 2027 entry. AI-assisted review of the official page (https://www.manchester.ac.uk/study/undergraduate/courses/2027/21177/mbchb-medicine-graduate-entry/, read 2026-10-05 via page-excerpts run 37352011255, sha256 e69399f0c016c7b3); quote: ""MBChB Medicine (Graduate Entry) ⏎ Train at the UK's largest medical school and the biggest provider of healthcare graduates to the NHS in north-west England. ⏎ Duration: 4 years ⏎ Year of entry: 2027 ⏎ UCAS course code: A101 / Institution code: M20 ... Pursue a career in medicine through this course, if you have already achieved a life science or health undergraduate degree.""",2026-10-05
university:manchester:gem_international:2027 entry,4,Medical school eligibility,S049,7,University of Manchester,gem_international,2027 entry,A101 (2027) page exists; international eligibility: DATA UNAVAILABLE (search budget) — confirm directly with the university,https://www.manchester.ac.uk/study/international/country-specific-information/nigeria/entry-requirements/,NOT_FOUND,,verified,"MBChB Medicine (Graduate Entry, A101, 2027 entry) welcomes applications from overseas students; the University says its country-specific information is general only, as specific entry requirements may be different for Graduate Entry Medicine, and asks applicants to contact ug.medicine@manchester.ac.uk to check.",https://www.manchester.ac.uk/study/undergraduate/courses/2027/21177/mbchb-medicine-graduate-entry/,"Medicine-specific statement. AI-assisted review of the official page (https://www.manchester.ac.uk/study/undergraduate/courses/2027/21177/mbchb-medicine-graduate-entry/, read 2026-10-05 via page-excerpts run 37352011255, sha256 e69399f0c016c7b3); quote: ""Country-specific entry requirements ⏎ We welcome applications from overseas students. Country-specific information can be found on the University website .However, this is for general information only, as specific entry requirements may be different for the Graduate Entry Medicine course. Please contact us at ug.medicine@manchester.ac.uk to check specific requirements for""",2026-10-05
course:brighton-sussex/a100:interview_format,9,Application routes,S028,4,Brighton and Sussex Medical School · BM BS Medicine,interview_format,,"MMI, Dec 2026 - Feb 2027; in person or via Zoom",https://www.bsms.ac.uk/undergraduate/applying-to-bsms/admissions-process.aspx,VERIFY-ON-PAGE,,verified,"UK applicants: multiple mini interviews (MMIs) from December 2026 to February 2027, in person (early December or early January) or via Zoom (late January or early February). International applicants: in-person interview, or online via Zoom for those unable to attend due to mitigating circumstances.",https://www.bsms.ac.uk/undergraduate/applying-to-bsms/admissions-process.aspx,"Medicine-specific statement. The international steps (7-step section for non-UK/EU entrants) say Zoom is only for those unable to attend due to mitigating circumstances; the free in-person/Zoom choice and the MMI wording appear in the UK section. AI-assisted review of the official page (https://www.bsms.ac.uk/undergraduate/applying-to-bsms/admissions-process.aspx, read 2026-10-05 via page-excerpts run 37352011255, sha256 9994fd30de436872); quote: ""Step 4 ⏎ Admission interviews will take place from December 2026 through to February 2027. ⏎ Applicants may choose whether to attend their interview in person (early December or early January) or virtually via Zoom (late January or early February). ⏎ You can see an example of an MMI discussion (held in-person) by watching the video below. ⏎ To prepare for the MMIs ... INTERNATIONAL STUDENTS ⏎ We expect to have 10 places for new international (n",2026-10-05
university:cardiff:foundation_route:2027 entry,5,Nigerian qualifications and entry,S030,7,Cardiff University,foundation_route,2027 entry,Cardiff ISC International Foundation Year (Medicine) accepted for entry to a medical degree at Cardiff subject to grades and other conditions.,https://www.cardiff.ac.uk/study/international/your-country/africa/nigeria/entry-requirements,VERIFY-ON-PAGE,,verified,"Cardiff University International Study Centre International Foundation Year lists Medicine as a progression degree aim: students must successfully complete the pathway programme and achieve the required grades; Academic IELTS for UKVI 6.0 (minimum 6.0 in writing, no skill below 5.5) is required to confirm an offer; students must be 18 at the start of the degree; Medicine applicants must make an enquiry to be advised on entry and progression requirements (the country-specific entry requirements do not apply to Medicine).",https://isc.cardiff.ac.uk/how-to-apply/entry-requirements,"Medicine-specific statement on the International Study Centre (pathway) page; no entry year stated on the page; progression is conditional, not guaranteed. AI-assisted review of the official page (https://isc.cardiff.ac.uk/how-to-apply/entry-requirements, read 2026-10-05 via page-excerpts run 37352011255, sha256 948283a33219947d); quote: ""To progress to your undergraduate or postgraduate degree, you will be required to successfully complete your pathway programme and achieve the required grades. ⏎ International Foundation Year ⏎ A one-year programme to prepare international students for their undergraduate degree. ... Academic IELTS for UKVI 6.0 (minimum 6.0 in writing, no skill below 5.5) is required for students aiming to progress to Medicine*, Dental Surgery*, Pharmacy and Medical Pharmacology*, Optometry, Journalism and Communications; Journalism, Communications and Politics; Media a",2026-10-05
university:keele:international_places,4,Medical school eligibility,S043,6,Keele University,international_places,,10,https://www.keele.ac.uk/study/undergraduate/undergraduatecourses/medicine/medicinehowtoapply/,VERIFY-ON-PAGE,,verified,10 overseas places for 2026 entry,https://www.keele.ac.uk/study/undergraduate/undergraduatecourses/medicine/medicinehowtoapply/,"Places available for 2026 entry (A100: 171 = 161 Home + 10 Overseas); the page does not yet state 2027 entry places. AI-assisted review of the official page (https://www.keele.ac.uk/study/undergraduate/undergraduatecourses/medicine/medicinehowtoapply/, read 2026-10-05 via page-excerpts run 37352011255, sha256 5893eeb9f680e044); quote: ""This table shows a summary of the places available and applications received for 2026 entry. ⏎ Applications 2026 entry ⏎ Places available 2026 ⏎ Total applications ⏎ Home applications ⏎ Overseas applications ⏎ A100 ⏎ 171 ⏎ (161 Home + ⏎ 10 Overseas)""",2026-10-05
course:keele/a100:admissions_test,,,,,,,,,,,,verified,"UCAT, taken in the year of application. International applicants (international fee status): total UCAT score of at least 1,950 and SJT band 1–3 to be considered (below 1,950 or SJT band 4 rejected automatically); ranked on total UCAT score.",https://www.keele.ac.uk/study/undergraduate/undergraduatecourses/medicine/medicineentryrequirements/,"Medicine-specific statement. AI-assisted review of the official page (https://www.keele.ac.uk/study/undergraduate/undergraduatecourses/medicine/medicineentryrequirements/, read 2026-10-05 via page-excerpts run 37352011255, sha256 ccc2db4a0cd6adba); quote: ""All applicants must take the University Clinical Aptitude Test (UCAT) in the year of application ... International applicants (i.e. students with international fees status) are ranked on total UCAT scores (see How to Apply for Medicine A100). International applicants must have a total UCAT score of at least 1,950 and a situational judgement test (SJT) result in bands 1–3 to be considered. ... International applicants for the 5-year medicine programme (A100) with a total score below 1,950 or an SJT result in band 4 will be rejected automatically.""",2026-10-05
course:leeds/a100:application_route,,,,,,,,,,,,verified,"UCAS; the UCAT must be taken before applying, in the same year of application",https://medicinehealth.leeds.ac.uk/homepage/248/understanding-ucat,"Medicine-specific statement (Medicine and Surgery MBChB) on the Leeds School of Medicine and Health site. AI-assisted review of the official page (https://medicinehealth.leeds.ac.uk/homepage/248/understanding-ucat, read 2026-10-05 via page-excerpts run 37352011255, sha256 6f3f36b3050e2f5d); quote: ""If you’re applying for the Gateway Year to Medicine MBChB, Medicine and Surgery MBChB or Dental Surgery BChD at Leeds, you’ll need to take the University Clinical Aptitude Test (UCAT) exam as part of your application, before you apply to UCAS. ... You need to take the test before you apply through UCAS. It must be completed within the same year of application. ... After you’ve successfully completed and passed the UCAT, you’ll need to apply for your course through UCAS.""",2026-10-05
university:plymouth:english_requirement:2027 entry,5,Nigerian qualifications and entry,S055,7,University of Plymouth,english_requirement,2027 entry,"IELTS 7.5 with at least 7.0 in Speaking and Listening, taken within 12 months of entry.",https://www.plymouth.ac.uk/international/study/international-students-country-guides/africa/nigeria,VERIFY-ON-PAGE,,verified,"Medicine (BMBS): IELTS 7.5 or above with at least 7.0 in each of Speaking and Listening, taken within 12 months of entry at an approved test centre (IELTS Indicator online test not accepted), for students whose first language is not English.",https://www.plymouth.ac.uk/courses/undergraduate/bmbs-bachelor-of-medicine-bachelor-of-surgery/entry-requirements,"Medicine-specific statement. The page does not state an entry year. Its widening-access section also gives IELTS 7.0 overall with 6.5 in every element as an example; the statement quoted here applies to students whose first language is not English, next to the international applicant section. AI-assisted review of the official page (https://www.plymouth.ac.uk/courses/undergraduate/bmbs-bachelor-of-medicine-bachelor-of-surgery/entry-requirements, read 2026-10-05 via page-excerpts run 37352011255, sha256 d5fac3f6c2395327); quote: ""Students whose first language is not English must demonstrate proficiency in the English language by achieving one of the following qualifications: ⏎ IELTS band 7.5 or above with at least 7.0 in each of the Speaking and Listening sections (taken within 12 months of entry). The University will no longer accept the IELTS indicator (online test). All applicants will",2026-10-05
university:plymouth:international_places_open:2027 entry,4,Medical school eligibility,S055,7,University of Plymouth,international_places_open,2027 entry,Yes — verify.,https://www.plymouth.ac.uk/international/study/international-students-country-guides/africa/nigeria,VERIFY-ON-PAGE,,verified,Yes,https://www.plymouth.ac.uk/courses/undergraduate/bmbs-bachelor-of-medicine-bachelor-of-surgery/entry-requirements,"Medicine-specific statement: the BMBS entry requirements page sets admission criteria for international applicants; it does not state an entry year or a number of international places. AI-assisted review of the official page (https://www.plymouth.ac.uk/courses/undergraduate/bmbs-bachelor-of-medicine-bachelor-of-surgery/entry-requirements, read 2026-10-05 via page-excerpts run 37352011255, sha256 d5fac3f6c2395327); quote: ""If you are an international applicant, you need to meet the equivalent admissions criteria described for home students, including the UCAT. Applicants applying with overseas qualifications should contact the Admissions Team at admissions@plymouth.ac.uk prior to submitting an application through UCAS.""",2026-10-05
university:plymouth:a_level_requirement:2027 entry,5,Nigerian qualifications and entry,S055,7,University of Plymouth,a_level_requirement,2027 entry,International must meet equivalent of home criteria (verify grades) plus UCAT.,https://www.plymouth.ac.uk/international/study/international-students-country-guides/africa/nigeria,VERIFY-ON-PAGE,,verified,"Typical offer A*AA–AAB at GCE A level, including grade A in Biology and grade A in a second science from Chemistry, Physics, Maths or Psychology (for AAB offers the page refers to its Widening Access section); International Baccalaureate 36–38 points with Higher Level 6 in Biology and Higher Level 6 in one further science from Chemistry, Physics, Maths or Psychology. International applicants must meet the equivalent admissions criteria described for home students, including the UCAT.",https://www.plymouth.ac.uk/courses/undergraduate/bmbs-bachelor-of-medicine-bachelor-of-surgery/entry-requirements,"Medicine-specific statement. The page does not state an entry year. AI-assisted review of the official page (https://www.plymouth.ac.uk/courses/undergraduate/bmbs-bachelor-of-medicine-bachelor-of-surgery/entry-requirements, read 2026-10-05 via page-excerpts run 37352011255, sha256 d5fac3f6c2395327); quote: ""The typical offer is A*AA – AAB at GCE A level which must include the following: ⏎ Grade A in Biology ⏎ Grade A in a second science from Chemistry, Physics, Maths or Psychology ⏎ Your third A level can be from any subject area and does not need to be science based. ... For AAB offers please refer to the Widening Access section. ... International Baccalaureate ⏎ 36–38 points overall to include the following: ⏎ Higher Level 6 in Biology ⏎ Higher Level 6 in one further science from Chemistry, Physics, Maths or Psychology ... If you are an international applicant, you need to meet the equ",2026-10-05
university:warwick:international_accepted,,,,,,,,,,,,verified,1,https://warwick.ac.uk/services/finance/studentfinance/fees/overseasfees,"UG Overseas Fees page lists an overseas tuition fee for A101 MBChB (Graduate Entry Medicine): Year 1 £32,510 and Years 2-4 £56,660 in 2026-27; 2027-28 TBA. Warwick has no international_accepted fact yet. AI-assisted review of the official page (https://warwick.ac.uk/services/finance/studentfinance/fees/overseasfees/, read 2026-10-05 via page-excerpts run 37352011255, sha256 420830409a4a93aa); quote: ""MBChB (Graduate Entry Medicine) (Year 1) A101 MBChB £30,670 £32,510 TBA ⏎ MBChB (Graduate Entry Medicine) (Years 2-4) A101 MBChB £53,460 £56,660 TBA""",2026-10-05
course:queens-belfast/medicine:international_fee_gbp:2027/28,,,,,,,,,,,,verified,39990,https://www.qub.ac.uk/Study/international-students/tuition-fees,"Pre-clinical rate (Fee Rate 3, 'Pre-Clinical elements of medical courses') for students first enrolling in 2027/28; the clinical rate and the 2027/28 clinical placement levy are TBC. Table names medical courses generally, not MB A100. AI-assisted review of the official page (https://www.qub.ac.uk/Study/international-students/tuition-fees/, read 2026-10-05 via page-excerpts run 37352011255, sha256 ac957db90df4cab7); quote: ""Students first enrolling in 2027/28*. Tuition fees relate to one year of study ... Fee Rate 3 (pre-clinical)  ⏎ 39,990** ⏎  53,524 ⏎ Fee Rate 4 (clinical) ⏎ TBC ⏎  TBC ... The levy payable for 2027/28 is TBC.""",2026-10-05
university:swansea:international_accepted,,,,,,,,,,,,verified,1,https://www.swansea.ac.uk/undergraduate/courses/medicine/medicine-graduate-entry-mbbch,"Graduate-entry only (applicants need a degree, minimum 2:1); no school-leaver Medicine course was read for Swansea. No international_accepted ref exists for Swansea. AI-assisted review of the official page (https://www.swansea.ac.uk/undergraduate/courses/medicine/medicine-graduate-entry-mbbch/, read 2026-10-05 via page-excerpts run 37352011255, sha256 6574093400454177); quote: ""Our Graduate Entry Medicine (GEM) programme is unique in Wales and one of just a handful of similar programmes of medical study in the UK open to graduates of any discipline from the UK, EU and overseas. ... This deadline applies to UK, EU and International applicants.""",2026-10-05
course:swansea/medicine:application_route,,,,,,,,,,,,verified,"UCAS only, before 6pm (British Summer Time) on the stated closing date; the deadline applies to UK, EU and international applicants and late or direct applications are not accepted",https://www.swansea.ac.uk/undergraduate/courses/medicine/medicine-graduate-entry-mbbch,"AI-assisted review of the official page (https://www.swansea.ac.uk/undergraduate/courses/medicine/medicine-graduate-entry-mbbch/, read 2026-10-05 via page-excerpts run 37352011255, sha256 6574093400454177); quote: ""How to Apply ⏎ All applications must be submitted via UCAS before 6pm (British Summer Time) on the stated closing date. This deadline applies to UK, EU and International applicants. There is no facility to accept late or direct applications.""",2026-10-05
university:swansea:english_requirement:2027 entry,,,,,,,,,,,,verified,"For applicants from majority non-English speaking countries: IELTS 7.0 with no less than 7.0 in speaking and 6.5 in listening, reading and writing; overseas English-medium schooling, a previous English-medium degree or professional work in English are not accepted as evidence for this programme",https://www.swansea.ac.uk/undergraduate/courses/medicine/medicine-graduate-entry-mbbch,"Medicine-specific statement (graduate-entry MB BCh course page). AI-assisted review of the official page (https://www.swansea.ac.uk/undergraduate/courses/medicine/medicine-graduate-entry-mbbch/, read 2026-10-05 via page-excerpts run 37352011255, sha256 6574093400454177); quote: ""For applicants from majority non-English speaking countries, IELTS 7.0 with no less than 7.0 in speaking and 6.5 in listening, reading and writing is accepted as equivalent. ⏎ Details of approved tests of English proficiency can be found here. For this programme, the following are not acceptable as evidence of English proficiency if you are from a majority non-Eng ... speaking country: ⏎ Overseas secondary education in an English-medium school or education system ⏎ Previous degree at a British or English-medium overseas university ⏎ Working in a professional capacity in an English language environment""",2026-10-05
course:swansea/medicine:ucas_code,,,,,,,,,,,,verified,A101,https://www.swansea.ac.uk/undergraduate/courses/medicine/medicine-graduate-entry-mbbch,"AI-assisted review of the official page (https://www.swansea.ac.uk/undergraduate/courses/medicine/medicine-graduate-entry-mbbch/, read 2026-10-05 via page-excerpts run 37352011255, sha256 6574093400454177); quote: ""MB BCh 4 Year Full Time ⏎ UCAS Code ⏎ A101""",2026-10-05
course:swansea/medicine:course_length_years,,,,,,,,,,,,verified,4,https://www.swansea.ac.uk/undergraduate/courses/medicine/medicine-graduate-entry-mbbch,"AI-assisted review of the official page (https://www.swansea.ac.uk/undergraduate/courses/medicine/medicine-graduate-entry-mbbch/, read 2026-10-05 via page-excerpts run 37352011255, sha256 6574093400454177); quote: ""MB BCh 4 Year Full Time ⏎ UCAS Code ⏎ A101""",2026-10-05
course:lancashire/medicine:interview_format,,,,,,,,,,,,verified,Multiple Mini Interviews (MMI); no offer is made without an interview; usually held at the Preston Campus between December and April; international students may be interviewed in other locations,https://www.lancashire.ac.uk/undergraduate/how-to-apply/mbbs,"AI-assisted review of the official page (https://www.lancashire.ac.uk/undergraduate/how-to-apply/mbbs, read 2026-10-05 via page-excerpts run 37352011255, sha256 4aa7e033dd1227a7); quote: ""If you're invited for interview, you'll take part in our Multiple Mini Interviews (MMI). You will not be made an offer without an interview. The interviews are usually held at our Preston Campus between December and April. For international students, we may interview in other locations across the world.""",2026-10-05
course:nottingham/medicine:ucas_code,,,,,,,,,,,,verified,A100,https://www.nottingham.ac.uk/studywithus/ugstudy/courses/UG/Medicine-BMBS.html,"AI-assisted review of the official page (https://www.nottingham.ac.uk/studywithus/ugstudy/courses/UG/Medicine-BMBS.html, read 2026-10-05 via page-excerpts run 37352011255, sha256 13f029c981283e18); quote: ""Medicine ⏎ - U6UBMBSC3 ⏎ BMBS Hons ⏎ UCAS Code A100""",2026-10-05
course:nottingham/medicine:course_length_years,,,,,,,,,,,,verified,5,https://www.nottingham.ac.uk/studywithus/ugstudy/courses/UG/Medicine-BMBS.html,"AI-assisted review of the official page (https://www.nottingham.ac.uk/studywithus/ugstudy/courses/UG/Medicine-BMBS.html, read 2026-10-05 via page-excerpts run 37352011255, sha256 13f029c981283e18); quote: ""Duration ⏎ 5 years full-time ⏎ Location ⏎ Queen's Medical Centre ⏎ Select start date ⏎ September 2027""",2026-10-05
course:cambridge/a100:international_fee_gbp:2027/28,,,,,,,,,,,,verified,70554,https://www.undergraduate.study.cam.ac.uk/international-students/international-fees-and-costs,"2027 entry, so not used for the 2026/27 ref (already VERIFIED at 70554). The page also says the Year 3 fee for international Medicine students corresponds to the course taken that year, and international students normally pay an annual College fee in addition. AI-assisted review of the official page (https://www.undergraduate.study.cam.ac.uk/international-students/international-fees-and-costs, read 2026-10-05 via page-excerpts run 37352011255, sha256 a45c31a7d8011339); quote: ""International tuition fees for 2027 entry ⏎ The fees below are for 2027 entry. ... Group ⏎ 5  ⏎ Courses ⏎ Medical and Veterinary Science (including for this purpose the Second M.B. and Second Vet.M.B. Examinations)  ⏎ Tuition Fee ⏎ £70,554""",2026-10-05
university:cambridge:english_requirement:2027 entry,,,,,,,,,,,,verified,"General undergraduate requirement (not Medicine-specific): IELTS Academic normally a minimum overall grade of 7.5, usually with 7.0 or above in each element; for interview, IELTS Academic 6.5 overall with no element below 6.0 is recommended at the point of application.",https://www.undergraduate.study.cam.ac.uk/apply/before/entry-requirements,"Cambridge has no english_requirement fact yet. AI-assisted review of the official page (https://www.undergraduate.study.cam.ac.uk/apply/before/entry-requirements, read 2026-10-05 via page-excerpts run 37352011255, sha256 6c9993f3d27f26c9); quote: ""To take part in an interview, we recommend that, at the point of application, your English language ability is equivalent to at least IELTS Academic 6.5 overall, with no element below 6.0. ... Minimum English language requirements ⏎ IELTS Academic – normally a minimum overall grade of 7.5, usually with 7.0 or above in each element""",2026-10-05
university:lancaster:international_accepted,,,,,,,,,,,,verified,1,https://www.lancaster.ac.uk/study/undergraduate/courses/medicine-and-surgery-mbchb-a100/2026,"International fee published on the Medicine and Surgery MBChB (A100) course page. Lancaster has no international_accepted fact yet. AI-assisted review of the official page (https://www.lancaster.ac.uk/study/undergraduate/courses/medicine-and-surgery-mbchb-a100/2026/, read 2026-10-05 via page-excerpts run 37352011255, sha256 fe1f3a60047a342d); quote: ""Our Undergraduate Tuition Fees for 2026/27 are: ⏎ Home International ⏎ £9,790 £48,620""",2026-10-05
university:lancaster:english_requirement:2027 entry,,,,,,,,,,,,verified,Medicine and Surgery MBChB (A100): IELTS 7.0 overall with at least 7.0 in each component,https://www.lancaster.ac.uk/study/undergraduate/courses/medicine-and-surgery-mbchb-a100/2026,"Medicine-specific statement. AI-assisted review of the official page (https://www.lancaster.ac.uk/study/undergraduate/courses/medicine-and-surgery-mbchb-a100/2026/, read 2026-10-05 via page-excerpts run 37352011255, sha256 fe1f3a60047a342d); quote: ""English language requirements ⏎ We require an IELTS score of 7.0 overall with at least 7.0 in each component for this programme.""",2026-10-05
course:lancaster/medicine:ucas_code,,,,,,,,,,,,verified,A100,https://www.lancaster.ac.uk/study/undergraduate/courses/medicine-and-surgery-mbchb-a100/2026,"AI-assisted review of the official page (https://www.lancaster.ac.uk/study/undergraduate/courses/medicine-and-surgery-mbchb-a100/2026/, read 2026-10-05 via page-excerpts run 37352011255, sha256 fe1f3a60047a342d); quote: ""Medicine and Surgery ⏎ MBChB ⏎ UCAS code ⏎ A100 ⏎ Entry year ⏎ 2026 or 2027""",2026-10-05
course:lancaster/medicine:course_length_years,,,,,,,,,,,,verified,5,https://www.lancaster.ac.uk/study/undergraduate/courses/medicine-and-surgery-mbchb-a100/2026,"AI-assisted review of the official page (https://www.lancaster.ac.uk/study/undergraduate/courses/medicine-and-surgery-mbchb-a100/2026/, read 2026-10-05 via page-excerpts run 37352011255, sha256 fe1f3a60047a342d); quote: ""Duration ⏎ Full time 5 years""",2026-10-05
course:lancaster/medicine:interview_format,,,,,,,,,,,,verified,Multiple mini interview (MMI); no applicant is offered a place without being interviewed,https://www.lancaster.ac.uk/study/undergraduate/courses/medicine-and-surgery-mbchb-a100/2026,"AI-assisted review of the official page (https://www.lancaster.ac.uk/study/undergraduate/courses/medicine-and-surgery-mbchb-a100/2026/, read 2026-10-05 via page-excerpts run 37352011255, sha256 fe1f3a60047a342d); quote: ""No applicant will be offered a place without being interviewed. Lancaster Medical School uses the multiple mini interview format for their admissions interviews.""",2026-10-05
university:plymouth:international_accepted,,,,,,,,,,,,verified,1,https://www.plymouth.ac.uk/courses/undergraduate/bmbs-bachelor-of-medicine-bachelor-of-surgery/entry-requirements,"No international_accepted fact exists for Plymouth; explicit statement for international applicants on the BMBS entry requirements page (no entry year stated). AI-assisted review of the official page (https://www.plymouth.ac.uk/courses/undergraduate/bmbs-bachelor-of-medicine-bachelor-of-surgery/entry-requirements, read 2026-10-05 via page-excerpts run 37352011255, sha256 d5fac3f6c2395327); quote: ""If you are an international applicant, you need to meet the equivalent admissions criteria described for home students, including the UCAT. Applicants applying with overseas qualifications should contact the Admissions Team at admissions@plymouth.ac.uk prior to submitting an application through UCAS.""",2026-10-05
course:plymouth/medicine:interview_format,,,,,,,,,,,,verified,Multiple Mini Interviews (MMIs),https://www.plymouth.ac.uk/courses/undergraduate/bmbs-bachelor-of-medicine-bachelor-of-surgery/entry-requirements,"No interview_format fact exists for Plymouth BMBS. AI-assisted review of the official page (https://www.plymouth.ac.uk/courses/undergraduate/bmbs-bachelor-of-medicine-bachelor-of-surgery/entry-requirements, read 2026-10-05 via page-excerpts run 37352011255, sha256 d5fac3f6c2395327); quote: ""2. Interview – Successful applicants are invited to attend an interview process. We use Multiple Mini Interviews (MMIs) as the format for our interviews.""",2026-10-05
university:keele:foundation_route:2027 entry,,,,,,,,,,,,verified,International applicants are not eligible for the 6-year MBChB with Health Foundation Year for Medicine (A104).,https://www.keele.ac.uk/study/undergraduate/undergraduatecourses/medicine/medicineentryrequirements,"No foundation_route fact exists for Keele. AI-assisted review of the official page (https://www.keele.ac.uk/study/undergraduate/undergraduatecourses/medicine/medicineentryrequirements/, read 2026-10-05 via page-excerpts run 37352011255, sha256 ccc2db4a0cd6adba; https://www.keele.ac.uk/study/undergraduate/undergraduatecourses/medicine/medicinehowtoapply/, read 2026-10-05 via page-excerpts run 37352011255, sha256 5893eeb9f680e044); quote: ""International applicants are not eligible for the health foundation year for medicine (A104). ... International applicants are not eligible for A104.""",2026-10-05
course:swansea/graduate-entry:international_fee_gbp:2027/28,,,,,,,,,,,,verified,50750,https://www.swansea.ac.uk/undergraduate/courses/medicine/medicine-graduate-entry-mbbch,"Graduate-entry course (course:swansea/graduate-entry), September 2027 start, first-year international fee; rises 3% a year. Not a fee for a school-leaver Medicine course. AI-assisted review of the official page (https://www.swansea.ac.uk/undergraduate/courses/medicine/medicine-graduate-entry-mbbch/, read 2026-10-05 via page-excerpts run 37352011255, sha256 6574093400454177); quote: ""Tuition Fees ⏎ Start Date UK International ⏎ September 2027 £ 9,790 £ 50,750 ⏎ Fees for full time undergraduate UK students may increase in subsequent years of study in line with the maximum regulated fee level set by the Welsh Government ⏎ Fees for full time Undergraduate International students will increase by 3% for each subsequent year of study.""",2026-10-05
university:brunel:english_requirement:2027 entry,5,Nigerian qualifications and entry,S026,7,Brunel University of London,english_requirement,2027 entry,IELTS 7.0 in each component.,https://www.brunel.ac.uk/brunel-medical-school/documents/pdf/MBBS-international-entry-requirements-2025-entry-approved.pdf,NOT_FOUND,,verified,Medicine MBBS: IELTS 7.0 overall (minimum 7.0 in all areas); Pearson 64 overall,https://www.brunel.ac.uk/study/courses/medicine-mbbs,"Medicine-specific statement. Stated on the Medicine MBBS course page (key information shows 2027/8 entry requirements); the Pearson component minimum is cut off in the excerpt. AI-assisted review of the official page (https://www.brunel.ac.uk/study/courses/medicine-mbbs, read 2026-10-05 via page-excerpts run 37354226577, sha256 bf2710d28fa6b400); quote: ""Entry requirements ⏎ 2027/8 ⏎ AAA (A-level) ... English language requirements ⏎ IELTS :7.0 overall (min 7.0 in all areas) ⏎ Pearson : 64 overall""",2026-10-05
university:imperial:a_level_requirement:2027 entry,5,Nigerian qualifications and entry,S041,6,Imperial College London,a_level_requirement,2027 entry,A*AA incl. Chemistry and Biology with A* in one; IB 38. International applicants subject to same academic and UCAT requirements. 74 overseas places (AGENT-LEAD).,https://www.imperial.ac.uk/study/courses/undergraduate/medicine/,NOT_FOUND,,verified,"Minimum entry standard (October 2027 start): A*AA at A-level including Chemistry and Biology, with A* in one of these subjects; 38 points in the International Baccalaureate",https://www.imperial.ac.uk/study/courses/undergraduate/medicine/,"Medicine-specific statement. AI-assisted review of the official page (https://www.imperial.ac.uk/study/courses/undergraduate/medicine/, read 2026-10-05 via page-excerpts run 37354226577, sha256 3cd39b92e2595b77); quote: ""Start date ⏎ October 2027 ⏎ UCAS course code ⏎ A100 ... Minimum entry standard ⏎ A*AA including Chemistry and Biology, with A* in one of these subjects (A-levels) ⏎ 38 points (International Baccalaureate)""",2026-10-05
university:kings-college-london:english_requirement:2027 entry,5,Nigerian qualifications and entry,S042,6,King's College London,english_requirement,2027 entry,King's Band B.,https://www.kcl.ac.uk/study/undergraduate/courses/medicine-mbbs/requirements,NOT_FOUND,,verified,Medicine MBBS (September 2027 start): King's English language band B. Nationals of Majority English Speaking Countries (as defined by UKVI) who have successfully completed high school in that country are not required to take an English language test.,https://www.kcl.ac.uk/study/undergraduate/courses/medicine-mbbs/requirements,"Medicine-specific statement. The page gives the band only; the test scores for band B are on King's English language requirements page (not read in this run). AI-assisted review of the official page (https://www.kcl.ac.uk/study/undergraduate/courses/medicine-mbbs/requirements, read 2026-10-05 via page-excerpts run 37354226577, sha256 e4012443e4658d18); quote: ""English language requirements ⏎ English language band: B ⏎ Please note that nationals of Majority English Speaking Countries (as defined by UKVI) who have successfully completed high school in the respective country, are not required to complete an English language test. ... Start date: ⏎ September 2027""",2026-10-05
course:kings-college-london/a100:application_route,9,Application routes,S062,3,King's College London · MBBS Medicine,application_route,,UCAS,https://www.theukcatpeople.co.uk/guide/medical-school/medicine/university-of-kings-college-london-,VERIFY-ON-PAGE,,verified,UCAS (UCAS code A100); application deadline 15 October 2026 for the September 2027 start,https://www.kcl.ac.uk/study/undergraduate/courses/medicine-mbbs/requirements,"Medicine-specific statement. Replaces a third-party source with the King's Medicine MBBS requirements page. AI-assisted review of the official page (https://www.kcl.ac.uk/study/undergraduate/courses/medicine-mbbs/requirements, read 2026-10-05 via page-excerpts run 37354226577, sha256 e4012443e4658d18); quote: ""UCAS Choices ⏎ A maximum of four choices on the UCAS form may be made for programmes which lead to a professional qualification in medicine. ... Key Information ⏎ UCAS code: ⏎ A100 ... Application status: ⏎ Open ⏎ Start date: ⏎ September 2027 ⏎ Application deadline: ⏎ 15 October 2026""",2026-10-05
course:aston/a100:international_fee_gbp:2027/28,,,,,,,,,,,,verified,47000,https://www.aston.ac.uk/study/courses/medicine-mbchb,"International (overseas) annual tuition fee for Medicine MBChB A100. The stored ref is for 2026/27, so it was not verified. AI-assisted review of the official page (https://www.aston.ac.uk/study/courses/medicine-mbchb, read 2026-10-05 via page-excerpts run 37354226577, sha256 83fcd524fffd68bd); quote: ""Fees and scholarships ⏎ Course fees ⏎ UK students ⏎ (2027/28) ⏎ Annual tuition fee: £10,050* ⏎ International students ⏎ (2027/28) ⏎ Annual tuition fee: £47,000**""",2026-10-05
university:hull-york:waec_neco_statement:2027 entry,,,,,,,,,,,,verified,"MB BS Medicine (2027 entry), Nigeria: the West African Senior School Certificate Examination is not enough to make a competitive entry; it must be supplemented with GCE A-levels or an equivalent qualification.",https://www.hyms.ac.uk/medicine/entry-requirements/entry-requirements-medicine,"Medicine-specific statement. Hull York has no waec_neco_statement ref in Current facts, so this is proposed as a dataset fact. AI-assisted review of the official page (https://www.hyms.ac.uk/medicine/entry-requirements/entry-requirements-medicine, read 2026-10-05 via page-excerpts run 37354226577, sha256 5460f8c531061b65); quote: ""Entry requirements for Medicine ⏎ 2027 ENTRY ⏎ A LEVELS: 3 A LEVELS ... Nigeria ⏎ West African Senior School Certificate Examination ⏎ This qualification is not enough for you to make a competitive entry. You will need to supplement it with GCE A-levels or an equivalent qualification.""",2026-10-05
topic:ucas-2027:applications_open:2027,9,Application routes,S001,7,UCAS 2027 entry,applications_open,2027,12 May 2026,https://www.ucas.com/undergraduate/applying-university/ucas-undergraduate-when-apply,VERIFY-ON-PAGE,Adviser portal opened; students could start their applications.,verified,,https://www.ucas.com/applying/applying-to-university/dates-and-deadlines-for-uni-applications,"AI-assisted review of the official page (https://www.ucas.com/applying/applying-to-university/dates-and-deadlines-for-uni-applications, read 2026-10-05 via page-excerpts run 37263106637, sha256 a34a454826afa8ee); quote: ""2027 entry application deadlines ⏎ 2026 ⏎ … 12 MAY ⏎ UCAS applications open for 2027 entry ⏎ You can register and start your application in your UCAS Hub.""",2026-10-05
topic:ucas-2027:submission_opens:2027,9,Application routes,S001,7,UCAS 2027 entry,submission_opens,2027,1 September 2026,https://www.ucas.com/undergraduate/applying-university/ucas-undergraduate-when-apply,VERIFY-ON-PAGE,,verified,,https://www.ucas.com/applying/applying-to-university/dates-and-deadlines-for-uni-applications,"AI-assisted review of the official page (https://www.ucas.com/applying/applying-to-university/dates-and-deadlines-for-uni-applications, read 2026-10-05 via page-excerpts run 37263106637, sha256 a34a454826afa8ee); quote: ""[2027 entry] 01 SEP ⏎ Completed applications can be submitted to UCAS ⏎ You will need a reference before you can send your application.""",2026-10-05
topic:ucas-2027:extra_opens:2027,9,Application routes,S001,7,UCAS 2027 entry,extra_opens,2027,25 February 2027,https://www.ucas.com/undergraduate/applying-university/ucas-undergraduate-when-apply,VERIFY-ON-PAGE,,verified,,https://www.ucas.com/applying/applying-to-university/dates-and-deadlines-for-uni-applications,"AI-assisted review of the official page (https://www.ucas.com/applying/applying-to-university/dates-and-deadlines-for-uni-applications, read 2026-10-05 via page-excerpts run 37256882227, sha256 a34a454826afa8ee); quote: ""[2027 entry] 2027 ⏎ 13 JAN ⏎ (18:00 UK time) Equal consideration date for applications for most undergraduate courses ⏎ 25 FEB ⏎ Extra opens""",2026-10-05
topic:ucas-2027:clearing_opens:2027,9,Application routes,S001,7,UCAS 2027 entry,clearing_opens,2027,2 July 2027,https://www.ucas.com/undergraduate/applying-university/ucas-undergraduate-when-apply,VERIFY-ON-PAGE,,verified,,https://www.ucas.com/applying/applying-to-university/dates-and-deadlines-for-uni-applications,"AI-assisted review of the official page (https://www.ucas.com/applying/applying-to-university/dates-and-deadlines-for-uni-applications, read 2026-10-05 via page-excerpts run 37263106637, sha256 a34a454826afa8ee); quote: ""[2027 entry] 02 JUL ⏎ Clearing opens ⏎ Clearing opens for eligible applicants … 22 JUL ⏎ (18:00 UK time) Last day for UG reply swaps ⏎ 23 SEP ⏎ (18:00 UK time) Final date for 2027 entry applications""",2026-10-05
topic:ucas-2027:final_date:2027,9,Application routes,S001,7,UCAS 2027 entry,final_date,2027,23 September 2027,https://www.ucas.com/undergraduate/applying-university/ucas-undergraduate-when-apply,VERIFY-ON-PAGE,Last date to add Clearing choices.,verified,"23 September 2027, 18:00 (UK time)",https://www.ucas.com/applying/applying-to-university/dates-and-deadlines-for-uni-applications,"AI-assisted review of the official page (https://www.ucas.com/applying/applying-to-university/dates-and-deadlines-for-uni-applications, read 2026-10-05 via page-excerpts run 37263106637, sha256 a34a454826afa8ee); quote: ""23 SEP ⏎ (18:00 UK time) Final date for 2027 entry applications ⏎ UCAS applications must be with us by 18:00 (UK time) today to meet the final deadline for 2027 entry courses.""",2026-10-05
topic:ucas-2027:application_fee_gbp:2027,9,Application routes,S131,1,UCAS 2027 entry,application_fee_gbp,2027,34.5,https://www.ucas.com/undergraduate/applying-university/how-apply-undergraduate-courses,NOT_FOUND,Figure seen on secondary sources only; confirm on ucas.com.,verified,,https://www.ucas.com/faqs/what-is-the-application-fee-for-the-2027-cycle,"AI-assisted review of the official page (https://www.ucas.com/faqs/what-is-the-application-fee-for-the-2027-cycle, read 2026-10-05 via page-excerpts run 37263106637, sha256 bbf2bc17d4921998); quote: ""For the 2027 cycle, the undergraduate and conservatoires application fee is £34.50. This single fee allows students to add up to five university and college choices to their application""",2026-10-05
topic:ucas-2027:max_medicine_choices:2027,9,Application routes,S132,1,UCAS 2027 entry,max_medicine_choices,2027,4 of 5 choices may be medicine; the fifth must be a different course,https://www.ucas.com/undergraduate/applying-university/ucas-undergraduate-filling-your-application,VERIFY-ON-PAGE,,verified,Up to 4 of your 5 choices can be medicine; the fifth must be a different course,https://www.ucas.com/applying/applying-to-university/filling-in-your-ucas-application,"AI-assisted review of the official page (https://www.ucas.com/applying/applying-to-university/filling-in-your-ucas-application, read 2026-10-05 via page-excerpts run 37263106637, sha256 141797528565be8c); quote: ""Applying for medicine, dentistry, veterinary medicine or veterinary science? ⏎ For these subjects you can only apply to a maximum of four courses in any one of medicine, dentistry, veterinary medicine or veterinary science. … you can only have five choices in total.""",2026-10-05
topic:ucas-2027:personal_statement_format:2027,9,Application routes,S133,1,UCAS 2027 entry,personal_statement_format,2027,"Three structured questions, 4,000 characters in total (minimum 350 per answer)",https://www.ucas.com/undergraduate/applying-university/writing-your-personal-statement,VERIFY-ON-PAGE,Format introduced for 2026 entry and continuing for 2027.,verified,"Three separate questions with a 4,000-character overall limit (including spaces) and a minimum of 350 characters for each answer (2026 entry onwards)",https://www.ucas.com/applying/applying-to-university/writing-your-personal-statement/how-to-write-your-personal-statement-for-2026-entry-onwards,"AI-assisted review of the official page (https://www.ucas.com/applying/applying-to-university/writing-your-personal-statement/how-to-write-your-personal-statement-for-2026-entry-onwards, read 2026-10-05 via page-excerpts run 37263106637, sha256 d227d42dd2b56f5a); quote: ""the personal statement has changed recently from one longer piece of text to three separate questions. … Each answer will have a minimum character count of 350 characters … The 4,000 overall character limit (including spaces) remains the same""",2026-10-05
topic:student-visa:application_fee_gbp:2026,7,Visa and immigration,S107,3,UK Student visa (Nigeria → UK),application_fee_gbp,2026,,https://www.gov.uk/student-visa,NOT_FOUND,Not reached in research; confirm on GOV.UK.,verified,558,,"AI-assisted review of the official page (https://www.gov.uk/student-visa, read 2026-10-05 via page-excerpts run 37263106637, sha256 efb00d7a1b676829); quote: ""Fees ⏎ It costs: ⏎ £558 to apply for a Student visa from outside the UK ⏎ £558 to extend or switch to a Student visa from inside the UK""",2026-10-05
topic:student-visa:maintenance_london_monthly_gbp:2026,7,Visa and immigration,S108,2,UK Student visa (Nigeria → UK),maintenance_london_monthly_gbp,2026,1483,https://www.gov.uk/student-visa/money,SOURCE_CHANGED,"From January 2025. 2026-10-04: a search snippet of the GOV.UK money page showed £1,529 a month (London); the page appears to have changed. Read the page and record the current figure before verifying.",verified,1529,,"AI-assisted review of the official page (https://www.gov.uk/student-visa/money, read 2026-10-05 via page-excerpts run 37263106637, sha256 c33acf40947cffa7); quote: ""£1,529 per month (for up to 9 months) for courses in London ⏎ £1,171 per month (for up to 9 months) for courses outside London""",2026-10-05
topic:student-visa:maintenance_outside_london_monthly_gbp:2026,7,Visa and immigration,S108,2,UK Student visa (Nigeria → UK),maintenance_outside_london_monthly_gbp,2026,1136,https://www.gov.uk/student-visa/money,SOURCE_CHANGED,"From January 2025. 2026-10-04: a search snippet of the GOV.UK money page showed £1,171 a month (outside London); the page appears to have changed. Read the page and record the current figure before verifying.",verified,1171,,"AI-assisted review of the official page (https://www.gov.uk/student-visa/money, read 2026-10-05 via page-excerpts run 37263106637, sha256 c33acf40947cffa7); quote: ""£1,171 per month (for up to 9 months) for courses outside London""",2026-10-05
topic:student-visa:ihs_per_year_gbp:2026,7,Visa and immigration,S106,1,UK Student visa (Nigeria → UK),ihs_per_year_gbp,2026,1035,https://www.gov.uk/healthcare-immigration-application/how-much-pay,VERIFY-ON-PAGE,,verified,776,,"AI-assisted review of the official page (https://www.gov.uk/healthcare-immigration-application/how-much-pay, read 2026-10-05 via page-excerpts run 37263106637, sha256 e1b6fb036b834050); quote: ""Cost for a year ⏎ You’ll have to pay: ⏎ £776 per year for students, their dependants, and those on a Youth Mobility Scheme visa, for example £1,552 for a 2-year visa … £1,035 per year for all other visa and immigration applications [our earlier £1,035 was the non-student rate]""",2026-10-05
topic:student-visa:dependants:2026,7,Visa and immigration,S107,3,UK Student visa (Nigeria → UK),dependants,2026,Undergraduate students cannot bring dependants (rule in force since January 2024),https://www.gov.uk/student-visa,VERIFY-ON-PAGE,,verified,"Partners and children can apply only if you are a government-sponsored student on a course longer than 6 months, or a full-time postgraduate student (RQF level 7 or above) on a course of 9 months or longer (further postgraduate conditions apply). Self-funded undergraduates cannot bring dependants",https://www.gov.uk/student-visa/family-members,"AI-assisted review of the official page (https://www.gov.uk/student-visa/family-members, read 2026-10-05 via page-excerpts run 37263106637, sha256 f93229b73b7ef2ce); quote: ""Your partner and children (‘dependants’) may be able to apply … You must be one of the following: ⏎ a government-sponsored student starting a course that lasts longer than 6 months ⏎ a full-time student on a postgraduate level course (RQF level 7 or above) that lasts 9 months or longer""",2026-10-05
topic:graduate-visa:length:2027,8,Graduate and work rules,S110,2,Graduate visa (post-study work),length,2027,18 months for applications made on or after 1 January 2027 (previously 2 years),https://www.gov.uk/graduate-visa,VERIFY-ON-PAGE,"Statement of Changes 14 October 2025; applies to anyone applying from 1 January 2027, so to all 2027 entrants.",verified,2 years if you apply on or before 31 December 2026; 18 months if you apply on or after 1 January 2027 (3 years for a PhD or other doctoral qualification),,"AI-assisted review of the official page (https://www.gov.uk/graduate-visa, read 2026-10-05 via page-excerpts run 37263106637, sha256 9733bfc94022fdec); quote: ""A Graduate visa lasts for: ⏎ 2 years if you apply on or before 31 December 2026 ⏎ 18 months if you apply on or after 1 January 2027 ⏎ If you have a PhD or other doctoral qualification, it will last for 3 years.""",2026-10-05
topic:graduate-visa:fee_gbp:2027,8,Graduate and work rules,S110,2,Graduate visa (post-study work),fee_gbp,2027,,https://www.gov.uk/graduate-visa,NOT_FOUND,Figures of £880 and £937 seen on secondary sources — conflicting; confirm on GOV.UK.,verified,937,,"AI-assisted review of the official page (https://www.gov.uk/graduate-visa, read 2026-10-05 via page-excerpts run 37263106637, sha256 9733bfc94022fdec); quote: ""When you apply for a Graduate visa, you’ll need to: ⏎ pay the £937 application fee ⏎ pay the healthcare surcharge - this is usually £1,035 for each year you’ll be in the UK""",2026-10-05
topic:student-visa:work_term_time:2026,7,Visa and immigration,S107,3,UK Student visa (Nigeria → UK),work_term_time,2026,Up to 20 hours per week during term time for degree-level students; full-time in vacations; no self-employment,https://www.gov.uk/student-visa,VERIFY-ON-PAGE,,verified,"Up to 20 hours a week in term time for a full-time course at degree level or above with a sponsor that has a track record of compliance, and full time outside term time (including vacations); Student visa holders cannot be self-employed. Check any lower limit your university sets",https://www.ukcisa.org.uk/student-advice/working/student-work/,"UKCISA guidance (UK Council for International Student Affairs); GOV.UK says the amount depends on course level and term time. AI-assisted review of the official page (https://www.ukcisa.org.uk/student-advice/working/student-work/, read 2026-10-05 via page-excerpts run 37350714067, sha256 cd54346efdf8b2f0; https://www.gov.uk/student-visa sha256 efb00d7a1b676829); quote: ""If your Student sponsor has a track record of compliance and your course is full-time, your hours of work are: ⏎ Up to 20 hours a week in term time if you are studying for a qualification at degree level or above. ... Full time outside term time (for study at all levels), which includes in vacations ... Always check any limits on work that your university, college or school imposes or recommends. ... You may be able to work - how much depends on what you’re studying and whether you’re working in or out of term-time. ⏎ You",2026-10-05
university:birmingham:waec_neco_statement:2027 entry,5,Nigerian qualifications and entry,S024,10,University of Birmingham,waec_neco_statement,2027 entry,Lists West Africa Examinations Council (WAEC) Senior School Certificate as an accepted qualification for international applicants; has agreements with foundation providers in Nigeria. Level of equivalence (GCSE vs A-level) not visible in snippet.,https://www.birmingham.ac.uk/about/college-of-medicine-and-health/birmingham-medical-school/applying-to-medicine/entry-requirements-medicine-and-surgery-five-year,VERIFY-ON-PAGE,General university statement; Medicine applicability must be confirmed.,verified,"Medicine and Surgery (five-year) entry requirements: West Africa Examinations Council Senior School Certificate with a minimum of B2 in Science, English and Maths; A-levels or the IB must also be offered. Foundation programmes are not considered",,"Medicine-specific statement. AI-assisted review of the official page (https://www.birmingham.ac.uk/about/college-of-medicine-and-health/birmingham-medical-school/applying-to-medicine/entry-requirements-medicine-and-surgery-five-year, read 2026-10-05 via page-excerpts run 37264283845, sha256 970bd943a2d45901); quote: ""West Africa Examinations Council: Senior School Certificate – Min of B2 in Science, English and Maths. A Levels or the IB must also be offered … BTEC, Access Courses and Foundation Programmes ⏎ We do not consider any of these qualifications.""",2026-10-05
university:manchester:waec_neco_statement:2027 entry,5,Nigerian qualifications and entry,S049,7,University of Manchester,waec_neco_statement,2027 entry,Nigeria page: applicants who have completed the WASSCE will need to successfully complete a University-recognised foundation programme before joining an undergraduate course.,https://www.manchester.ac.uk/study/international/country-specific-information/nigeria/entry-requirements/,VERIFY-ON-PAGE,General university statement; Medicine applicability must be confirmed.,verified,"General undergraduate statement (not Medicine-specific): applicants who have completed the WASSCE need to complete a University-recognised foundation programme before joining an undergraduate course. A high WAEC English grade (B3 or B2, depending on the course, taken within seven years) can usually be accepted for English",,"AI-assisted review of the official page (https://www.manchester.ac.uk/study/international/country-specific-information/nigeria/entry-requirements/, read 2026-10-05 via page-excerpts run 37264283845, sha256 c055a718392d6240); quote: ""Due to differences in the Nigerian and UK education systems, applicants who have completed the WASSCE will need to successfully complete a University-recognised foundation programme before joining an undergraduate course. … we can usually accept a high score in English in WAEC exams (if taken within the last seven years). The minimum grade requirement is B3 or B2 depending on the requirement of the course.""",2026-10-05
university:liverpool:waec_neco_statement:2027 entry,5,Nigerian qualifications and entry,S047,7,University of Liverpool,waec_neco_statement,2027 entry,Nigeria page: holders of the Senior Secondary School Certificate are advised to complete a Foundation Certificate at the University of Liverpool International College (or equivalent) or the first year of a bachelor's degree from a recognised university in Nigeria.,https://www.liverpool.ac.uk/international/countries/nigeria.php,VERIFY-ON-PAGE,General university statement; Medicine applicability must be confirmed.,verified,"General statement (not Medicine-specific): for English, West Africa Examinations Council (WAEC) English at Credit (4–6) or above is accepted for undergraduate degrees. The Nigeria page states no academic entry route for the WAEC certificate",,"AI-assisted review of the official page (https://www.liverpool.ac.uk/international/countries/nigeria.php, read 2026-10-05 via page-excerpts run 37264283845, sha256 8262e2b026a9dd9c); quote: ""English language requirements for your country ⏎ Level Qualification Requirements ⏎ Undergraduate degrees West Africa Examinations Council (WAEC) Credit (4-6) or above. [the Senior Secondary School Certificate / Foundation Certificate wording in our earlier record is no longer on this page]""",2026-10-05
university:nottingham:waec_neco_statement:2027 entry,5,Nigerian qualifications and entry,S054,7,University of Nottingham,waec_neco_statement,2027 entry,Nigeria page: holders of SSC/WAEC must complete a foundation course; accepts foundation certificates from selected providers in the UK and Nigeria; typical foundation entry three Bs and two Cs at WAEC; one good year at a Nigerian university may be considered for direct UG entry (general).,https://www.nottingham.ac.uk/studywithus/international-applicants/country-info/countryinformation/nigeria.aspx,VERIFY-ON-PAGE,General university statement; Medicine applicability must be confirmed.,verified,General undergraduate statement (not Medicine-specific): applicants with the standard year 12 examinations (SSC/WAEC) must complete a foundation course for entry to undergraduate programmes; foundation certificates from selected providers in the UK and Nigeria are accepted,,"AI-assisted review of the official page (https://www.nottingham.ac.uk/studywithus/international-applicants/country-info/countryinformation/nigeria.aspx, read 2026-10-05 via page-excerpts run 37264283845, sha256 77733e5e2cda53a7); quote: ""If you have completed the standard year 12 examinations (SSC/WAEC) you must complete a foundation course for entry to our undergraduate programmes. We also accept foundation certificates from selected providers in the UK and Nigeria. [the WAEC grade profile in our earlier record is not on this page]""",2026-10-05
university:plymouth:waec_neco_statement:2027 entry,5,Nigerian qualifications and entry,S055,7,University of Plymouth,waec_neco_statement,2027 entry,Nigeria page: UG applicants should have a good SSSC/WASSC and an acceptable International Foundation Year or equivalent. BMBS page: applicants with overseas qualifications should contact admissions@plymouth.ac.uk before applying. UPIC: WAEC 5 passes at D7 (foundation) / C6 (first-year direct) — general.,https://www.plymouth.ac.uk/international/study/international-students-country-guides/africa/nigeria,VERIFY-ON-PAGE,General university statement; Medicine applicability must be confirmed.,verified,General undergraduate statement (not Medicine-specific): applicants from Nigeria should have a good Senior Secondary School Certificate (SSSC) or West African Senior School Certificate (WASSC) and an acceptable International Foundation Year or equivalent,,"AI-assisted review of the official page (https://www.plymouth.ac.uk/international/study/international-students-country-guides/africa/nigeria, read 2026-10-05 via page-excerpts run 37264283845, sha256 049d654a1b7e5fa7); quote: ""To apply for a place on an undergraduate course from Nigeria, you should have obtained a good Senior Secondary School Certificate (SSSC) or a West African Senior School Certificate (WASSC) and an acceptable International Foundation Year or equivalent.""",2026-10-05
university:edinburgh:waec_neco_statement:2027 entry,5,Nigerian qualifications and entry,S034,7,University of Edinburgh,waec_neco_statement,2027 entry,"Nigeria page: applicants with either the WAEC or the NECO Senior School Certificate will usually be required to complete a foundation year. Nigerians admitted with A-levels, IB, SAT/ACT/AP.",https://www.ed.ac.uk/studying/international/country/africa/nigeria,VERIFY-ON-PAGE,General university statement; Medicine applicability must be confirmed.,verified,"General undergraduate statement (not Medicine-specific): applicants with the WAEC or NECO Senior School Certificate will usually be required to complete a foundation year; Edinburgh does not accept these for direct entry. Nigerian students are admitted with GCE A Levels, the IB or standardised tests (SAT, ACT or AP)",,"AI-assisted review of the official page (https://www.ed.ac.uk/studying/international/country/africa/nigeria, read 2026-10-05 via page-excerpts run 37264283845, sha256 c0ce950b995837b4); quote: ""Students from Nigeria are admitted to the University of Edinburgh with a range of qualifications: GCE A Levels, the IB, Standardised Tests (SAT, ACT or AP) and other recognised regional systems. ⏎ Applicants with either the West African Examinations Council (WAEC) or the Nigerian Examinations Council (NECO) Senior School Certificate will usually be required to complete a foundation year. … The University of Edinburgh does not currently accept the above national qualification for direct entry to undergraduate study.""",2026-10-05
university:queens-belfast:waec_neco_statement:2027 entry,5,Nigerian qualifications and entry,S057,7,Queen's University Belfast,waec_neco_statement,2027 entry,Nigeria page: applicants with the WAEC Senior Secondary School Certificate will be required to complete a Foundation Programme. QUB accepts WAEC or NECO for English language requirements.,https://www.qub.ac.uk/Study/international-students/your-country/nigeria,VERIFY-ON-PAGE,General university statement; Medicine applicability must be confirmed.,verified,"General undergraduate statement (not Medicine-specific): the WAEC or NECO Senior School Certificate plus a recognised Foundation programme with good grades, the first year of a Nigerian bachelor's degree, the IB (30–36 points) or West African GCE / UK A Levels are considered for direct entry; grades vary by programme",,"AI-assisted review of the official page (https://www.qub.ac.uk/Study/international-students/your-country/nigeria/, read 2026-10-05 via page-excerpts run 37264283845, sha256 c66c61b60dea6565); quote: ""The following qualifications will be considered for direct entry to our undergraduate programmes: ⏎ West African Examinations Council (WAEC) or the Nigerian Examinations Council (NECO) Senior School Certificate plus successful completion of a recognised Foundation programme with good grades. ⏎ Applicants who have successfully completed the first year of a Nigerian University Bachelor Degree will be considered for admission. ⏎ Between 30 and 36 points in the International Baccalaureate Diploma (IB). … West African GCE A Levels or UK A Levels. ⏎ The grades required will vary according to your chosen programme.""",2026-10-05
university:sheffield:waec_neco_statement:2027 entry,5,Nigerian qualifications and entry,S020,6,University of Sheffield,waec_neco_statement,2027 entry,Nigeria page: accepts a number of different qualifications from Nigeria; WASSCE English grade C or above can be accepted in place of IELTS (general UG statement). No Medicine-specific WASSCE rule captured.,https://sheffield.ac.uk/international/entry-requirements/nigeria,NOT_FOUND,General university statement; Medicine applicability must be confirmed.,verified,General statement (not Medicine-specific): WAEC West African Senior School Certificate (WASSCE) English at grade C or above can be accepted in place of IELTS. No Medicine-specific WASSCE rule is published on the Nigeria page,,"AI-assisted review of the official page (https://sheffield.ac.uk/international/entry-requirements/nigeria, read 2026-10-05 via page-excerpts run 37264283845, sha256 3c82f616ad766181); quote: ""The WAEC West African Senior School Certificate (WASSCE), English Grade C or above can be accepted in place of IELTS or equivalent.""",2026-10-05
