ref,priority,priority_area,subject,key,current_value,source_url,http_status,match,evidence,checked_at
topic:ucas-2027:deadline_main:2027,1,"UCAS Medicine deadlines","UCAS 2027 entry",deadline_main,"13 January 2027, 18:00 (UK time)",https://www.ucas.com/undergraduate/applying-university/ucas-undergraduate-when-apply,200,partial,"missing 13 January 2027 · …to UCAS You will need a reference before you can send your application. 15 Oct (18:00 UK time) Equal consideration date for applications to the universities of Oxford and Ca",2026-10-04
topic:ucas-2027:deadline_medicine:2027,1,"UCAS Medicine deadlines","UCAS 2027 entry",deadline_medicine,"15 October 2026, 18:00 (UK time)",https://www.ucas.com/undergraduate/applying-university/ucas-undergraduate-when-apply,200,partial,"missing 15 October 2026 · …to UCAS You will need a reference before you can send your application. 15 Oct (18:00 UK time) Equal consideration date for applications to the universities of Oxford and Ca",2026-10-04
topic:ucat-2026:access_arrangements_deadline:2027,2,"UCAT dates and rules","UCAT 2026 (for 2027 entry)",access_arrangements_deadline,"10 September 2026, 15:00 (UK time)",https://www.ucat.ac.uk/ucat/dates-and-fees/,404,fetch_failed,,2026-10-04
topic:ucat-2026:booking_deadline:2027,2,"UCAT dates and rules","UCAT 2026 (for 2027 entry)",booking_deadline,"16 September 2026, 15:00 (UK time); registration closes at the same time, no exceptions",https://www.ucat.ac.uk/ucat/dates-and-fees/,404,fetch_failed,,2026-10-04
topic:ucat-2026:booking_opens:2027,2,"UCAT dates and rules","UCAT 2026 (for 2027 entry)",booking_opens,"23 June 2026",https://www.ucat.ac.uk/ucat/dates-and-fees/,404,fetch_failed,,2026-10-04
topic:ucat-2026:registration_window:2027,2,"UCAT dates and rules","UCAT 2026 (for 2027 entry)",registration_window,"20 May – 16 September 2026",https://www.ucat.ac.uk/ucat/dates-and-fees/,404,fetch_failed,,2026-10-04
topic:ucat-2026:results_to_universities:2027,2,"UCAT dates and rules","UCAT 2026 (for 2027 entry)",results_to_universities,"Early November 2026",https://www.ucat.ac.uk/ucat/dates-and-fees/,404,fetch_failed,,2026-10-04
topic:ucat-2026:testing_window:2027,2,"UCAT dates and rules","UCAT 2026 (for 2027 entry)",testing_window,"13 July – 24 September 2026",https://www.ucat.ac.uk/ucat/dates-and-fees/,404,fetch_failed,,2026-10-04
topic:ucat-2026:structure:2027,2,"UCAT dates and rules","UCAT 2026 (for 2027 entry)",structure,"Verbal Reasoning, Decision Making, Quantitative Reasoning, plus the Situational Judgement Test. Abstract Reasoning was removed from 2025. Cognitive total is scored out of 2700",https://www.ucat.ac.uk/ucat/test-format/,200,partial,"missing 2025 · …xtended version of the test. UCAT Scoring You will receive a total score of 900-2700 and a Situational Judgement Band. The UCAT is marked on the number of correct answers you give. The",2026-10-04
topic:gmc-registration:foundation_eligibility:2027,3,"GMC status and registration","GMC registration and Foundation training",foundation_eligibility,"International graduates of UK medical schools apply to the UK Foundation Programme on the same basis as home graduates; right-to-work evidence is required after allocation and visa sponsorship is arranged for those who need it",https://foundationprogramme.nhs.uk/,200,none,,2026-10-04
university:aston:gmc_status,3,"GMC status and registration","Aston University",gmc_status,"Full GMC approval (awarding body)",https://www.aston.ac.uk/latest-news/aston-medical-school-given-full-approval-general-medical-council,200,none,,2026-10-04
university:anglia-ruskin:gmc_status,3,"GMC status and registration","Anglia Ruskin University",gmc_status,"Listed as awarding body; Medical Doctor Degree Apprenticeship programme separately under GMC review",https://www.gmc-uk.org/education/how-we-quality-assure-education-and-training/approving-education-and-training/institutions-awarding-uk-medical-degrees/list-of-awarding-bodies-and-new-schools,403,fetch_failed,,2026-10-04
university:queen-mary-london:gmc_status,3,"GMC status and registration","Queen Mary University of London",gmc_status,"Awarding body",https://www.gmc-uk.org/education/how-we-quality-assure-education-and-training/approving-education-and-training/institutions-awarding-uk-medical-degrees/list-of-awarding-bodies-and-new-schools,403,fetch_failed,,2026-10-04
university:birmingham:gmc_status,3,"GMC status and registration","University of Birmingham",gmc_status,"Awarding body",https://www.gmc-uk.org/education/how-we-quality-assure-education-and-training/approving-education-and-training/institutions-awarding-uk-medical-degrees/list-of-awarding-bodies-and-new-schools,403,fetch_failed,,2026-10-04
university:brighton-sussex:gmc_status,3,"GMC status and registration","Brighton and Sussex Medical School",gmc_status,"Awarding body",https://www.gmc-uk.org/education/how-we-quality-assure-education-and-training/approving-education-and-training/institutions-awarding-uk-medical-degrees/list-of-awarding-bodies-and-new-schools,403,fetch_failed,,2026-10-04
university:bristol:gmc_status,3,"GMC status and registration","University of Bristol",gmc_status,"Awarding body",https://www.gmc-uk.org/education/how-we-quality-assure-education-and-training/approving-education-and-training/institutions-awarding-uk-medical-degrees/list-of-awarding-bodies-and-new-schools,403,fetch_failed,,2026-10-04
university:buckingham:gmc_status,3,"GMC status and registration","University of Buckingham",gmc_status,"Awarding body",https://www.gmc-uk.org/education/how-we-quality-assure-education-and-training/approving-education-and-training/institutions-awarding-uk-medical-degrees/list-of-awarding-bodies-and-new-schools,403,fetch_failed,,2026-10-04
university:cambridge:gmc_status,3,"GMC status and registration","University of Cambridge",gmc_status,"Awarding body",https://www.gmc-uk.org/education/how-we-quality-assure-education-and-training/approving-education-and-training/institutions-awarding-uk-medical-degrees/list-of-awarding-bodies-and-new-schools,403,fetch_failed,,2026-10-04
university:edge-hill:gmc_status,3,"GMC status and registration","Edge Hill University",gmc_status,"Awarding body",https://www.gmc-uk.org/education/how-we-quality-assure-education-and-training/approving-education-and-training/institutions-awarding-uk-medical-degrees/list-of-awarding-bodies-and-new-schools,403,fetch_failed,,2026-10-04
university:east-anglia:gmc_status,3,"GMC status and registration","University of East Anglia",gmc_status,"Awarding body",https://www.gmc-uk.org/education/how-we-quality-assure-education-and-training/approving-education-and-training/institutions-awarding-uk-medical-degrees/list-of-awarding-bodies-and-new-schools,403,fetch_failed,,2026-10-04
university:exeter:gmc_status,3,"GMC status and registration","University of Exeter",gmc_status,"Awarding body",https://www.gmc-uk.org/education/how-we-quality-assure-education-and-training/approving-education-and-training/institutions-awarding-uk-medical-degrees/list-of-awarding-bodies-and-new-schools,403,fetch_failed,,2026-10-04
university:hull-york:gmc_status,3,"GMC status and registration","Hull York Medical School",gmc_status,"Awarding body (listed as Hull York Medical School)",https://www.gmc-uk.org/education/how-we-quality-assure-education-and-training/approving-education-and-training/institutions-awarding-uk-medical-degrees/list-of-awarding-bodies-and-new-schools,403,fetch_failed,,2026-10-04
university:imperial:gmc_status,3,"GMC status and registration","Imperial College London",gmc_status,"Awarding body",https://www.gmc-uk.org/education/how-we-quality-assure-education-and-training/approving-education-and-training/institutions-awarding-uk-medical-degrees/list-of-awarding-bodies-and-new-schools,403,fetch_failed,,2026-10-04
university:keele:gmc_status,3,"GMC status and registration","Keele University",gmc_status,"Awarding body",https://www.gmc-uk.org/education/how-we-quality-assure-education-and-training/approving-education-and-training/institutions-awarding-uk-medical-degrees/list-of-awarding-bodies-and-new-schools,403,fetch_failed,,2026-10-04
university:kent-medway:gmc_status,3,"GMC status and registration","Kent and Medway Medical School",gmc_status,"Awarding body (listed as Kent and Medway Medical School)",https://www.gmc-uk.org/education/how-we-quality-assure-education-and-training/approving-education-and-training/institutions-awarding-uk-medical-degrees/list-of-awarding-bodies-and-new-schools,403,fetch_failed,,2026-10-04
university:lancaster:gmc_status,3,"GMC status and registration","Lancaster University",gmc_status,"Awarding body",https://www.gmc-uk.org/education/how-we-quality-assure-education-and-training/approving-education-and-training/institutions-awarding-uk-medical-degrees/list-of-awarding-bodies-and-new-schools,403,fetch_failed,,2026-10-04
university:leeds:gmc_status,3,"GMC status and registration","University of Leeds",gmc_status,"Awarding body",https://www.gmc-uk.org/education/how-we-quality-assure-education-and-training/approving-education-and-training/institutions-awarding-uk-medical-degrees/list-of-awarding-bodies-and-new-schools,403,fetch_failed,,2026-10-04
university:leicester:gmc_status,3,"GMC status and registration","University of Leicester",gmc_status,"Awarding body",https://www.gmc-uk.org/education/how-we-quality-assure-education-and-training/approving-education-and-training/institutions-awarding-uk-medical-degrees/list-of-awarding-bodies-and-new-schools,403,fetch_failed,,2026-10-04
university:liverpool:gmc_status,3,"GMC status and registration","University of Liverpool",gmc_status,"Awarding body",https://www.gmc-uk.org/education/how-we-quality-assure-education-and-training/approving-education-and-training/institutions-awarding-uk-medical-degrees/list-of-awarding-bodies-and-new-schools,403,fetch_failed,,2026-10-04
university:manchester:gmc_status,3,"GMC status and registration","University of Manchester",gmc_status,"Awarding body",https://www.gmc-uk.org/education/how-we-quality-assure-education-and-training/approving-education-and-training/institutions-awarding-uk-medical-degrees/list-of-awarding-bodies-and-new-schools,403,fetch_failed,,2026-10-04
university:newcastle:gmc_status,3,"GMC status and registration","Newcastle University",gmc_status,"Awarding body",https://www.gmc-uk.org/education/how-we-quality-assure-education-and-training/approving-education-and-training/institutions-awarding-uk-medical-degrees/list-of-awarding-bodies-and-new-schools,403,fetch_failed,,2026-10-04
university:nottingham:gmc_status,3,"GMC status and registration","University of Nottingham",gmc_status,"Awarding body",https://www.gmc-uk.org/education/how-we-quality-assure-education-and-training/approving-education-and-training/institutions-awarding-uk-medical-degrees/list-of-awarding-bodies-and-new-schools,403,fetch_failed,,2026-10-04
university:oxford:gmc_status,3,"GMC status and registration","University of Oxford",gmc_status,"Awarding body",https://www.gmc-uk.org/education/how-we-quality-assure-education-and-training/approving-education-and-training/institutions-awarding-uk-medical-degrees/list-of-awarding-bodies-and-new-schools,403,fetch_failed,,2026-10-04
university:plymouth:gmc_status,3,"GMC status and registration","University of Plymouth",gmc_status,"Awarding body",https://www.gmc-uk.org/education/how-we-quality-assure-education-and-training/approving-education-and-training/institutions-awarding-uk-medical-degrees/list-of-awarding-bodies-and-new-schools,403,fetch_failed,,2026-10-04
university:sheffield:gmc_status,3,"GMC status and registration","University of Sheffield",gmc_status,"Awarding body",https://www.gmc-uk.org/education/how-we-quality-assure-education-and-training/approving-education-and-training/institutions-awarding-uk-medical-degrees/list-of-awarding-bodies-and-new-schools,403,fetch_failed,,2026-10-04
university:southampton:gmc_status,3,"GMC status and registration","University of Southampton",gmc_status,"Awarding body",https://www.gmc-uk.org/education/how-we-quality-assure-education-and-training/approving-education-and-training/institutions-awarding-uk-medical-degrees/list-of-awarding-bodies-and-new-schools,403,fetch_failed,,2026-10-04
university:st-georges-london:gmc_status,3,"GMC status and registration","City St George's, University of London",gmc_status,"Awarding body",https://www.gmc-uk.org/education/how-we-quality-assure-education-and-training/approving-education-and-training/institutions-awarding-uk-medical-degrees/list-of-awarding-bodies-and-new-schools,403,fetch_failed,,2026-10-04
university:sunderland:gmc_status,3,"GMC status and registration","University of Sunderland",gmc_status,"Awarding body",https://www.gmc-uk.org/education/how-we-quality-assure-education-and-training/approving-education-and-training/institutions-awarding-uk-medical-degrees/list-of-awarding-bodies-and-new-schools,403,fetch_failed,,2026-10-04
university:ucl:gmc_status,3,"GMC status and registration","University College London",gmc_status,"Awarding body",https://www.gmc-uk.org/education/how-we-quality-assure-education-and-training/approving-education-and-training/institutions-awarding-uk-medical-degrees/list-of-awarding-bodies-and-new-schools,403,fetch_failed,,2026-10-04
university:lancashire:gmc_status,3,"GMC status and registration","University of Lancashire",gmc_status,"Awarding body (listed as University of Lancashire)",https://www.gmc-uk.org/education/how-we-quality-assure-education-and-training/approving-education-and-training/institutions-awarding-uk-medical-degrees/list-of-awarding-bodies-and-new-schools,403,fetch_failed,,2026-10-04
university:warwick:gmc_status,3,"GMC status and registration","University of Warwick",gmc_status,"Awarding body",https://www.gmc-uk.org/education/how-we-quality-assure-education-and-training/approving-education-and-training/institutions-awarding-uk-medical-degrees/list-of-awarding-bodies-and-new-schools,403,fetch_failed,,2026-10-04
university:aberdeen:gmc_status,3,"GMC status and registration","University of Aberdeen",gmc_status,"Awarding body",https://www.gmc-uk.org/education/how-we-quality-assure-education-and-training/approving-education-and-training/institutions-awarding-uk-medical-degrees/list-of-awarding-bodies-and-new-schools,403,fetch_failed,,2026-10-04
university:dundee:gmc_status,3,"GMC status and registration","University of Dundee",gmc_status,"Awarding body",https://www.gmc-uk.org/education/how-we-quality-assure-education-and-training/approving-education-and-training/institutions-awarding-uk-medical-degrees/list-of-awarding-bodies-and-new-schools,403,fetch_failed,,2026-10-04
university:edinburgh:gmc_status,3,"GMC status and registration","University of Edinburgh",gmc_status,"Awarding body",https://www.gmc-uk.org/education/how-we-quality-assure-education-and-training/approving-education-and-training/institutions-awarding-uk-medical-degrees/list-of-awarding-bodies-and-new-schools,403,fetch_failed,,2026-10-04
university:glasgow:gmc_status,3,"GMC status and registration","University of Glasgow",gmc_status,"Awarding body",https://www.gmc-uk.org/education/how-we-quality-assure-education-and-training/approving-education-and-training/institutions-awarding-uk-medical-degrees/list-of-awarding-bodies-and-new-schools,403,fetch_failed,,2026-10-04
university:scotgem:gmc_status,3,"GMC status and registration","ScotGEM (St Andrews and Dundee)",gmc_status,"Listed as awarding combination ('Scottish Graduate Entry Medicine')",https://www.gmc-uk.org/education/how-we-quality-assure-education-and-training/approving-education-and-training/institutions-awarding-uk-medical-degrees/list-of-awarding-bodies-and-new-schools,403,fetch_failed,,2026-10-04
university:cardiff:gmc_status,3,"GMC status and registration","Cardiff University",gmc_status,"Awarding body",https://www.gmc-uk.org/education/how-we-quality-assure-education-and-training/approving-education-and-training/institutions-awarding-uk-medical-degrees/list-of-awarding-bodies-and-new-schools,403,fetch_failed,,2026-10-04
university:swansea:gmc_status,3,"GMC status and registration","Swansea University",gmc_status,"Awarding body",https://www.gmc-uk.org/education/how-we-quality-assure-education-and-training/approving-education-and-training/institutions-awarding-uk-medical-degrees/list-of-awarding-bodies-and-new-schools,403,fetch_failed,,2026-10-04
university:queens-belfast:gmc_status,3,"GMC status and registration","Queen's University Belfast",gmc_status,"Awarding body",https://www.gmc-uk.org/education/how-we-quality-assure-education-and-training/approving-education-and-training/institutions-awarding-uk-medical-degrees/list-of-awarding-bodies-and-new-schools,403,fetch_failed,,2026-10-04
university:ulster:gmc_status,3,"GMC status and registration","Ulster University",gmc_status,"Awarding body",https://www.gmc-uk.org/education/how-we-quality-assure-education-and-training/approving-education-and-training/institutions-awarding-uk-medical-degrees/list-of-awarding-bodies-and-new-schools,403,fetch_failed,,2026-10-04
university:brunel:gmc_status,3,"GMC status and registration","Brunel University of London",gmc_status,"New school under GMC review (not yet on awarding-body list)",https://www.gmc-uk.org/education/how-we-quality-assure-education-and-training/approving-education-and-training/institutions-awarding-uk-medical-degrees/new-schools-and-programmes-under-review,403,fetch_failed,,2026-10-04
university:chester:gmc_status,3,"GMC status and registration","University of Chester",gmc_status,"New school under GMC review",https://www.gmc-uk.org/education/how-we-quality-assure-education-and-training/approving-education-and-training/institutions-awarding-uk-medical-degrees/new-schools-and-programmes-under-review,403,fetch_failed,,2026-10-04
university:kings-college-london:gmc_status,3,"GMC status and registration","King's College London",gmc_status,"Awarding body; separate Graduate Entry Programme at University of Portsmouth under GMC review",https://www.gmc-uk.org/education/how-we-quality-assure-education-and-training/approving-education-and-training/institutions-awarding-uk-medical-degrees/new-schools-and-programmes-under-review,403,fetch_failed,,2026-10-04
university:lincoln:gmc_status,3,"GMC status and registration","University of Lincoln",gmc_status,"New school under GMC review (University of Lincoln)",https://www.gmc-uk.org/education/how-we-quality-assure-education-and-training/approving-education-and-training/institutions-awarding-uk-medical-degrees/new-schools-and-programmes-under-review,403,fetch_failed,,2026-10-04
university:greater-manchester:gmc_status,3,"GMC status and registration","University of Greater Manchester",gmc_status,"New school under GMC review; university states the programme is 'subject to the GMC's quality assurance process'",https://www.gmc-uk.org/education/how-we-quality-assure-education-and-training/approving-education-and-training/institutions-awarding-uk-medical-degrees/new-schools-and-programmes-under-review,403,fetch_failed,,2026-10-04
university:worcester:gmc_status,3,"GMC status and registration","University of Worcester",gmc_status,"New school under GMC review",https://www.gmc-uk.org/education/how-we-quality-assure-education-and-training/approving-education-and-training/institutions-awarding-uk-medical-degrees/new-schools-and-programmes-under-review,403,fetch_failed,,2026-10-04
university:pears-cumbria:gmc_status,3,"GMC status and registration","Pears Cumbria School of Medicine",gmc_status,"New school under GMC review (Imperial College London - the Pears Cumbria School of Medicine)",https://www.gmc-uk.org/education/how-we-quality-assure-education-and-training/approving-education-and-training/institutions-awarding-uk-medical-degrees/new-schools-and-programmes-under-review,403,fetch_failed,,2026-10-04
university:hertfordshire:gmc_status,3,"GMC status and registration","University of Hertfordshire",gmc_status,"New school under GMC review",https://www.gmc-uk.org/education/how-we-quality-assure-education-and-training/approving-education-and-training/institutions-awarding-uk-medical-degrees/new-schools-and-programmes-under-review,403,fetch_failed,,2026-10-04
university:surrey:gmc_status,3,"GMC status and registration","University of Surrey",gmc_status,"New school under GMC review",https://www.gmc-uk.org/education/how-we-quality-assure-education-and-training/approving-education-and-training/institutions-awarding-uk-medical-degrees/new-schools-and-programmes-under-review,403,fetch_failed,,2026-10-04
university:st-marys-twickenham:gmc_status,3,"GMC status and registration","St Mary's University, Twickenham",gmc_status,"New school under GMC review (planning stage per lead source)",https://www.gmc-uk.org/education/how-we-quality-assure-education-and-training/approving-education-and-training/institutions-awarding-uk-medical-degrees/new-schools-and-programmes-under-review,403,fetch_failed,,2026-10-04
university:st-andrews:gmc_status,3,"GMC status and registration","University of St Andrews",gmc_status,"Scottish Graduate Entry Medicine (ScotGEM) listed as awarding combination; 'Scottish Community Orientated Medicine Programme' under GMC review",https://www.gmc-uk.org/education/how-we-quality-assure-education-and-training/approving-education-and-training/institutions-awarding-uk-medical-degrees/new-schools-and-programmes-under-review,403,fetch_failed,,2026-10-04
university:bangor:gmc_status,3,"GMC status and registration","Bangor University",gmc_status,"New school under GMC review",https://www.gmc-uk.org/education/how-we-quality-assure-education-and-training/approving-education-and-training/institutions-awarding-uk-medical-degrees/new-schools-and-programmes-under-review,403,fetch_failed,,2026-10-04
topic:gmc-registration:mla:2027,3,"GMC status and registration","GMC registration and Foundation training",mla,"All UK medical graduates from the 2024/25 academic year onwards must pass the Medical Licensing Assessment (AKT and CPSA) as part of their degree before provisional registration",https://www.gmc-uk.org/education/medical-licensing-assessment,403,fetch_failed,,2026-10-04
topic:gmc-registration:provisional_registration:2027,3,"GMC status and registration","GMC registration and Foundation training",provisional_registration,"UK graduates apply to the GMC for provisional registration to begin Foundation Year 1",https://www.gmc-uk.org/registration-and-licensing/join-the-register/provisional-registration,403,fetch_failed,,2026-10-04
topic:gmc-registration:f1_visa_route:2027,3,"GMC status and registration","GMC registration and Foundation training",f1_visa_route,"Health and Care Worker visa (Skilled Worker route) with the employing trust as sponsor",https://www.gov.uk/health-care-worker-visa,200,none,,2026-10-04
topic:gmc-registration:prioritisation_act:2027,3,"GMC status and registration","GMC registration and Foundation training",prioritisation_act,"The Medical Training (Prioritisation) Act 2026 (2026 c. 7) defines a ""UK medical graduate"" as a holder of a primary UK qualification under the Medical Act 1983, excluding anyone who spent all or most of the training for it outside the British Islands",https://www.legislation.gov.uk/ukpga/2026/7,200,exact,"…Medical Training (Prioritisation) Act 2026 Skip to main content Skip to navigation legislation.gov.uk https://www.nationalarchives.gov.ukCymraeg Home Explore our collections Research tools H…",2026-10-04
university:leeds:international_accepted,4,"Medical school eligibility","University of Leeds",international_accepted,Yes,https://courses.leeds.ac.uk/5580/medicine-and-surgery-mbchb,200,none,,2026-10-04
university:leeds:international_places,4,"Medical school eligibility","University of Leeds",international_places,24,https://courses.leeds.ac.uk/5580/medicine-and-surgery-mbchb,200,none,,2026-10-04
university:kent-medway:international_accepted,4,"Medical school eligibility","Kent and Medway Medical School",international_accepted,Yes,https://kmms.ac.uk/entry-requirements-2027/,200,none,,2026-10-04
"university:leicester:international_places_open:2027 entry",4,"Medical school eligibility","University of Leicester",international_places_open,"Yes — 18 places.",https://le.ac.uk/study/medicine/entry-requirements/international,403,fetch_failed,,2026-10-04
university:greater-manchester:international_accepted,4,"Medical school eligibility","University of Greater Manchester",international_accepted,Yes,https://medicine.greatermanchester.ac.uk/undergraduate-medical-school/,403,fetch_failed,,2026-10-04
"university:buckingham:gem_international:2027 entry",4,"Medical school eligibility","University of Buckingham",gem_international,n/a,https://medvle.buckingham.ac.uk/course/section.php?id=10,200,none,,2026-10-04
"university:buckingham:international_places_open:2027 entry",4,"Medical school eligibility","University of Buckingham",international_places_open,"Yes — no cap; same fee home/international (AGENT-LEAD).",https://medvle.buckingham.ac.uk/course/section.php?id=10,200,none,,2026-10-04
"university:aberdeen:international_places_open:2027 entry",4,"Medical school eligibility","University of Aberdeen",international_places_open,Yes.,https://www.abdn.ac.uk/study/international/inmycountry/nigeria/entry/,200,none,,2026-10-04
university:aston:international_accepted,4,"Medical school eligibility","Aston University",international_accepted,Yes,https://www.aston.ac.uk/hls/aston-medical-school/advice-zone/faq,200,none,,2026-10-04
university:aston:international_places,4,"Medical school eligibility","Aston University",international_places,30,https://www.aston.ac.uk/hls/aston-medical-school/advice-zone/faq,200,none,,2026-10-04
"university:aston:gem_international:2027 entry",4,"Medical school eligibility","Aston University",gem_international,n/a,https://www.aston.ac.uk/international/aston-in-your-country/africa/nigeria,200,none,,2026-10-04
"university:aston:international_places_open:2027 entry",4,"Medical school eligibility","Aston University",international_places_open,Yes.,https://www.aston.ac.uk/international/aston-in-your-country/africa/nigeria,200,none,,2026-10-04
university:birmingham:international_accepted,4,"Medical school eligibility","University of Birmingham",international_accepted,Yes,https://www.birmingham.ac.uk/about/college-of-medicine-and-health/birmingham-medical-school/applying-to-medicine/entry-requirements-medicine-and-surgery-five-year,200,none,,2026-10-04
university:birmingham:international_places,4,"Medical school eligibility","University of Birmingham",international_places,28,https://www.birmingham.ac.uk/about/college-of-medicine-and-health/birmingham-medical-school/applying-to-medicine/entry-requirements-medicine-and-surgery-five-year,200,none,,2026-10-04
"university:birmingham:international_places_open:2027 entry",4,"Medical school eligibility","University of Birmingham",international_places_open,Yes.,https://www.birmingham.ac.uk/about/college-of-medicine-and-health/birmingham-medical-school/applying-to-medicine/entry-requirements-medicine-and-surgery-five-year,200,none,,2026-10-04
university:bristol:international_accepted,4,"Medical school eligibility","University of Bristol",international_accepted,Yes,https://www.bristol.ac.uk/study/media/undergraduate/admissions-statements/2027/medicine.pdf,"200 pdf",fetch_failed,,2026-10-04
university:bristol:international_places,4,"Medical school eligibility","University of Bristol",international_places,30,https://www.bristol.ac.uk/study/media/undergraduate/admissions-statements/2027/medicine.pdf,"200 pdf",fetch_failed,,2026-10-04
university:brunel:international_accepted,4,"Medical school eligibility","Brunel University of London",international_accepted,Yes,https://www.brunel.ac.uk/study/courses/medicine-mbbs,200,none,,2026-10-04
university:brighton-sussex:international_places,4,"Medical school eligibility","Brighton and Sussex Medical School",international_places,10,https://www.bsms.ac.uk/undergraduate/applying-to-bsms/admissions-process.aspx,200,none,,2026-10-04
university:brighton-sussex:international_accepted,4,"Medical school eligibility","Brighton and Sussex Medical School",international_accepted,Yes,https://www.bsms.ac.uk/undergraduate/applying-to-bsms/entry-requirements.aspx,200,none,,2026-10-04
"university:cardiff:international_places_open:2027 entry",4,"Medical school eligibility","Cardiff University",international_places_open,Yes.,https://www.cardiff.ac.uk/study/international/your-country/africa/nigeria/entry-requirements,403,fetch_failed,,2026-10-04
university:cardiff:international_accepted,4,"Medical school eligibility","Cardiff University",international_accepted,Yes,https://www.cardiff.ac.uk/study/undergraduate/courses/course/medicine-mbbch,403,fetch_failed,,2026-10-04
university:chester:international_accepted,4,"Medical school eligibility","University of Chester",international_accepted,Yes,https://www.chester.ac.uk/international/how-to-apply/applying-for-graduate-entry-medicine/,200,none,,2026-10-04
"university:chester:gem_international:2027 entry",4,"Medical school eligibility","University of Chester",gem_international,"YES — international applicants accepted. 2:1 or overseas equivalent in any subject; 2:2 holders need Masters/Doctorate. 70 hrs healthcare experience in last 3 years; MMI; UCAS; Enhanced DBS plus overseas evidence. UCAT/GAMSAT not mentioned in snippet — verify.",https://www.chester.ac.uk/study/course-search/graduate-entry-medicine-mbchb/,200,none,,2026-10-04
"university:chester:international_places_open:2027 entry",4,"Medical school eligibility","University of Chester",international_places_open,"Yes (GEM).",https://www.chester.ac.uk/study/course-search/graduate-entry-medicine-mbchb/,200,none,,2026-10-04
"university:edinburgh:international_places_open:2027 entry",4,"Medical school eligibility","University of Edinburgh",international_places_open,Yes.,https://www.ed.ac.uk/studying/international/country/africa/nigeria,200,none,,2026-10-04
university:exeter:international_accepted,4,"Medical school eligibility","University of Exeter",international_accepted,Yes,https://www.exeter.ac.uk/v8media/recruitmentsites/documents/BMBS_Admissions_Policy_2026_(V4).pdf,"200 pdf",fetch_failed,,2026-10-04
university:exeter:international_places,4,"Medical school eligibility","University of Exeter",international_places,10,https://www.exeter.ac.uk/v8media/recruitmentsites/documents/BMBS_Admissions_Policy_2026_(V4).pdf,"200 pdf",fetch_failed,,2026-10-04
university:hull-york:international_places,4,"Medical school eligibility","Hull York Medical School",international_places,11,https://www.hyms.ac.uk/medicine/applying/selection-procedure,200,none,,2026-10-04
university:hull-york:international_accepted,4,"Medical school eligibility","Hull York Medical School",international_accepted,Yes,https://www.hyms.ac.uk/medicine/international-students,200,none,,2026-10-04
university:imperial:international_accepted,4,"Medical school eligibility","Imperial College London",international_accepted,Yes,https://www.imperial.ac.uk/media/imperial-college/medicine/study/undergraduate/A100-FOI-FAQs-2026--v2.pdf,"200 pdf",fetch_failed,,2026-10-04
university:imperial:international_places,4,"Medical school eligibility","Imperial College London",international_places,74,https://www.imperial.ac.uk/media/imperial-college/medicine/study/undergraduate/A100-FOI-FAQs-2026--v2.pdf,"200 pdf",fetch_failed,,2026-10-04
university:keele:international_accepted,4,"Medical school eligibility","Keele University",international_accepted,Yes,https://www.keele.ac.uk/study/undergraduate/undergraduatecourses/medicine/medicinehowtoapply/,200,none,,2026-10-04
university:keele:international_places,4,"Medical school eligibility","Keele University",international_places,10,https://www.keele.ac.uk/study/undergraduate/undergraduatecourses/medicine/medicinehowtoapply/,200,none,,2026-10-04
university:lancashire:international_accepted,4,"Medical school eligibility","University of Lancashire",international_accepted,Yes,https://www.lancashire.ac.uk/undergraduate/courses/medicine-mbbs,200,none,,2026-10-04
"university:lancashire:gem_international:2027 entry",4,"Medical school eligibility","University of Lancashire",gem_international,n/a,https://www.lancashire.ac.uk/undergraduate/how-to-apply/mbbs/international-requirements,200,none,,2026-10-04
"university:lancashire:international_places_open:2027 entry",4,"Medical school eligibility","University of Lancashire",international_places_open,Yes.,https://www.lancashire.ac.uk/undergraduate/how-to-apply/mbbs/international-requirements,200,none,,2026-10-04
"university:liverpool:international_places_open:2027 entry",4,"Medical school eligibility","University of Liverpool",international_places_open,"Yes, limited.",https://www.liverpool.ac.uk/international/countries/nigeria.php,200,none,,2026-10-04
university:liverpool:international_accepted,4,"Medical school eligibility","University of Liverpool",international_accepted,Yes,"https://www.liverpool.ac.uk/media/livacuk/schoolofmedicine/admissions/A100,Departmental,Supplement,E2027.pdf","200 pdf",fetch_failed,,2026-10-04
university:liverpool:international_places,4,"Medical school eligibility","University of Liverpool",international_places,23,"https://www.liverpool.ac.uk/media/livacuk/schoolofmedicine/admissions/A100,Departmental,Supplement,E2027.pdf","200 pdf",fetch_failed,,2026-10-04
"university:manchester:international_places_open:2027 entry",4,"Medical school eligibility","University of Manchester",international_places_open,"Yes (A100 open to international; Medicine not eligible for scholarships).",https://www.manchester.ac.uk/study/international/country-specific-information/nigeria/entry-requirements/,200,partial,"…ours Accommodation Get ready for Manchester Virtual Manchester Making a payment International Why study at Manchester? (for international students) Accommodation for international students English ed",2026-10-04
university:manchester:international_accepted,4,"Medical school eligibility","University of Manchester",international_accepted,Yes,https://www.manchester.ac.uk/study/undergraduate/courses/2027/01428/mbchb-medicine/,200,none,,2026-10-04
university:anglia-ruskin:international_accepted,4,"Medical school eligibility","Anglia Ruskin University",international_accepted,No,https://www.medschools.ac.uk/courses/anglia-ruskin-medicine-a100/,403,fetch_failed,,2026-10-04
university:anglia-ruskin:international_places,4,"Medical school eligibility","Anglia Ruskin University",international_places,0,https://www.medschools.ac.uk/courses/anglia-ruskin-medicine-a100/,403,fetch_failed,,2026-10-04
university:edge-hill:international_accepted,4,"Medical school eligibility","Edge Hill University",international_accepted,No,https://www.medschools.ac.uk/courses/edge-hill-medicine-a100/,403,fetch_failed,,2026-10-04
university:edge-hill:international_places,4,"Medical school eligibility","Edge Hill University",international_places,0,https://www.medschools.ac.uk/courses/edge-hill-medicine-a100/,403,fetch_failed,,2026-10-04
"university:nottingham:international_places_open:2027 entry",4,"Medical school eligibility","University of Nottingham",international_places_open,"Yes — verify.",https://www.nottingham.ac.uk/studywithus/international-applicants/country-info/countryinformation/nigeria.aspx,200,none,,2026-10-04
"university:plymouth:international_places_open:2027 entry",4,"Medical school eligibility","University of Plymouth",international_places_open,"Yes — verify.",https://www.plymouth.ac.uk/international/study/international-students-country-guides/africa/nigeria,200,none,,2026-10-04
university:queen-mary-london:international_accepted,4,"Medical school eligibility","Queen Mary University of London",international_accepted,Yes,https://www.qmul.ac.uk/fmd/study/undergraduate/courses/a100/selection-criteria/,200,none,,2026-10-04
university:queen-mary-london:international_places,4,"Medical school eligibility","Queen Mary University of London",international_places,24,https://www.qmul.ac.uk/fmd/study/undergraduate/courses/a100/selection-criteria/,200,none,,2026-10-04
"university:queens-belfast:international_places_open:2027 entry",4,"Medical school eligibility","Queen's University Belfast",international_places_open,Yes.,https://www.qub.ac.uk/Study/international-students/your-country/nigeria,200,none,,2026-10-04
university:buckingham:international_accepted,4,"Medical school eligibility","University of Buckingham",international_accepted,Yes,https://www.themedicportal.com/school/university-of-buckingham/,403,fetch_failed,,2026-10-04
university:cardiff:international_places,4,"Medical school eligibility","Cardiff University",international_places,22,https://www.theukcatpeople.co.uk/guide/medical-school/medicine/university-of-cardiff,200,none,,2026-10-04
university:chester:international_places,4,"Medical school eligibility","University of Chester",international_places,25,https://www.theukcatpeople.co.uk/guide/medical-school/medicine/university-of-chester,200,none,,2026-10-04
university:kings-college-london:international_accepted,4,"Medical school eligibility","King's College London",international_accepted,Yes,https://www.theukcatpeople.co.uk/guide/medical-school/medicine/university-of-kings-college-london-,200,none,,2026-10-04
university:manchester:international_places,4,"Medical school eligibility","University of Manchester",international_places,30,https://www.theukcatpeople.co.uk/guide/medical-school/medicine/university-of-manchester,200,none,,2026-10-04
university:leicester:international_accepted,4,"Medical school eligibility","University of Leicester",international_accepted,Yes,https://www.theukcatpeople.co.uk/post/uk-medical-school-tuition-fees-for-international-students-to-study-medicine,200,none,,2026-10-04
university:lincoln:international_accepted,4,"Medical school eligibility","University of Lincoln",international_accepted,No,https://www.theukcatpeople.co.uk/post/uk-medical-school-tuition-fees-for-international-students-to-study-medicine,200,none,,2026-10-04
university:southampton:international_accepted,4,"Medical school eligibility","University of Southampton",international_accepted,Yes,https://www.theukcatpeople.co.uk/post/uk-medical-school-tuition-fees-for-international-students-to-study-medicine,200,none,,2026-10-04
university:sunderland:international_accepted,4,"Medical school eligibility","University of Sunderland",international_accepted,No,https://www.theukcatpeople.co.uk/post/uk-medical-school-tuition-fees-for-international-students-to-study-medicine,200,none,,2026-10-04
university:bangor:international_accepted,4,"Medical school eligibility","Bangor University",international_accepted,No,https://www.theukcatpeople.co.uk/post/uk-medical-school-tuition-fees-for-international-students-to-study-medicine,200,none,,2026-10-04
university:pears-cumbria:international_accepted,4,"Medical school eligibility","Pears Cumbria School of Medicine",international_accepted,No,https://www.ucas.com/explore/courses/57772005-274b-4cb3-a141-e51d2290535e/medicine-graduate-entry-pears-cumbria-school-of-medicine?studyYear=2027,403,fetch_failed,,2026-10-04
university:pears-cumbria:international_places,4,"Medical school eligibility","Pears Cumbria School of Medicine",international_places,0,https://www.ucas.com/explore/courses/57772005-274b-4cb3-a141-e51d2290535e/medicine-graduate-entry-pears-cumbria-school-of-medicine?studyYear=2027,403,fetch_failed,,2026-10-04
university:east-anglia:international_accepted,4,"Medical school eligibility","University of East Anglia",international_accepted,Yes,https://www.uea.ac.uk/course/undergraduate/mbbs-medicine,405,fetch_failed,,2026-10-04
university:east-anglia:international_places,4,"Medical school eligibility","University of East Anglia",international_places,13,https://www.uea.ac.uk/course/undergraduate/mbbs-medicine,405,fetch_failed,,2026-10-04
university:cambridge:international_accepted,4,"Medical school eligibility","University of Cambridge",international_accepted,Yes,https://www.undergraduate.study.cam.ac.uk/courses/medicine-mb-bchir,200,none,,2026-10-04
university:cambridge:international_places,4,"Medical school eligibility","University of Cambridge",international_places,22,https://www.undergraduate.study.cam.ac.uk/courses/medicine-mb-bchir,200,none,,2026-10-04
"university:wolverhampton:gem_international:2027 entry",4,"Medical school eligibility","University of Wolverhampton",gem_international,n/a,https://www.wlv.ac.uk/courses/mbchb-medicine/,200,none,,2026-10-04
"university:wolverhampton:international_places_open:2027 entry",4,"Medical school eligibility","University of Wolverhampton",international_places_open,"2027 intake international-only; 50 places.",https://www.wlv.ac.uk/courses/mbchb-medicine/,200,exact,"…d of educating healthcare professionals. Award MBChB Start date(s) 13 September 2027 Course specifications View course spec Course length Full-time (5 years) Campus location University: City…",2026-10-04
university:worcester:international_accepted,4,"Medical school eligibility","University of Worcester",international_accepted,Yes,https://www.worcester.ac.uk/about/academic-schools/medical-school/medical-school-admissions/mbchb-application-faqs.aspx,200,none,,2026-10-04
"university:leicester:a_level_requirement:2027 entry",5,"Nigerian qualifications and entry","University of Leicester",a_level_requirement,"A*AA incl. Chemistry or Biology + one of Biology/Chemistry/Physics/Maths/Psychology, A* in a science; IB 34 with 7,6,6 HL; GCSE B/6 in English Language, Maths, two sciences; 18 International/EU places; UCAT.",https://le.ac.uk/study/medicine/entry-requirements/international,403,fetch_failed,,2026-10-04
"university:leicester:english_requirement:2027 entry",5,"Nigerian qualifications and entry","University of Leicester",english_requirement,"IELTS 7.5 (7.0 each); PTE 68.",https://le.ac.uk/study/medicine/entry-requirements/international,403,fetch_failed,,2026-10-04
"university:leicester:waec_neco_statement:2027 entry",5,"Nigerian qualifications and entry","University of Leicester",waec_neco_statement,"Medicine international page: WASSCE or WAEC alone is not sufficient; applicants would first need additional qualifications such as A-levels or the International Baccalaureate.",https://le.ac.uk/study/medicine/entry-requirements/international,403,fetch_failed,,2026-10-04
"university:buckingham:a_level_requirement:2027 entry",5,"Nigerian qualifications and entry","University of Buckingham",a_level_requirement,"ABB incl. Chemistry or Biology (or equivalent); Buckingham Pre-Med (Cert HE Medical Science) at 70%+. No UCAT.",https://medvle.buckingham.ac.uk/course/section.php?id=10,200,partial,"…dical course begins a minimum of grades ABB in three A-levels to include either Chemistry and/or Biology, General Studies is not accepted. In the case of applicants who do not have Biology or Chemist",2026-10-04
"university:buckingham:english_requirement:2027 entry",5,"Nigerian qualifications and entry","University of Buckingham",english_requirement,"IELTS 7.0 (AGENT-LEAD).",https://medvle.buckingham.ac.uk/course/section.php?id=10,200,none,,2026-10-04
"university:buckingham:foundation_route:2027 entry",5,"Nigerian qualifications and entry","University of Buckingham",foundation_route,"Buckingham Pre-Med; Kings Education 'University of Buckingham Medical pathway' factsheet.",https://medvle.buckingham.ac.uk/course/section.php?id=10,200,none,,2026-10-04
"university:aberdeen:a_level_requirement:2027 entry",5,"Nigerian qualifications and entry","University of Aberdeen",a_level_requirement,"AAA incl. Chemistry + one of Biology/Maths/Physics + one other; IB 36 with 3 HL at 6 incl. HL Chemistry.",https://www.abdn.ac.uk/study/international/inmycountry/nigeria/entry/,200,none,,2026-10-04
"university:aberdeen:english_requirement:2027 entry",5,"Nigerian qualifications and entry","University of Aberdeen",english_requirement,"IELTS 7.0 (Listening 5.5, Reading 5.5, Speaking 7.0, Writing 6.0). Nigeria page: WAEC/NECO English C6 or Medium-of-Instruction letter may waive IELTS — confirm Medicine not excluded.",https://www.abdn.ac.uk/study/international/inmycountry/nigeria/entry/,200,none,,2026-10-04
"university:aberdeen:foundation_route:2027 entry",5,"Nigerian qualifications and entry","University of Aberdeen",foundation_route,"Aberdeen ISC (general).",https://www.abdn.ac.uk/study/international/inmycountry/nigeria/entry/,200,none,,2026-10-04
"university:aberdeen:waec_neco_statement:2027 entry",5,"Nigerian qualifications and entry","University of Aberdeen",waec_neco_statement,"Nigeria entry page: 'The WAEC Senior School Certificate cannot be considered for Medicine.' WAEC with at least one A and two Bs gives direct Year 1 entry for all programmes except Medicine.",https://www.abdn.ac.uk/study/international/inmycountry/nigeria/entry/,200,partial,"…Entry Requirements | Nigeria | My Country or Territory | The University of Aberdeen Skip to content About Accessibility on our website Close Search Our Website Search In University Website Staff Dire",2026-10-04
"university:aston:a_level_requirement:2027 entry",5,"Nigerian qualifications and entry","Aston University",a_level_requirement,"AAA (verify) incl. Chemistry and Biology; 6 GCSEs/IGCSEs at B/6 incl. Maths, English Language, Chemistry, Biology; UCAT.",https://www.aston.ac.uk/international/aston-in-your-country/africa/nigeria,200,none,,2026-10-04
"university:aston:english_requirement:2027 entry",5,"Nigerian qualifications and entry","Aston University",english_requirement,"WASSCE English C4 (official, MBChB) or IELTS 7.0 each (AGENT-LEAD).",https://www.aston.ac.uk/international/aston-in-your-country/africa/nigeria,200,none,,2026-10-04
"university:aston:foundation_route:2027 entry",5,"Nigerian qualifications and entry","Aston University",foundation_route,"Aston International Foundation Programme (progression to MBChB not stated).",https://www.aston.ac.uk/international/aston-in-your-country/africa/nigeria,200,partial,"…Nigeria | Aston University Skip to main content Study locations: Birmingham | London | Online Find a course Search Menu Header top menu International students Applying to Aston Scholarships Internati",2026-10-04
"university:aston:waec_neco_statement:2027 entry",5,"Nigerian qualifications and entry","Aston University",waec_neco_statement,"Nigeria page: for entry onto the MBChB, a minimum grade of C4 in English Language in the West African Secondary School Certificate is required (English evidence). Overseas qualifications equated to GCSE/A-level grades.",https://www.aston.ac.uk/international/aston-in-your-country/africa/nigeria,200,partial,"…Nigeria | Aston University Skip to main content Study locations: Birmingham | London | Online Find a course Search Menu Header top menu International students Applying to Aston Scholarships Internati",2026-10-04
"university:birmingham:a_level_requirement:2027 entry",5,"Nigerian qualifications and entry","University of Birmingham",a_level_requirement,"A*AA (verify on five-year entry page). International: academic threshold, then ranked by total UCAT (excl. SJT), then personal statement.",https://www.birmingham.ac.uk/about/college-of-medicine-and-health/birmingham-medical-school/applying-to-medicine/entry-requirements-medicine-and-surgery-five-year,200,partial,"…Entry Requirements - Medicine and Surgery (five-year) - University of Birmingham Skip to main content Select campus:UKDubai University of Birmingham Search Menu Open menu Home About us College of Med",2026-10-04
"university:birmingham:english_requirement:2027 entry",5,"Nigerian qualifications and entry","University of Birmingham",english_requirement,"IELTS 7.0 with no band below 7.0; TOEFL 95 (23 each); PTE 67 all skills.",https://www.birmingham.ac.uk/about/college-of-medicine-and-health/birmingham-medical-school/applying-to-medicine/entry-requirements-medicine-and-surgery-five-year,200,partial,"…English. The university’s standard English requirements are minimum standards: IELTS - 7.0 overall with no less than 7.0 in any band TOEFL - 95 overall with no less than 23 in any band Pearson Test o",2026-10-04
"university:birmingham:waec_neco_statement:2027 entry",5,"Nigerian qualifications and entry","University of Birmingham",waec_neco_statement,"Lists West Africa Examinations Council (WAEC) Senior School Certificate as an accepted qualification for international applicants; has agreements with foundation providers in Nigeria. Level of equivalence (GCSE vs A-level) not visible in snippet.",https://www.birmingham.ac.uk/about/college-of-medicine-and-health/birmingham-medical-school/applying-to-medicine/entry-requirements-medicine-and-surgery-five-year,200,none,,2026-10-04
"university:cardiff:a_level_requirement:2027 entry",5,"Nigerian qualifications and entry","Cardiff University",a_level_requirement,"A*AA incl. Chemistry and Biology (verify).",https://www.cardiff.ac.uk/study/international/your-country/africa/nigeria/entry-requirements,403,fetch_failed,,2026-10-04
"university:cardiff:english_requirement:2027 entry",5,"Nigerian qualifications and entry","Cardiff University",english_requirement,"WAEC or IGCSE English can be considered at the appropriate grade in lieu of IELTS (UG, general).",https://www.cardiff.ac.uk/study/international/your-country/africa/nigeria/entry-requirements,403,fetch_failed,,2026-10-04
"university:cardiff:foundation_route:2027 entry",5,"Nigerian qualifications and entry","Cardiff University",foundation_route,"Cardiff ISC International Foundation Year (Medicine) accepted for entry to a medical degree at Cardiff subject to grades and other conditions.",https://www.cardiff.ac.uk/study/international/your-country/africa/nigeria/entry-requirements,403,fetch_failed,,2026-10-04
"university:cardiff:waec_neco_statement:2027 entry",5,"Nigerian qualifications and entry","Cardiff University",waec_neco_statement,"Nigeria entry page: WAEC — successful completion with grades 1-6 (A-C) in 4 or more relevant subjects; for Health and Life Sciences including Medicine and Dental Surgery, Chemistry and two other Sciences (Maths counts). INFERENCE: GCSE-level subject rule, not A100 direct entry — verify.",https://www.cardiff.ac.uk/study/international/your-country/africa/nigeria/entry-requirements,403,fetch_failed,,2026-10-04
"university:chester:a_level_requirement:2027 entry",5,"Nigerian qualifications and entry","University of Chester",a_level_requirement,"n/a (graduate entry)",https://www.chester.ac.uk/study/course-search/graduate-entry-medicine-mbchb/,200,none,,2026-10-04
"university:chester:english_requirement:2027 entry",5,"Nigerian qualifications and entry","University of Chester",english_requirement,"IELTS 7.0 with a maximum of two components at 6.0 or 6.5.",https://www.chester.ac.uk/study/course-search/graduate-entry-medicine-mbchb/,200,none,,2026-10-04
"university:chester:foundation_route:2027 entry",5,"Nigerian qualifications and entry","University of Chester",foundation_route,n/a,https://www.chester.ac.uk/study/course-search/graduate-entry-medicine-mbchb/,200,none,,2026-10-04
"university:chester:waec_neco_statement:2027 entry",5,"Nigerian qualifications and entry","University of Chester",waec_neco_statement,"No A100 at Chester; country page is general.",https://www.chester.ac.uk/study/course-search/graduate-entry-medicine-mbchb/,200,none,,2026-10-04
"university:edinburgh:a_level_requirement:2027 entry",5,"Nigerian qualifications and entry","University of Edinburgh",a_level_requirement,"IB 38 (6,6,6 HL); A-level AAA (verify).",https://www.ed.ac.uk/studying/international/country/africa/nigeria,200,none,,2026-10-04
"university:edinburgh:english_requirement:2027 entry",5,"Nigerian qualifications and entry","University of Edinburgh",english_requirement,"IELTS Academic 7.5 total with at least 7.5 in each component.",https://www.ed.ac.uk/studying/international/country/africa/nigeria,200,none,,2026-10-04
"university:edinburgh:foundation_route:2027 entry",5,"Nigerian qualifications and entry","University of Edinburgh",foundation_route,"Edinburgh International Foundation Programme (progression to MBChB not confirmed).",https://www.ed.ac.uk/studying/international/country/africa/nigeria,200,partial,"…Nigeria | Undergraduate entry requirements by region | The University of Edinburgh Skip to main content Schools & departments MyEd Submit search Undergraduate entry requirements by region Subsite men",2026-10-04
"university:edinburgh:waec_neco_statement:2027 entry",5,"Nigerian qualifications and entry","University of Edinburgh",waec_neco_statement,"Nigeria page: applicants with either the WAEC or the NECO Senior School Certificate will usually be required to complete a foundation year. Nigerians admitted with A-levels, IB, SAT/ACT/AP.",https://www.ed.ac.uk/studying/international/country/africa/nigeria,200,partial,"…Nigeria | Undergraduate entry requirements by region | The University of Edinburgh Skip to main content Schools & departments MyEd Submit search Undergraduate entry requirements by region Subsite men",2026-10-04
university:hull-york:english_language_requirement,5,"Nigerian qualifications and entry","Hull York Medical School",english_language_requirement,"IELTS 7.5 overall, min 7.0 each component (2027 entry); TOEFL 105 (W24/S26/L22/R22); PTE Academic 73 (min 65); Cambridge C1 Advanced 195 (min 190)",https://www.hyms.ac.uk/medicine/international-students,200,none,,2026-10-04
"university:lancashire:a_level_requirement:2027 entry",5,"Nigerian qualifications and entry","University of Lancashire",a_level_requirement,"Foundation Entry: ~ABB-equivalent in two sciences incl. Chemistry; IELTS 6.5; progression to MBBS on ~70% (AGENT-LEAD figures — verify).",https://www.lancashire.ac.uk/undergraduate/how-to-apply/mbbs/international-requirements,200,none,,2026-10-04
"university:lancashire:english_requirement:2027 entry",5,"Nigerian qualifications and entry","University of Lancashire",english_requirement,"IELTS 7.0 each component or WAEC/NECO English B3 (official, MBBS).",https://www.lancashire.ac.uk/undergraduate/how-to-apply/mbbs/international-requirements,200,partial,"…n Medecine Dentaire / Diplome de Docteur de Veterinaire on a case by case basis IELTS 7.0 (with 7.0 in each component) or equivalent. Angola Successful completion of a recognised international founda",2026-10-04
"university:lancashire:foundation_route:2027 entry",5,"Nigerian qualifications and entry","University of Lancashire",foundation_route,"MBBS with Foundation Entry — international students only, Westlakes campus (Cumbria); ONCAMPUS UCLan Medicine Undergraduate Foundation Programme.",https://www.lancashire.ac.uk/undergraduate/how-to-apply/mbbs/international-requirements,200,none,,2026-10-04
"university:lancashire:waec_neco_statement:2027 entry",5,"Nigerian qualifications and entry","University of Lancashire",waec_neco_statement,"MBBS international requirements page — Nigeria: successful completion of a recognised international foundation programme required for direct entry; English IELTS 7.0 (7.0 each) or WAEC/NECO B3.",https://www.lancashire.ac.uk/undergraduate/how-to-apply/mbbs/international-requirements,200,partial,"…Medicine (MBBS) international entry requirements Skip to main content Studentsopens in a new tab Staffopens in a new tab University of Lancashire Expand navigation menu Back Expand Open Days menu Oct",2026-10-04
"university:liverpool:a_level_requirement:2027 entry",5,"Nigerian qualifications and entry","University of Liverpool",a_level_requirement,"AAA; Chemistry + one of Biology/Physics/Maths + third academic subject. International deadline 15 Oct 2026; places limited. 'A100 Departmental Supplement Entry 2027' to obtain.",https://www.liverpool.ac.uk/international/countries/nigeria.php,200,none,,2026-10-04
"university:liverpool:english_requirement:2027 entry",5,"Nigerian qualifications and entry","University of Liverpool",english_requirement,"IELTS 7.0 overall, min 7.0 each component.",https://www.liverpool.ac.uk/international/countries/nigeria.php,200,none,,2026-10-04
"university:liverpool:foundation_route:2027 entry",5,"Nigerian qualifications and entry","University of Liverpool",foundation_route,"Liverpool International College Foundation Certificate (progression to Medicine not confirmed).",https://www.liverpool.ac.uk/international/countries/nigeria.php,200,partial,"…Nigeria | Your country/region | International students | University of Liverpool Skip to main content Close Search Find courses, people, research, information and more. Please ignore What types of pa",2026-10-04
"university:liverpool:waec_neco_statement:2027 entry",5,"Nigerian qualifications and entry","University of Liverpool",waec_neco_statement,"Nigeria page: holders of the Senior Secondary School Certificate are advised to complete a Foundation Certificate at the University of Liverpool International College (or equivalent) or the first year of a bachelor's degree from a recognised university in Nigeria.",https://www.liverpool.ac.uk/international/countries/nigeria.php,200,partial,"…Nigeria | Your country/region | International students | University of Liverpool Skip to main content Close Search Find courses, people, research, information and more. Please ignore What types of pa",2026-10-04
"university:manchester:a_level_requirement:2027 entry",5,"Nigerian qualifications and entry","University of Manchester",a_level_requirement,"AAA incl. Chemistry + one of Biology/Physics/Maths; IB 36 (6,6,6 HL).",https://www.manchester.ac.uk/study/international/country-specific-information/nigeria/entry-requirements/,200,none,,2026-10-04
"university:manchester:foundation_route:2027 entry",5,"Nigerian qualifications and entry","University of Manchester",foundation_route,"University-recognised foundation programme (provider not named in snippet).",https://www.manchester.ac.uk/study/international/country-specific-information/nigeria/entry-requirements/,200,none,,2026-10-04
"university:manchester:waec_neco_statement:2027 entry",5,"Nigerian qualifications and entry","University of Manchester",waec_neco_statement,"Nigeria page: applicants who have completed the WASSCE will need to successfully complete a University-recognised foundation programme before joining an undergraduate course.",https://www.manchester.ac.uk/study/international/country-specific-information/nigeria/entry-requirements/,200,partial,"…Entry requirements | Information for students from Nigeria | The University of Manchester Skip to navigation | Skip to main content | Skip to footer Home Study Undergraduate Undergraduate Courses Pro",2026-10-04
"university:nottingham:a_level_requirement:2027 entry",5,"Nigerian qualifications and entry","University of Nottingham",a_level_requirement,"AAA; IB reported 34 (verify); 6 GCSEs at 7 incl. Biology & Chemistry; 6 in Maths & English Language.",https://www.nottingham.ac.uk/studywithus/international-applicants/country-info/countryinformation/nigeria.aspx,200,none,,2026-10-04
"university:nottingham:english_requirement:2027 entry",5,"Nigerian qualifications and entry","University of Nottingham",english_requirement,"WAEC or iGCSE English grade C or above accepted (general) — confirm for BMBS.",https://www.nottingham.ac.uk/studywithus/international-applicants/country-info/countryinformation/nigeria.aspx,200,partial,"…red for direct entry to our undergraduate degree courses. We can accept WAEC or iGCSE English language qualification at grade C or above as meeting our English language requirements. Students taking ",2026-10-04
"university:nottingham:waec_neco_statement:2027 entry",5,"Nigerian qualifications and entry","University of Nottingham",waec_neco_statement,"Nigeria page: holders of SSC/WAEC must complete a foundation course; accepts foundation certificates from selected providers in the UK and Nigeria; typical foundation entry three Bs and two Cs at WAEC; one good year at a Nigerian university may be considered for direct UG entry (general).",https://www.nottingham.ac.uk/studywithus/international-applicants/country-info/countryinformation/nigeria.aspx,200,partial,"…Nigeria - The University of Nottingham UK China Malaysia Main Menu Study About Research Business News Visit A–Z Search the website You are here: University of NottinghamStudy with usInternational stu",2026-10-04
"university:plymouth:a_level_requirement:2027 entry",5,"Nigerian qualifications and entry","University of Plymouth",a_level_requirement,"International must meet equivalent of home criteria (verify grades) plus UCAT.",https://www.plymouth.ac.uk/international/study/international-students-country-guides/africa/nigeria,200,none,,2026-10-04
"university:plymouth:english_requirement:2027 entry",5,"Nigerian qualifications and entry","University of Plymouth",english_requirement,"IELTS 7.5 with at least 7.0 in Speaking and Listening, taken within 12 months of entry.",https://www.plymouth.ac.uk/international/study/international-students-country-guides/africa/nigeria,200,none,,2026-10-04
"university:plymouth:waec_neco_statement:2027 entry",5,"Nigerian qualifications and entry","University of Plymouth",waec_neco_statement,"Nigeria page: UG applicants should have a good SSSC/WASSC and an acceptable International Foundation Year or equivalent. BMBS page: applicants with overseas qualifications should contact admissions@plymouth.ac.uk before applying. UPIC: WAEC 5 passes at D7 (foundation) / C6 (first-year direct) — gene",https://www.plymouth.ac.uk/international/study/international-students-country-guides/africa/nigeria,200,none,,2026-10-04
"university:queens-belfast:a_level_requirement:2027 entry",5,"Nigerian qualifications and entry","Queen's University Belfast",a_level_requirement,"A*AA or AAA + A at AS; same for international; international fee-payers interviewed online.",https://www.qub.ac.uk/Study/international-students/your-country/nigeria,200,none,,2026-10-04
"university:queens-belfast:waec_neco_statement:2027 entry",5,"Nigerian qualifications and entry","Queen's University Belfast",waec_neco_statement,"Nigeria page: applicants with the WAEC Senior Secondary School Certificate will be required to complete a Foundation Programme. QUB accepts WAEC or NECO for English language requirements.",https://www.qub.ac.uk/Study/international-students/your-country/nigeria,200,partial,"…Nigeria | Study | Queen's University Belfast Skip to Content Queen's University Belfast Helpful links Jobs News What's on Semester dates Library Giving Ask a question Staff Directory 中文网 Staff Studen",2026-10-04
"university:wolverhampton:a_level_requirement:2027 entry",5,"Nigerian qualifications and entry","University of Wolverhampton",a_level_requirement,"AAA incl. Chemistry and Biology; IB 37 (7,6,6) with HL Chemistry and Biology; 6 GCSEs at 6/B incl. English Language, Maths, Biology, Chemistry.",https://www.wlv.ac.uk/courses/mbchb-medicine/,200,partial,"…GCSEs at grade 6/B or above, including English Language, Mathematics, Biology, Chemistry, or Double Science (or overseas equivalent). Scottish Nationals: at least six grade Bs. English Language, Math",2026-10-04
"university:wolverhampton:waec_neco_statement:2027 entry",5,"Nigerian qualifications and entry","University of Wolverhampton",waec_neco_statement,"Nigeria page (general UG): WAEC/NECO Grade B profile, or WAEC/NECO plus recognised foundation programme or year one at a Nigerian university.",https://www.wlv.ac.uk/courses/mbchb-medicine/,200,partial,"…ing our graduate talent pool Schools and Colleges Schools and Colleges Overview General Higher Education sessions Partnerships Aspire to HE University Procurement University Procurement Overview Supp",2026-10-04
course:leeds/a100:clinical_years_fee_differs:2027/28,6,"International fees and costs","University of Leeds · MBChB Medicine and Surgery",clinical_years_fee_differs,No,https://courses.leeds.ac.uk/5580/medicine-and-surgery-mbchb,200,none,,2026-10-04
course:leeds/a100:international_fee_gbp:2027/28,6,"International fees and costs","University of Leeds · MBChB Medicine and Surgery",international_fee_gbp,"£50,500",https://courses.leeds.ac.uk/5580/medicine-and-surgery-mbchb,200,exact,"…ad English language equivalent qualifications. Fees UK: £10,050 International: £50,500 (per year) The amount of tuition fees you pay is based on whether you are class…",2026-10-04
course:kent-medway/a100:clinical_years_fee_differs:2026/27,6,"International fees and costs","Kent and Medway Medical School · BM BS Medicine",clinical_years_fee_differs,No,https://kmms.ac.uk/study/funding-your-degree/,200,none,,2026-10-04
course:kent-medway/a100:international_fee_gbp:2026/27,6,"International fees and costs","Kent and Medway Medical School · BM BS Medicine",international_fee_gbp,"£49,700",https://kmms.ac.uk/study/funding-your-degree/,200,exact,"…s (UKCISA) website. International students Fees for international students are £49,700 (26/27). Where permitted by law or government policy, we reserve the right to i…",2026-10-04
course:leicester/a100:clinical_years_fee_differs:2026/27,6,"International fees and costs","University of Leicester · Medicine MBChB",clinical_years_fee_differs,Yes,https://le.ac.uk/study/undergraduates/fees-funding/tuition-fees,403,fetch_failed,,2026-10-04
course:leicester/a100:international_fee_gbp:2026/27,6,"International fees and costs","University of Leicester · Medicine MBChB",international_fee_gbp,"£30,150",https://le.ac.uk/study/undergraduates/fees-funding/tuition-fees,403,fetch_failed,,2026-10-04
course:greater-manchester/medicine:international_fee_gbp:2026/27,6,"International fees and costs","University of Greater Manchester · MBChB Medicine",international_fee_gbp,"£45,000",https://medicine.greatermanchester.ac.uk/mbchb-medicine-programme-details/,403,fetch_failed,,2026-10-04
course:edinburgh/medicine:clinical_years_fee_differs:2026/27,6,"International fees and costs","University of Edinburgh · Medicine",clinical_years_fee_differs,No,https://registryservices.ed.ac.uk/tuition-fees/find/undergraduate/2026-2027/medicine,200,none,,2026-10-04
course:edinburgh/medicine:international_fee_gbp:2026/27,6,"International fees and costs","University of Edinburgh · Medicine",international_fee_gbp,"£54,650",https://registryservices.ed.ac.uk/tuition-fees/find/undergraduate/2026-2027/medicine,200,exact,"…sHome-ScotlandHome-RUK and ROIInternational/EU* Medicine (MBChB) £1,820 £9,790 £54,650 Direct entry to year 4£1,820 £9,790 £54,650 *These fees apply to EU students st…",2026-10-04
course:warwick/graduate-entry:clinical_years_fee_differs:2026/27,6,"International fees and costs","University of Warwick · A101 Medicine MB ChB Graduate Entry (4 years)",clinical_years_fee_differs,Yes,https://warwick.ac.uk/services/finance/studentfinance/fees/overseasfees/,200,none,,2026-10-04
course:warwick/graduate-entry:international_fee_gbp:2026/27,6,"International fees and costs","University of Warwick · A101 Medicine MB ChB Graduate Entry (4 years)",international_fee_gbp,"£32,510",https://warwick.ac.uk/services/finance/studentfinance/fees/overseasfees/,200,exact,"…2027-28 Bachelor of Medicine & Bachelor of Surgery (Year 1) A101 MBChB £30,670 £32,510 TBA Bachelor of Medicine & Bachelor of Surgery (Years 2-4) A101 MBChB £53,460 £…",2026-10-04
course:aberdeen/medicine:clinical_years_fee_differs:2026/27,6,"International fees and costs","University of Aberdeen · Medicine",clinical_years_fee_differs,No,https://www.abdn.ac.uk/media/site/students/documents/UG--Full-time-Tuition-Fees-2026-27.pdf,"200 pdf",fetch_failed,,2026-10-04
course:aberdeen/medicine:international_fee_gbp:2026/27,6,"International fees and costs","University of Aberdeen · Medicine",international_fee_gbp,"£50,100",https://www.abdn.ac.uk/media/site/students/documents/UG--Full-time-Tuition-Fees-2026-27.pdf,"200 pdf",fetch_failed,,2026-10-04
course:birmingham/a100:clinical_years_fee_differs,6,"International fees and costs","University of Birmingham · MBChB Medicine and Surgery (five-year)",clinical_years_fee_differs,Yes,https://www.birmingham.ac.uk/study/undergraduate/subjects/medicine-courses/medicine-and-surgery-mbchb,200,none,,2026-10-04
course:birmingham/a100:international_fee_gbp,6,"International fees and costs","University of Birmingham · MBChB Medicine and Surgery (five-year)",international_fee_gbp,"£30,330",https://www.birmingham.ac.uk/study/undergraduate/subjects/medicine-courses/medicine-and-surgery-mbchb,200,none,,2026-10-04
course:bristol/a100:clinical_years_fee_differs:2026/27,6,"International fees and costs","University of Bristol · MB ChB Medicine",clinical_years_fee_differs,No,https://www.bristol.ac.uk/study/undergraduate/fees-funding/,200,none,,2026-10-04
course:bristol/a100:international_fee_gbp:2026/27,6,"International fees and costs","University of Bristol · MB ChB Medicine",international_fee_gbp,"£45,800",https://www.bristol.ac.uk/study/undergraduate/fees-funding/,200,none,,2026-10-04
course:brunel/a100:international_fee_gbp:2026/27,6,"International fees and costs","Brunel University of London · Medicine MBBS",international_fee_gbp,"£49,395",https://www.brunel.ac.uk/study/courses/medicine-mbbs,200,exact,"…available Mode of study 5 years full-time Fees 2026/7 UK £9,790 International £49,395 Scroll to #fees Entry requirements 2027/8 AAA (A-level) Not accepted (BTEC) 36…",2026-10-04
course:cardiff/a100:clinical_years_fee_differs:2026/27,6,"International fees and costs","Cardiff University · Medicine MBBCh",clinical_years_fee_differs,No,https://www.cardiff.ac.uk/study/undergraduate/courses/2026/medicine-mbbch,403,fetch_failed,,2026-10-04
course:cardiff/a100:international_fee_gbp:2026/27,6,"International fees and costs","Cardiff University · Medicine MBBCh",international_fee_gbp,"£47,450",https://www.cardiff.ac.uk/study/undergraduate/courses/2026/medicine-mbbch,403,fetch_failed,,2026-10-04
course:dundee/medicine:clinical_years_fee_differs:2026/27,6,"International fees and costs","University of Dundee · Medicine",clinical_years_fee_differs,No,https://www.dundee.ac.uk/undergraduate/medicine/fees-and-funding,403,fetch_failed,,2026-10-04
course:dundee/medicine:international_fee_gbp:2026/27,6,"International fees and costs","University of Dundee · Medicine",international_fee_gbp,"£55,900",https://www.dundee.ac.uk/undergraduate/medicine/fees-and-funding,403,fetch_failed,,2026-10-04
course:exeter/a100:clinical_years_fee_differs:2026/27,6,"International fees and costs","University of Exeter · BMBS Medicine",clinical_years_fee_differs,No,https://www.exeter.ac.uk/undergraduate-degrees/fees/,200,none,,2026-10-04
course:exeter/a100:international_fee_gbp:2026/27,6,"International fees and costs","University of Exeter · BMBS Medicine",international_fee_gbp,"£48,900",https://www.exeter.ac.uk/undergraduate-degrees/fees/,200,none,,2026-10-04
course:glasgow/medicine:clinical_years_fee_differs:2026/27,6,"International fees and costs","University of Glasgow · Medicine",clinical_years_fee_differs,No,https://www.gla.ac.uk/myglasgow/students/payingyourfees/undergraduate/2026-27/,200,none,,2026-10-04
course:glasgow/medicine:international_fee_gbp:2026/27,6,"International fees and costs","University of Glasgow · Medicine",international_fee_gbp,"£62,730",https://www.gla.ac.uk/myglasgow/students/payingyourfees/undergraduate/2026-27/,200,exact,"…lege of Medical, Veterinary & Life Sciences clinical programmes £1,820 £9,790^ £62,730 Nursing £1,820 £9,790^ £33,210 Full Cost/Graduate Entry programmes Bachelor of…",2026-10-04
topic:costs-2026:funding_note:2026/27,6,"International fees and costs","Other costs of studying Medicine in the UK",funding_note,"Funding for international medicine students is limited: a few universities publish small partial scholarships (for example 5% of fees); most exclude Medicine from international fee discounts",https://www.hyms.ac.uk/,200,none,,2026-10-04
course:hull-york/a100:clinical_years_fee_differs:2026/27,6,"International fees and costs","Hull York Medical School · MB BS Medicine",clinical_years_fee_differs,No,https://www.hyms.ac.uk/medicine/applying/fees-and-funding,200,none,,2026-10-04
course:hull-york/a100:international_fee_gbp:2026/27,6,"International fees and costs","Hull York Medical School · MB BS Medicine",international_fee_gbp,"£49,750",https://www.hyms.ac.uk/medicine/applying/fees-and-funding,200,exact,"…tional (including EU) students The international tuition fee for 2026 entry is £49,750/year. If you are an international student and your course is longer than one ye…",2026-10-04
course:keele/a100:clinical_years_fee_differs:2026/27,6,"International fees and costs","Keele University · MBChB Medicine",clinical_years_fee_differs,No,https://www.keele.ac.uk/study/undergraduate/tuitionfeesandfunding/undergraduatetuitionfees/undergraduatetuitionfeesinternationalstudents/,200,none,,2026-10-04
course:keele/a100:international_fee_gbp:2026/27,6,"International fees and costs","Keele University · MBChB Medicine",international_fee_gbp,"£46,700",https://www.keele.ac.uk/study/undergraduate/tuitionfeesandfunding/undergraduatetuitionfees/undergraduatetuitionfeesinternationalstudents/,200,none,,2026-10-04
course:lancaster/medicine:clinical_years_fee_differs:2026/27,6,"International fees and costs","Lancaster University · Medicine",clinical_years_fee_differs,No,https://www.lancaster.ac.uk/study/undergraduate/courses/medicine-and-surgery-mbchb-a100/2026/,200,none,,2026-10-04
course:lancaster/medicine:international_fee_gbp:2026/27,6,"International fees and costs","Lancaster University · Medicine",international_fee_gbp,"£48,620",https://www.lancaster.ac.uk/study/undergraduate/courses/medicine-and-surgery-mbchb-a100/2026/,200,exact,"…ear. Our Undergraduate Tuition Fees for 2026/27 are: Home International £9,790 £48,620 Fees and funding information Additional fees and funding information accordion…",2026-10-04
course:liverpool/a100:clinical_years_fee_differs:2026/27,6,"International fees and costs","University of Liverpool · A100 5-year Programme (MBChB)",clinical_years_fee_differs,No,https://www.liverpool.ac.uk/courses/medicine-and-surgery-mbchb,200,none,,2026-10-04
course:liverpool/a100:international_fee_gbp:2026/27,6,"International fees and costs","University of Liverpool · A100 5-year Programme (MBChB)",international_fee_gbp,"£50,000",https://www.liverpool.ac.uk/courses/medicine-and-surgery-mbchb,200,exact,"…,505 (applies to year in China) International fees Full-time place, per year - £50,000 Year in industry fee - £1,955 Year abroad fee - £25,000 (applies to year in Chi…",2026-10-04
course:manchester/a100:clinical_years_fee_differs:2026/27,6,"International fees and costs","University of Manchester · MBChB Medicine",clinical_years_fee_differs,Yes,https://www.manchester.ac.uk/study/undergraduate/courses/2027/01428/mbchb-medicine/,200,none,,2026-10-04
course:manchester/a100:international_fee_gbp:2026/27,6,"International fees and costs","University of Manchester · MBChB Medicine",international_fee_gbp,"£39,900",https://www.manchester.ac.uk/study/undergraduate/courses/2027/01428/mbchb-medicine/,200,exact,"…he Pre-Clinical part of the programme (Years 1-2), the fee for 2026/27 will be £39,900 per year. Fees for the Clinical part of the programme (Years 3-5) are set at th…",2026-10-04
course:oxford/medicine:clinical_years_fee_differs:2026/27,6,"International fees and costs","University of Oxford · Medicine",clinical_years_fee_differs,Yes,https://www.medsci.ox.ac.uk/study/medicine/fees-and-funding,403,fetch_failed,,2026-10-04
course:oxford/medicine:international_fee_gbp:2026/27,6,"International fees and costs","University of Oxford · Medicine",international_fee_gbp,"£49,400",https://www.medsci.ox.ac.uk/study/medicine/fees-and-funding,403,fetch_failed,,2026-10-04
course:newcastle/a100:clinical_years_fee_differs:2026/27,6,"International fees and costs","Newcastle University · Medicine and Surgery MB BS",clinical_years_fee_differs,No,https://www.ncl.ac.uk/undergraduate/degrees/a100/,200,none,,2026-10-04
course:newcastle/a100:international_fee_gbp:2026/27,6,"International fees and costs","Newcastle University · Medicine and Surgery MB BS",international_fee_gbp,"£47,000",https://www.ncl.ac.uk/undergraduate/degrees/a100/,200,none,,2026-10-04
course:nottingham/medicine:clinical_years_fee_differs:2026/27,6,"International fees and costs","University of Nottingham · Medicine BMBS (Hons)",clinical_years_fee_differs,Yes,https://www.nottingham.ac.uk/fees/tuitionfees/202627/undergraduate.aspx,200,none,,2026-10-04
course:nottingham/medicine:international_fee_gbp:2026/27,6,"International fees and costs","University of Nottingham · Medicine BMBS (Hons)",international_fee_gbp,"£47,000",https://www.nottingham.ac.uk/fees/tuitionfees/202627/undergraduate.aspx,200,exact,"…eography with Business £9,790 £29,000 A101 BMBS Graduate Entry Medicine £9,790 £47,000 A30A BSc Hons Health Sciences with Foundation Year £9,790 £33,000 V100 BA Hons…",2026-10-04
course:plymouth/medicine:clinical_years_fee_differs:2026/27,6,"International fees and costs","University of Plymouth · Medicine",clinical_years_fee_differs,No,https://www.plymouth.ac.uk/courses/undergraduate/bmbs-bachelor-of-medicine-bachelor-of-surgery,200,none,,2026-10-04
course:plymouth/medicine:international_fee_gbp:2026/27,6,"International fees and costs","University of Plymouth · Medicine",international_fee_gbp,"£41,920",https://www.plymouth.ac.uk/courses/undergraduate/bmbs-bachelor-of-medicine-bachelor-of-surgery,200,exact,"…me international students starting in 2026-2027 academic year. Full-time study £41,920 per year Tuition fees for full-time international students starting in 2027-202…",2026-10-04
course:queen-mary-london/a100:clinical_years_fee_differs:2026/27,6,"International fees and costs","Queen Mary University of London · MBBS Medicine",clinical_years_fee_differs,No,https://www.qmul.ac.uk/registry-services/media/arcs/student-enquiry-centre/UG-2526-Schedule-(1).pdf,"200 pdf",fetch_failed,,2026-10-04
course:queen-mary-london/a100:international_fee_gbp:2026/27,6,"International fees and costs","Queen Mary University of London · MBBS Medicine",international_fee_gbp,,https://www.qmul.ac.uk/registry-services/media/arcs/student-enquiry-centre/UG-2526-Schedule-(1).pdf,"200 pdf",fetch_failed,,2026-10-04
course:queens-belfast/medicine:clinical_years_fee_differs:2026/27,6,"International fees and costs","Queen's University Belfast · Medicine",clinical_years_fee_differs,No,https://www.qub.ac.uk/Study/international-students/tuition-fees/fees-26-27/,200,none,,2026-10-04
course:queens-belfast/medicine:international_fee_gbp:2026/27,6,"International fees and costs","Queen's University Belfast · Medicine",international_fee_gbp,"£36,900",https://www.qub.ac.uk/Study/international-students/tuition-fees/fees-26-27/,200,none,,2026-10-04
course:southampton/medicine:clinical_years_fee_differs,6,"International fees and costs","University of Southampton · Medicine",clinical_years_fee_differs,Yes,https://www.southampton.ac.uk/courses/medicine-bm5-degree-bmbs,200,none,,2026-10-04
course:southampton/medicine:international_fee_gbp,6,"International fees and costs","University of Southampton · Medicine",international_fee_gbp,"£35,900",https://www.southampton.ac.uk/courses/medicine-bm5-degree-bmbs,200,exact,"…for a year's study: UK students pay £10,050. EU and international students pay £35,900. What your fees pay for If you're an EU or international student, please note t…",2026-10-04
course:st-andrews/a100:clinical_years_fee_differs:2026/27,6,"International fees and costs","University of St Andrews · Medicine BSc (Hons), pre-clinical",clinical_years_fee_differs,Yes,https://www.st-andrews.ac.uk/study/undergraduate/fees/world/,200,none,,2026-10-04
course:st-andrews/a100:international_fee_gbp:2026/27,6,"International fees and costs","University of St Andrews · Medicine BSc (Hons), pre-clinical",international_fee_gbp,"£39,620",https://www.st-andrews.ac.uk/study/undergraduate/fees/world/,200,exact,"…he Faculty of Medicine, tuition fees for entrant students in 2026-2027 will be £39,620. The Scottish Government has introduced a mandatory national levy for overseas…",2026-10-04
course:swansea/graduate-entry:clinical_years_fee_differs:2026/27,6,"International fees and costs","Swansea University · A101 Medicine (Graduate Entry) MB BCh (4 years)",clinical_years_fee_differs,No,https://www.swansea.ac.uk/undergraduate/courses/medicine/medicine-graduate-entry-mbbch/,200,none,,2026-10-04
course:swansea/graduate-entry:international_fee_gbp:2026/27,6,"International fees and costs","Swansea University · A101 Medicine (Graduate Entry) MB BCh (4 years)",international_fee_gbp,"£48,350",https://www.swansea.ac.uk/undergraduate/courses/medicine/medicine-graduate-entry-mbbch/,200,exact,"…tion Location Singleton Park Campus Start Date Tuition Fees - Year 1 Sep 2026 £ 48,350 Sep 2027 £ 50,750 Discover Swansea at our next Open Day Book your place today O…",2026-10-04
course:imperial/a100:clinical_years_fee_differs:2026/27,6,"International fees and costs","Imperial College London · Medicine MBBS/BSc",clinical_years_fee_differs,No,https://www.theukcatpeople.co.uk/post/uk-medical-school-tuition-fees-for-international-students-to-study-medicine,200,none,,2026-10-04
course:kings-college-london/a100:clinical_years_fee_differs:2026/27,6,"International fees and costs","King's College London · MBBS Medicine",clinical_years_fee_differs,No,https://www.theukcatpeople.co.uk/post/uk-medical-school-tuition-fees-for-international-students-to-study-medicine,200,none,,2026-10-04
course:east-anglia/a100:clinical_years_fee_differs:2026/27,6,"International fees and costs","University of East Anglia · MBBS Medicine",clinical_years_fee_differs,No,https://www.theukcatpeople.co.uk/post/uk-medical-school-tuition-fees-for-international-students-to-study-medicine,200,none,,2026-10-04
course:brighton-sussex/a100:international_fee_gbp:2026/27,6,"International fees and costs","Brighton and Sussex Medical School · BM BS Medicine",international_fee_gbp,"£49,000",https://www.theukcatpeople.co.uk/post/uk-medical-school-tuition-fees-for-international-students-to-study-medicine,200,exact,"…MBS, 5 years £48,900 Brighton and Sussex Medical School England BM BS, 5 years £49,000 University of Worcester England MBChB, 4 years £49,300 Brunel University of Lon…",2026-10-04
course:lancashire/medicine:international_fee_gbp:2026/27,6,"International fees and costs","University of Lancashire · Medicine & Surgery MBBS",international_fee_gbp,"£49,950",https://www.theukcatpeople.co.uk/post/uk-medical-school-tuition-fees-for-international-students-to-study-medicine,200,exact,"…5 years £49,750 Queen Mary University of London (Barts) England MBBS, 5 years £49,950 University of Central Lancashire (UCLan) England MBBS, 5 years £49,950 Universi…",2026-10-04
course:imperial/a100:international_fee_gbp:2026/27,6,"International fees and costs","Imperial College London · Medicine MBBS/BSc",international_fee_gbp,"£58,600",https://www.theukcatpeople.co.uk/post/uk-medical-school-tuition-fees-for-international-students-to-study-medicine,200,exact,"…expensive: Cambridge (£70,554), Glasgow (£62,730) and Imperial College London (£58,600). Full degree (5 to 6 years): roughly £230,000 at the cheaper schools to over £…",2026-10-04
course:kings-college-london/a100:international_fee_gbp:2026/27,6,"International fees and costs","King's College London · MBBS Medicine",international_fee_gbp,"£56,800",https://www.theukcatpeople.co.uk/post/uk-medical-school-tuition-fees-for-international-students-to-study-medicine,200,exact,"…ee Scotland MBChB, 5 years £55,900 King's College London England MBBS, 5 years £56,800 University College London (UCL) England MBBS, 6 years £57,300 Imperial College…",2026-10-04
course:east-anglia/a100:international_fee_gbp:2026/27,6,"International fees and costs","University of East Anglia · MBBS Medicine",international_fee_gbp,"£47,500",https://www.theukcatpeople.co.uk/post/uk-medical-school-tuition-fees-for-international-students-to-study-medicine,200,exact,"…ChB, 5 years £47,000 University of East Anglia (Norwich) England MBBS, 5 years £47,500 St Mary's University, Twickenham England MBBS, 5 years £48,000 (international s…",2026-10-04
course:aston/a100:clinical_years_fee_differs:2026/27,6,"International fees and costs","Aston University · MBChB Medicine",clinical_years_fee_differs,No,https://www.topuniversities.com/universities/aston-university/undergrad/medicine-mbchb,403,fetch_failed,,2026-10-04
course:aston/a100:international_fee_gbp:2026/27,6,"International fees and costs","Aston University · MBChB Medicine",international_fee_gbp,"£47,000",https://www.topuniversities.com/universities/aston-university/undergrad/medicine-mbchb,403,fetch_failed,,2026-10-04
course:ucl/medicine:clinical_years_fee_differs:2026/27,6,"International fees and costs","University College London · MBBS",clinical_years_fee_differs,Yes,https://www.ucl.ac.uk/prospective-students/undergraduate/degrees/medicine-mbbs-bsc-2026,403,fetch_failed,,2026-10-04
course:ucl/medicine:international_fee_gbp:2026/27,6,"International fees and costs","University College London · MBBS",international_fee_gbp,"£57,300",https://www.ucl.ac.uk/prospective-students/undergraduate/degrees/medicine-mbbs-bsc-2026,403,fetch_failed,,2026-10-04
course:ulster/graduate-entry:clinical_years_fee_differs:2026/27,6,"International fees and costs","Ulster University · Medicine MBBS (Graduate Entry, 4 years)",clinical_years_fee_differs,No,https://www.ulster.ac.uk/student/fees/tuition-fees/international/tuition-fees-202627-international-and-eu-excluding-roi,403,fetch_failed,,2026-10-04
course:ulster/graduate-entry:international_fee_gbp:2026/27,6,"International fees and costs","Ulster University · Medicine MBBS (Graduate Entry, 4 years)",international_fee_gbp,"£39,630",https://www.ulster.ac.uk/student/fees/tuition-fees/international/tuition-fees-202627-international-and-eu-excluding-roi,403,fetch_failed,,2026-10-04
course:cambridge/a100:clinical_years_fee_differs:2026/27,6,"International fees and costs","University of Cambridge · Medicine MB BChir",clinical_years_fee_differs,No,https://www.undergraduate.study.cam.ac.uk/files/publications/undergraduate_tuition_fees_2026-27.pdf,"200 pdf",fetch_failed,,2026-10-04
course:cambridge/a100:international_fee_gbp:2026/27,6,"International fees and costs","University of Cambridge · Medicine MB BChir",international_fee_gbp,"£70,554",https://www.undergraduate.study.cam.ac.uk/files/publications/undergraduate_tuition_fees_2026-27.pdf,"200 pdf",fetch_failed,,2026-10-04
topic:student-visa:ihs_per_year_gbp:2026,7,"Visa and immigration","UK Student visa (Nigeria → UK)",ihs_per_year_gbp,"£1,035",https://www.gov.uk/healthcare-immigration-application/how-much-pay,200,exact,"…and immigration applicants who are under the age of 18 at time of application £1,035 per year for all other visa and immigration applications, for example £3,105 fo…",2026-10-04
topic:student-visa:dependants:2026,7,"Visa and immigration","UK Student visa (Nigeria → UK)",dependants,"Undergraduate students cannot bring dependants (rule in force since January 2024)",https://www.gov.uk/student-visa,200,none,,2026-10-04
topic:student-visa:work_term_time:2026,7,"Visa and immigration","UK Student visa (Nigeria → UK)",work_term_time,"Up to 20 hours per week during term time for degree-level students; full-time in vacations; no self-employment",https://www.gov.uk/student-visa,200,none,,2026-10-04
topic:student-visa:maintenance_london_monthly_gbp:2026,7,"Visa and immigration","UK Student visa (Nigeria → UK)",maintenance_london_monthly_gbp,"£1,483",https://www.gov.uk/student-visa/money,200,none,,2026-10-04
topic:student-visa:maintenance_outside_london_monthly_gbp:2026,7,"Visa and immigration","UK Student visa (Nigeria → UK)",maintenance_outside_london_monthly_gbp,"£1,136",https://www.gov.uk/student-visa/money,200,none,,2026-10-04
topic:student-visa:tb_test:2026,7,"Visa and immigration","UK Student visa (Nigeria → UK)",tb_test,"Applicants from Nigeria must take a tuberculosis test at an approved clinic before applying",https://www.gov.uk/tb-test-visa,200,partial,"…Tuberculosis tests for visa applicants: Check if you need a TB test for your visa application - GOV.UK Cookies on GOV.UK We use some essential cookies to make this website work. We’d like to set addi",2026-10-04
topic:graduate-visa:length:2027,8,"Graduate and work rules","Graduate visa (post-study work)",length,"18 months for applications made on or after 1 January 2027 (previously 2 years)",https://www.gov.uk/graduate-visa,200,exact,"…s if you apply on or before 31 December 2026 18 months if you apply on or after 1 January 2027 If you have a PhD or other doctoral qualification, it will last for 3 years. Your visa will sta…",2026-10-04
course:kings-college-london/a100:interview_format,9,"Application routes","King's College London · MBBS Medicine",interview_format,"MMI, 7 stations, online via MS Teams for 2027 entry (lead)",https://bluepeanut.com/medical-school-interviews-guides/kings-college-london-kcl-medical-school-interview-questions-format-dates-stats-and-expert-tips,200,exact,"…KCL Interview Questions 2027 Entry: The Complete Guide — Blue Peanut Medical Skip to Content Open Menu Close Menu Home Admissions Package Interview Medical School Interview MMI Circuits Prem…",2026-10-04
course:kent-medway/a100:admissions_test,9,"Application routes","Kent and Medway Medical School · BM BS Medicine",admissions_test,"UCAT (all applicants; threshold set annually)",https://kmms.ac.uk/entry-requirements-2027/,200,none,,2026-10-04
course:kent-medway/a100:application_route,9,"Application routes","Kent and Medway Medical School · BM BS Medicine",application_route,UCAS,https://kmms.ac.uk/study/applying/,200,exact,"…will not host a Welcome Wednesday session during public holidays or during the UCAS embargo period. In this section Study Developing you as a doctor Supporting you…",2026-10-04
course:kent-medway/a100:interview_format,9,"Application routes","Kent and Medway Medical School · BM BS Medicine",interview_format,"MMI: six 7-minute stations plus 40-minute group station, Dec-Jan (international dates TBC)",https://kmms.ac.uk/study/applying/,200,none,,2026-10-04
course:leicester/a100:application_route,9,"Application routes","University of Leicester · Medicine MBChB",application_route,UCAS,https://le.ac.uk/study/medicine/entry-requirements/mbchb-2027,403,fetch_failed,,2026-10-04
course:greater-manchester/medicine:intake_month,9,"Application routes","University of Greater Manchester · MBChB Medicine",intake_month,September,https://medicine.greatermanchester.ac.uk/medicine-mbchb-2026-academic-requirements/,403,fetch_failed,,2026-10-04
course:greater-manchester/medicine:interview_format,9,"Application routes","University of Greater Manchester · MBChB Medicine",interview_format,"Online/virtual interview comprising a series of mini-interviews and tests (MMI-style)",https://medicine.greatermanchester.ac.uk/medicine-mbchb-2026-academic-requirements/,403,fetch_failed,,2026-10-04
course:greater-manchester/medicine:admissions_test,9,"Application routes","University of Greater Manchester · MBChB Medicine",admissions_test,"UCAT required for the September 2028 cohort onwards; requirements for earlier cohorts may differ - 2027 requirement NOT confirmed in this session",https://medicine.greatermanchester.ac.uk/undergraduate-medical-school/,403,fetch_failed,,2026-10-04
course:greater-manchester/medicine:application_route,9,"Application routes","University of Greater Manchester · MBChB Medicine",application_route,"Direct to the university (registration portal on the medical school site); no UCAS listing found",https://medicine.greatermanchester.ac.uk/undergraduate-medical-school/register/,403,fetch_failed,,2026-10-04
course:edge-hill/a100:interview_format,9,"Application routes","Edge Hill University · MBChB Medicine",interview_format,MMI,https://nextgenmedprep.com/medical-schools/edge-hill/how-to-get-in,200,exact,"…gsUK Dental School RankingsGraduate Entry MedicineContextual Offers for MedicineMMI interview guideSchools that use the MMISchools that use panel interviewsSchools…",2026-10-04
course:aston/a100:admissions_test,9,"Application routes","Aston University · MBChB Medicine",admissions_test,"UCAT (must be sat in year of application); from 2027 entry overseas applicants ranked for MMI on UCAT total score only",https://www.aston.ac.uk/hls/aston-medical-school/advice-zone/faq,200,exact,"…a guarantee or predictor of likely outcomes for future entry. Please note, from 2027 entry onwards, Overseas applicants will not receive academic scores and will be ranked for MMI on UCAT to…",2026-10-04
course:aston/a100:interview_format,9,"Application routes","Aston University · MBChB Medicine",interview_format,"MMI, online, 7 stations of ~7 minutes, Dec-Mar",https://www.aston.ac.uk/hls/aston-medical-school/advice-zone/faq,200,none,,2026-10-04
course:birmingham/a100:application_route,9,"Application routes","University of Birmingham · MBChB Medicine and Surgery (five-year)",application_route,UCAS,https://www.birmingham.ac.uk/documents/college-mds/medical-school/mbchb-admissions-statistics-sept-2024.pdf,404,fetch_failed,,2026-10-04
course:bristol/a100:application_route,9,"Application routes","University of Bristol · MB ChB Medicine",application_route,UCAS,https://www.bristol.ac.uk/study/undergraduate/2027/medicine/mb-chb-medicine/,200,exact,"…not available for this courseApplication deadlineThe closing date for Medicine UCAS applications is 15 October. UCAS advises that no more than four choices from a…",2026-10-04
course:brunel/a100:admissions_test,9,"Application routes","Brunel University of London · Medicine MBBS",admissions_test,"Home applicants: UCAT or GAMSAT; international applicants: no admissions test required",https://www.brunel.ac.uk/brunel-medical-school/documents/pdf/MBBS-FAQ-January-2024.pdf,"200 pdf",fetch_failed,,2026-10-04
course:brunel/a100:interview_format,9,"Application routes","Brunel University of London · Medicine MBBS",interview_format,"MMI, online, asynchronous",https://www.brunel.ac.uk/brunel-medical-school/documents/pdf/MBBS-FAQ-January-2024.pdf,"200 pdf",fetch_failed,,2026-10-04
course:brunel/a100:application_route,9,"Application routes","Brunel University of London · Medicine MBBS",application_route,"UCAS or direct to Brunel (international fee status; direct deadline 30 June 2027, may close earlier)",https://www.brunel.ac.uk/study/courses/medicine-mbbs,200,exact,"…rnational fee status: Please apply either through UCAS or directly to Brunel by 30 June 2027. Please note, the direct application deadline may close earlier, subject to course vacancies, so…",2026-10-04
course:brighton-sussex/a100:admissions_test,9,"Application routes","Brighton and Sussex Medical School · BM BS Medicine",admissions_test,"UCAT (SJT band 1-3 required; ranked on total score)",https://www.bsms.ac.uk/undergraduate/applying-to-bsms/admissions-process.aspx,200,none,,2026-10-04
course:brighton-sussex/a100:application_route,9,"Application routes","Brighton and Sussex Medical School · BM BS Medicine",application_route,UCAS,https://www.bsms.ac.uk/undergraduate/applying-to-bsms/admissions-process.aspx,200,exact,"…T) in Summer 2026. FIND OUT MORE ABOUT UCAT > Step 2 Submit your application to UCAS by the required date in October 2026. UCAS institution code name: BSMS UCAS ins…",2026-10-04
course:brighton-sussex/a100:interview_format,9,"Application routes","Brighton and Sussex Medical School · BM BS Medicine",interview_format,"MMI, Dec 2026 - Feb 2027; in person or via Zoom",https://www.bsms.ac.uk/undergraduate/applying-to-bsms/admissions-process.aspx,200,exact,"…027. Step 1 You must sit the University Clinical Aptitude Test (UCAT) in Summer 2026. FIND OUT MORE ABOUT UCAT > Step 2 Submit your application to UCAS by the required date in October 2026.…",2026-10-04
course:cardiff/a100:application_route,9,"Application routes","Cardiff University · Medicine MBBCh",application_route,UCAS,https://www.cardiff.ac.uk/study/undergraduate/courses/course/medicine-mbbch,403,fetch_failed,,2026-10-04
course:chester/a101:admissions_test,9,"Application routes","University of Chester · Graduate Entry Medicine MBChB",admissions_test,"UCAT, GAMSAT or MCAT (any one, minimum threshold)",https://www.chester.ac.uk/international/how-to-apply/applying-for-graduate-entry-medicine/,200,none,,2026-10-04
course:chester/a101:application_route,9,"Application routes","University of Chester · Graduate Entry Medicine MBChB",application_route,UCAS,https://www.chester.ac.uk/international/how-to-apply/applying-for-graduate-entry-medicine/,200,exact,"…international students who hold an undergraduate degree. You can apply through UCAS. Book your place on an upcoming information event to find out more about the Gr…",2026-10-04
course:exeter/a100:application_route,9,"Application routes","University of Exeter · BMBS Medicine",application_route,UCAS,https://www.exeter.ac.uk/undergraduate-degrees/bmbs-medicine/,200,exact,"…our future Intercalation Home Study Undergraduate Degrees BMBS Medicine Summary UCAS code A100 Duration 5 years Entry year 2027 Campus St Luke’s and Truro Typical o…",2026-10-04
course:exeter/a100:admissions_test,9,"Application routes","University of Exeter · BMBS Medicine",admissions_test,"UCAT (approx 75% academic / 25% UCAT weighting for interview selection)",https://www.exeter.ac.uk/v8media/recruitmentsites/documents/BMBS_Admissions_Policy_2026_(V4).pdf,"200 pdf",fetch_failed,,2026-10-04
course:exeter/a100:interview_format,9,"Application routes","University of Exeter · BMBS Medicine",interview_format,"MMI, Dec-Mar",https://www.exeter.ac.uk/v8media/recruitmentsites/documents/BMBS_Admissions_Policy_2026_(V4).pdf,"200 pdf",fetch_failed,,2026-10-04
course:hertfordshire/medicine:intake_month,9,"Application routes","University of Hertfordshire · MBBS",intake_month,September,https://www.herts.ac.uk/about-us/news-and-events/news/2025/hertfordshire-medical-school-to-train-next-generation-of-doctors,403,fetch_failed,,2026-10-04
course:hull-york/a100:admissions_test,9,"Application routes","Hull York Medical School · MB BS Medicine",admissions_test,"UCAT (points: decile up to 35, SJT band up to 15, GCSEs up to 35, contextual up to 15; SJT Band 4 not interviewed)",https://www.hyms.ac.uk/medicine/applying/selection-procedure,200,partial,"…ical order and invite the top scoring applicants to interview. GCSE results (35 points) - Applications will be given an academic score based upon the best six achieved grades at GCSE for Medicine, or",2026-10-04
course:hull-york/a100:application_route,9,"Application routes","Hull York Medical School · MB BS Medicine",application_route,UCAS,https://www.hyms.ac.uk/medicine/applying/selection-procedure,200,exact,"…their achievements and potential. We use contextual information alongside your UCAS application so we can build a complete picture of you as an applicant, your cha…",2026-10-04
course:hull-york/a100:interview_format,9,"Application routes","Hull York Medical School · MB BS Medicine",interview_format,"Graded station interview incl. group exercise; overseas applicants online via Zoom in December",https://www.hyms.ac.uk/medicine/applying/selection-procedure,200,partial,"…ltiple Mini Interviews (MMIs), where applicants rotate around a series of short stations. Please visit our interviews page, which explains what happens during our Multiple Mini Interviews (MMIs), as ",2026-10-04
course:imperial/a100:admissions_test,9,"Application routes","Imperial College London · Medicine MBBS/BSc",admissions_test,"UCAT (same year as application); overseas threshold total 2310, SJT Band 4 discounted (2026 cycle)",https://www.imperial.ac.uk/media/imperial-college/medicine/study/undergraduate/A100-FOI-FAQs-2026--v2.pdf,"200 pdf",fetch_failed,,2026-10-04
course:imperial/a100:interview_format,9,"Application routes","Imperial College London · Medicine MBBS/BSc",interview_format,"MMI: asynchronous recorded component then live MMI of 7 stations (~5 min), Jan-Feb",https://www.imperial.ac.uk/media/imperial-college/medicine/study/undergraduate/A100-FOI-FAQs-2026--v2.pdf,"200 pdf",fetch_failed,,2026-10-04
course:imperial/a100:application_route,9,"Application routes","Imperial College London · Medicine MBBS/BSc",application_route,UCAS,https://www.imperial.ac.uk/study/courses/undergraduate/medicine/,200,exact,"…art your career with an MBBS and BSc qualification. Submit your application via UCAS Add to course compare Course details Overview Structure Teaching and assessment…",2026-10-04
course:keele/a100:admissions_test,9,"Application routes","Keele University · MBChB Medicine",admissions_test,"UCAT (international: total >= 1950 and SJT band 1-3, else auto-reject; ranked on total UCAT only)",https://www.keele.ac.uk/study/undergraduate/undergraduatecourses/medicine/medicinehowtoapply/,200,partial,"…e taken into account for applications made after the year following year 13/S6. International applicants: shortlisting for interview is based on ranking by UCAT score. Applicants must have a total sc",2026-10-04
course:keele/a100:application_route,9,"Application routes","Keele University · MBChB Medicine",application_route,UCAS,https://www.keele.ac.uk/study/undergraduate/undergraduatecourses/medicine/medicinehowtoapply/,200,exact,"…cations must be submitted via the Universities and Colleges Admissions Service (UCAS). We do not accept direct applications. The UCAS deadline for submissions is 15…",2026-10-04
course:keele/a100:interview_format,9,"Application routes","Keele University · MBChB Medicine",interview_format,MMI,https://www.keele.ac.uk/study/undergraduate/undergraduatecourses/medicine/medicinehowtoapply/,200,exact,"…cine Medicine how to apply How to apply for Medicine A100 Keele University is committed to graduating excellent clinicians. The admissions process is designed to s…",2026-10-04
course:lancashire/medicine:application_route,9,"Application routes","University of Lancashire · Medicine & Surgery MBBS",application_route,"UCAS or direct application portal (international applicants may apply direct after the UCAS deadline subject to places)",https://www.lancashire.ac.uk/undergraduate/courses/medicine-mbbs,200,partial,"…ntific knowledge to the subject of medicine. You'll also develop skills in self-directed learning. Module code UM1011 Evidence Informed Practice of Medicine 1 This module introduces you to social sci",2026-10-04
course:liverpool/a100:application_route,9,"Application routes","University of Liverpool · A100 5-year Programme (MBChB)",application_route,UCAS,"https://www.liverpool.ac.uk/media/livacuk/schoolofmedicine/admissions/A100,Departmental,Supplement,E2027.pdf","200 pdf",fetch_failed,,2026-10-04
course:manchester/a100:application_route,9,"Application routes","University of Manchester · MBChB Medicine",application_route,UCAS,https://www.manchester.ac.uk/study/undergraduate/courses/2027/01428/mbchb-medicine/,200,exact,"…MBChB Medicine Share Home Study Undergraduate Courses 2027 entry Apply through UCAS UCAS course code A106 UCAS institution code M20 Attend an open day Discover mor…",2026-10-04
course:anglia-ruskin/a100:application_route,9,"Application routes","Anglia Ruskin University · MBChB Medicine",application_route,UCAS,https://www.medschools.ac.uk/courses/anglia-ruskin-medicine-a100/,403,fetch_failed,,2026-10-04
course:anglia-ruskin/a100:intake_month,9,"Application routes","Anglia Ruskin University · MBChB Medicine",intake_month,September,https://www.medschools.ac.uk/courses/anglia-ruskin-medicine-a100/,403,fetch_failed,,2026-10-04
course:aston/a100:application_route,9,"Application routes","Aston University · MBChB Medicine",application_route,UCAS,https://www.medschools.ac.uk/courses/aston-university-mbchb-medicine-a100/,403,fetch_failed,,2026-10-04
course:edge-hill/a100:application_route,9,"Application routes","Edge Hill University · MBChB Medicine",application_route,UCAS,https://www.medschools.ac.uk/courses/edge-hill-medicine-a100/,403,fetch_failed,,2026-10-04
course:edge-hill/a100:intake_month,9,"Application routes","Edge Hill University · MBChB Medicine",intake_month,September,https://www.medschools.ac.uk/courses/edge-hill-medicine-a100/,403,fetch_failed,,2026-10-04
course:leeds/a100:application_route,9,"Application routes","University of Leeds · MBChB Medicine and Surgery",application_route,UCAS,https://www.medschools.ac.uk/courses/leeds-medicine-a100/,403,fetch_failed,,2026-10-04
course:pears-cumbria/a102:admissions_test,9,"Application routes","Pears Cumbria School of Medicine · Medicine (Graduate Entry) MBBS",admissions_test,"GAMSAT or UCAT (ranked on score; no fixed minimum published for 2027)",https://www.medschools.ac.uk/courses/pears-cumbria-medicine-a102/,403,fetch_failed,,2026-10-04
course:worcester/a101:application_route,9,"Application routes","University of Worcester · Medicine (Graduate Entry) MBChB",application_route,UCAS,https://www.medschools.ac.uk/courses/worcester-three-counties-medical-school-mbchb-medicine-a101/,403,fetch_failed,,2026-10-04
course:newcastle/a100:application_route,9,"Application routes","Newcastle University · Medicine and Surgery MB BS",application_route,UCAS,https://www.ncl.ac.uk/undergraduate/degrees/a100/,200,exact,"…Students Step-by-Step Guide for International and EU Students Applying through UCAS Entry RequirementsA and AS Levels Personal statements Application Decisions Acc…",2026-10-04
course:nottingham/medicine:application_route,9,"Application routes","University of Nottingham · Medicine BMBS (Hons)",application_route,UCAS,https://www.nottingham.ac.uk/studywithus/ugstudy/courses/UG/Medicine-BMBS.html,200,exact,"…sit us Current students Alumni UK Malaysia China Medicine - U6UBMBSC3 BMBS Hons UCAS Code A100 University of Nottingham Find your Nottingham See all courses Medicin…",2026-10-04
course:queen-mary-london/a100:admissions_test,9,"Application routes","Queen Mary University of London · MBBS Medicine",admissions_test,"UCAT (minimum: at or above 4th decile to be considered for interview)",https://www.qmul.ac.uk/fmd/study/undergraduate/courses/a100/selection-criteria/,200,partial,"…rtlisting: Applied by the UCAS deadline of 15 October Predicted or achieved the minimum academic entry requirements Sit UCAT in the year of application Achieve an overall score within the fourth deci",2026-10-04
course:queen-mary-london/a100:application_route,9,"Application routes","Queen Mary University of London · MBBS Medicine",application_route,UCAS,https://www.qmul.ac.uk/fmd/study/undergraduate/courses/a100/selection-criteria/,200,exact,"…criteria is used to assess applicants in the first shortlisting: Applied by the UCAS deadline of 15 October Predicted or achieved the minimum academic entry require…",2026-10-04
course:queen-mary-london/a100:intake_month,9,"Application routes","Queen Mary University of London · MBBS Medicine",intake_month,September,https://www.qmul.ac.uk/fmd/study/undergraduate/courses/a100/selection-criteria/,200,exact,"…London is highly competitive. The number of places expected to be available for September 2027 to the five-year MBBS (A100) degree programme is 311 Home students and up…",2026-10-04
course:queen-mary-london/a100:interview_format,9,"Application routes","Queen Mary University of London · MBBS Medicine",interview_format,"Online panel interview (two senior staff, sometimes a lay selector), Jan-Feb 2027",https://www.qmul.ac.uk/fmd/study/undergraduate/courses/a100/selection-criteria/,200,exact,"…highly competitive. The number of places expected to be available for September 2027 to the five-year MBBS (A100) degree programme is 311 Home students and up to 24 Overseas students. A rang…",2026-10-04
course:buckingham/medicine:admissions_test,9,"Application routes","University of Buckingham · MB ChB Medicine",admissions_test,"None (no UCAT; in-house three-stage selection)",https://www.themedicportal.com/blog/which-uk-medical-schools-do-not-require-ucat/,403,fetch_failed,,2026-10-04
course:buckingham/medicine:application_route,9,"Application routes","University of Buckingham · MB ChB Medicine",application_route,"UCAS or direct via university website",https://www.themedicportal.com/school/university-of-buckingham/,403,fetch_failed,,2026-10-04
course:anglia-ruskin/a100:interview_format,9,"Application routes","Anglia Ruskin University · MBChB Medicine",interview_format,MMI,https://www.theukcatpeople.co.uk/guide/medical-school/medicine/university-of-anglia-ruskin,200,exact,"…g Pharmacy interview tutoring Dental hygiene interview tutoring Mock interviews MMI/panel Interview Guide 2027 Entry MMI Interview Guide 2027 Entry Medical Ethics…",2026-10-04
course:kings-college-london/a100:application_route,9,"Application routes","King's College London · MBBS Medicine",application_route,UCAS,https://www.theukcatpeople.co.uk/guide/medical-school/medicine/university-of-kings-college-london-,200,exact,"…w Questions Vet Interview Questions Per Uni Interview Q&A Guide (300+) Medicine UCAS Guide 2027 Entry UK Medical Schools & Rankings Free Work Experience Finder Free…",2026-10-04
course:lancashire/medicine:admissions_test,9,"Application routes","University of Lancashire · Medicine & Surgery MBBS",admissions_test,"UCAT expected for UK applicants; NOT required for international applicants",https://www.theukcatpeople.co.uk/guide/medical-school/medicine/university-of-uclan-,200,partial,"…lection panel criteria, but rather are designed to evaluate the wider abilities expected of MBBS students. UCLan Medical Interview Questions 2026 & Likely Topics These are suggested practice question",2026-10-04
topic:ucas-2027:document_upload:2027,9,"Application routes","UCAS 2027 entry",document_upload,"Applicants can upload supporting documents (up to 30 files, 5 MB each) such as certificates, transcripts, translations, English certificates and passport",https://www.ucas.com/,200,none,,2026-10-04
topic:ucas-2027:agent_statement:2027,9,"Application routes","UCAS 2027 entry",agent_statement,"UCAS states applicants are not disadvantaged by applying without an agent; agents may register as UCAS centres (a UK university reference is required)",https://www.ucas.com/advisers/international-advisers,404,fetch_failed,,2026-10-04
course:pears-cumbria/a102:application_route,9,"Application routes","Pears Cumbria School of Medicine · Medicine (Graduate Entry) MBBS",application_route,"UCAS (deadline 15 Oct 2026 18:00 UK)",https://www.ucas.com/explore/courses/57772005-274b-4cb3-a141-e51d2290535e/medicine-graduate-entry-pears-cumbria-school-of-medicine?studyYear=2027,403,fetch_failed,,2026-10-04
course:pears-cumbria/a102:intake_month,9,"Application routes","Pears Cumbria School of Medicine · Medicine (Graduate Entry) MBBS",intake_month,"September (start 7 Sept 2027)",https://www.ucas.com/explore/courses/57772005-274b-4cb3-a141-e51d2290535e/medicine-graduate-entry-pears-cumbria-school-of-medicine?studyYear=2027,403,fetch_failed,,2026-10-04
topic:ucas-2027:max_medicine_choices:2027,9,"Application routes","UCAS 2027 entry",max_medicine_choices,"4 of 5 choices may be medicine; the fifth must be a different course",https://www.ucas.com/undergraduate/applying-university/ucas-undergraduate-filling-your-application,404,fetch_failed,,2026-10-04
topic:ucas-2027:applications_open:2027,9,"Application routes","UCAS 2027 entry",applications_open,"12 May 2026",https://www.ucas.com/undergraduate/applying-university/ucas-undergraduate-when-apply,200,none,,2026-10-04
topic:ucas-2027:clearing_opens:2027,9,"Application routes","UCAS 2027 entry",clearing_opens,"2 July 2027",https://www.ucas.com/undergraduate/applying-university/ucas-undergraduate-when-apply,200,none,,2026-10-04
topic:ucas-2027:extra_opens:2027,9,"Application routes","UCAS 2027 entry",extra_opens,"25 February 2027",https://www.ucas.com/undergraduate/applying-university/ucas-undergraduate-when-apply,200,none,,2026-10-04
topic:ucas-2027:final_date:2027,9,"Application routes","UCAS 2027 entry",final_date,"23 September 2027",https://www.ucas.com/undergraduate/applying-university/ucas-undergraduate-when-apply,200,none,,2026-10-04
topic:ucas-2027:submission_opens:2027,9,"Application routes","UCAS 2027 entry",submission_opens,"1 September 2026",https://www.ucas.com/undergraduate/applying-university/ucas-undergraduate-when-apply,200,none,,2026-10-04
topic:ucas-2027:personal_statement_format:2027,9,"Application routes","UCAS 2027 entry",personal_statement_format,"Three structured questions, 4,000 characters in total (minimum 350 per answer)",https://www.ucas.com/undergraduate/applying-university/writing-your-personal-statement,200,partial,"missing 350 · …o write your personal statement We talk you through how to make the most of the 4,000 characters and write a personal statement that stands out. The personal statement builder It can be",2026-10-04
course:anglia-ruskin/a100:admissions_test,9,"Application routes","Anglia Ruskin University · MBChB Medicine",admissions_test,UCAT,https://www.ucat.ac.uk/about-ucat/universities/,200,exact,"…Universities | UCAT Consortium About UCAT UCAT Essentials Eligibility UCAT Test Dates Universities Test Format and Scoring Register Booking your Test Returning cand…",2026-10-04
course:birmingham/a100:admissions_test,9,"Application routes","University of Birmingham · MBChB Medicine and Surgery (five-year)",admissions_test,UCAT,https://www.ucat.ac.uk/about-ucat/universities/,200,exact,"…Universities | UCAT Consortium About UCAT UCAT Essentials Eligibility UCAT Test Dates Universities Test Format and Scoring Register Booking your Test Returning cand…",2026-10-04
course:bristol/a100:admissions_test,9,"Application routes","University of Bristol · MB ChB Medicine",admissions_test,UCAT,https://www.ucat.ac.uk/about-ucat/universities/,200,exact,"…Universities | UCAT Consortium About UCAT UCAT Essentials Eligibility UCAT Test Dates Universities Test Format and Scoring Register Booking your Test Returning cand…",2026-10-04
course:edge-hill/a100:admissions_test,9,"Application routes","Edge Hill University · MBChB Medicine",admissions_test,"UCAT (ranked on score; SJT Band 4 rejected)",https://www.ucat.ac.uk/about-ucat/universities/,200,none,,2026-10-04
course:kings-college-london/a100:admissions_test,9,"Application routes","King's College London · MBBS Medicine",admissions_test,"UCAT (compulsory for all applicants worldwide, same calendar year)",https://www.ucat.ac.uk/about-ucat/universities/,200,none,,2026-10-04
course:lancaster/medicine:admissions_test,9,"Application routes","Lancaster University · Medicine",admissions_test,UCAT,https://www.ucat.ac.uk/about-ucat/universities/,200,exact,"…Universities | UCAT Consortium About UCAT UCAT Essentials Eligibility UCAT Test Dates Universities Test Format and Scoring Register Booking your Test Returning cand…",2026-10-04
course:leicester/a100:admissions_test,9,"Application routes","University of Leicester · Medicine MBChB",admissions_test,UCAT,https://www.ucat.ac.uk/about-ucat/universities/,200,exact,"…Universities | UCAT Consortium About UCAT UCAT Essentials Eligibility UCAT Test Dates Universities Test Format and Scoring Register Booking your Test Returning cand…",2026-10-04
course:liverpool/a100:admissions_test,9,"Application routes","University of Liverpool · A100 5-year Programme (MBChB)",admissions_test,UCAT,https://www.ucat.ac.uk/about-ucat/universities/,200,exact,"…Universities | UCAT Consortium About UCAT UCAT Essentials Eligibility UCAT Test Dates Universities Test Format and Scoring Register Booking your Test Returning cand…",2026-10-04
course:manchester/a100:admissions_test,9,"Application routes","University of Manchester · MBChB Medicine",admissions_test,UCAT,https://www.ucat.ac.uk/about-ucat/universities/,200,exact,"…Universities | UCAT Consortium About UCAT UCAT Essentials Eligibility UCAT Test Dates Universities Test Format and Scoring Register Booking your Test Returning cand…",2026-10-04
course:newcastle/a100:admissions_test,9,"Application routes","Newcastle University · Medicine and Surgery MB BS",admissions_test,UCAT,https://www.ucat.ac.uk/about-ucat/universities/,200,exact,"…Universities | UCAT Consortium About UCAT UCAT Essentials Eligibility UCAT Test Dates Universities Test Format and Scoring Register Booking your Test Returning cand…",2026-10-04
course:nottingham/medicine:admissions_test,9,"Application routes","University of Nottingham · Medicine BMBS (Hons)",admissions_test,UCAT,https://www.ucat.ac.uk/about-ucat/universities/,200,exact,"…Universities | UCAT Consortium About UCAT UCAT Essentials Eligibility UCAT Test Dates Universities Test Format and Scoring Register Booking your Test Returning cand…",2026-10-04
course:oxford/medicine:admissions_test,9,"Application routes","University of Oxford · Medicine",admissions_test,UCAT,https://www.ucat.ac.uk/about-ucat/universities/,200,exact,"…Universities | UCAT Consortium About UCAT UCAT Essentials Eligibility UCAT Test Dates Universities Test Format and Scoring Register Booking your Test Returning cand…",2026-10-04
course:plymouth/medicine:admissions_test,9,"Application routes","University of Plymouth · Medicine",admissions_test,UCAT,https://www.ucat.ac.uk/about-ucat/universities/,200,exact,"…Universities | UCAT Consortium About UCAT UCAT Essentials Eligibility UCAT Test Dates Universities Test Format and Scoring Register Booking your Test Returning cand…",2026-10-04
course:sheffield/medicine:admissions_test,9,"Application routes","University of Sheffield · Medicine",admissions_test,UCAT,https://www.ucat.ac.uk/about-ucat/universities/,200,exact,"…Universities | UCAT Consortium About UCAT UCAT Essentials Eligibility UCAT Test Dates Universities Test Format and Scoring Register Booking your Test Returning cand…",2026-10-04
course:southampton/medicine:admissions_test,9,"Application routes","University of Southampton · Medicine",admissions_test,UCAT,https://www.ucat.ac.uk/about-ucat/universities/,200,exact,"…Universities | UCAT Consortium About UCAT UCAT Essentials Eligibility UCAT Test Dates Universities Test Format and Scoring Register Booking your Test Returning cand…",2026-10-04
course:sunderland/medicine:admissions_test,9,"Application routes","University of Sunderland · Medicine",admissions_test,UCAT,https://www.ucat.ac.uk/about-ucat/universities/,200,exact,"…Universities | UCAT Consortium About UCAT UCAT Essentials Eligibility UCAT Test Dates Universities Test Format and Scoring Register Booking your Test Returning cand…",2026-10-04
course:ucl/medicine:admissions_test,9,"Application routes","University College London · MBBS",admissions_test,UCAT,https://www.ucat.ac.uk/about-ucat/universities/,200,exact,"…Universities | UCAT Consortium About UCAT UCAT Essentials Eligibility UCAT Test Dates Universities Test Format and Scoring Register Booking your Test Returning cand…",2026-10-04
course:warwick/medicine:admissions_test,9,"Application routes","University of Warwick · Medicine",admissions_test,"UCAT (Warwick appears in the UCAT consortium list)",https://www.ucat.ac.uk/about-ucat/universities/,200,none,,2026-10-04
course:hertfordshire/medicine:admissions_test,9,"Application routes","University of Hertfordshire · MBBS",admissions_test,"UCAT (University of Hertfordshire appears in UCAT consortium list)",https://www.ucat.ac.uk/about-ucat/universities/,200,partial,"…y in 2027 (or deferred entry in 2028) to a relevant course at a UCAT Consortium University. All applicants should check the entry requirements for each course with the relevant university before book",2026-10-04
course:aberdeen/medicine:admissions_test,9,"Application routes","University of Aberdeen · Medicine",admissions_test,UCAT,https://www.ucat.ac.uk/about-ucat/universities/,200,exact,"…Universities | UCAT Consortium About UCAT UCAT Essentials Eligibility UCAT Test Dates Universities Test Format and Scoring Register Booking your Test Returning cand…",2026-10-04
course:dundee/medicine:admissions_test,9,"Application routes","University of Dundee · Medicine",admissions_test,UCAT,https://www.ucat.ac.uk/about-ucat/universities/,200,exact,"…Universities | UCAT Consortium About UCAT UCAT Essentials Eligibility UCAT Test Dates Universities Test Format and Scoring Register Booking your Test Returning cand…",2026-10-04
course:edinburgh/medicine:admissions_test,9,"Application routes","University of Edinburgh · Medicine",admissions_test,UCAT,https://www.ucat.ac.uk/about-ucat/universities/,200,exact,"…Universities | UCAT Consortium About UCAT UCAT Essentials Eligibility UCAT Test Dates Universities Test Format and Scoring Register Booking your Test Returning cand…",2026-10-04
course:glasgow/medicine:admissions_test,9,"Application routes","University of Glasgow · Medicine",admissions_test,UCAT,https://www.ucat.ac.uk/about-ucat/universities/,200,exact,"…Universities | UCAT Consortium About UCAT UCAT Essentials Eligibility UCAT Test Dates Universities Test Format and Scoring Register Booking your Test Returning cand…",2026-10-04
course:st-andrews/a100:admissions_test,9,"Application routes","University of St Andrews · Medicine BSc (Hons), pre-clinical",admissions_test,UCAT,https://www.ucat.ac.uk/about-ucat/universities/,200,exact,"…Universities | UCAT Consortium About UCAT UCAT Essentials Eligibility UCAT Test Dates Universities Test Format and Scoring Register Booking your Test Returning cand…",2026-10-04
course:cardiff/a100:admissions_test,9,"Application routes","Cardiff University · Medicine MBBCh",admissions_test,UCAT,https://www.ucat.ac.uk/about-ucat/universities/,200,exact,"…Universities | UCAT Consortium About UCAT UCAT Essentials Eligibility UCAT Test Dates Universities Test Format and Scoring Register Booking your Test Returning cand…",2026-10-04
course:ucl/medicine:application_route,9,"Application routes","University College London · MBBS",application_route,UCAS,https://www.ucl.ac.uk/medical-sciences/divisions/medical-school/study/undergraduate/mbbs-admissions/entry-requirements/2027-entry,403,fetch_failed,,2026-10-04
course:east-anglia/a100:admissions_test,9,"Application routes","University of East Anglia · MBBS Medicine",admissions_test,"UCAT (all applicants, year of application; no cut-off score)",https://www.uea.ac.uk/course/undergraduate/mbbs-medicine,405,fetch_failed,,2026-10-04
course:east-anglia/a100:application_route,9,"Application routes","University of East Anglia · MBBS Medicine",application_route,UCAS,https://www.uea.ac.uk/course/undergraduate/mbbs-medicine,405,fetch_failed,,2026-10-04
course:east-anglia/a100:intake_month,9,"Application routes","University of East Anglia · MBBS Medicine",intake_month,September,https://www.uea.ac.uk/course/undergraduate/mbbs-medicine,405,fetch_failed,,2026-10-04
course:east-anglia/a100:interview_format,9,"Application routes","University of East Anglia · MBBS Medicine",interview_format,"MMI, in person on UEA campus",https://www.uea.ac.uk/course/undergraduate/mbbs-medicine,405,fetch_failed,,2026-10-04
course:cambridge/a100:admissions_test,9,"Application routes","University of Cambridge · Medicine MB BChir",admissions_test,"UCAT (cognitive subtests; SJT not used for 2027 entry)",https://www.undergraduate.study.cam.ac.uk/courses/medicine-mb-bchir,200,exact,"…h Give to Cambridge Libraries Museums & collections Breadcrumb Home Courses for 2027 entry Medicine, MB and BChir Undergraduate Study Horizontal menu Home Student life Student life overview…",2026-10-04
course:cambridge/a100:application_route,9,"Application routes","University of Cambridge · Medicine MB BChir",application_route,UCAS,https://www.undergraduate.study.cam.ac.uk/courses/medicine-mb-bchir,200,exact,"…tatistics Mature student applications Second undergraduate degrees How to apply UCAS application Writing your personal statement Admission tests Clinical aptitude t…",2026-10-04
course:cambridge/a100:interview_format,9,"Application routes","University of Cambridge · Medicine MB BChir",interview_format,"College interviews 7-18 December 2026; international applicants normally expected to attend in Cambridge (format - panel/MMI - not confirmed in this session)",https://www.undergraduate.study.cam.ac.uk/courses/medicine-mb-bchir,200,none,,2026-10-04
course:worcester/a101:admissions_test,9,"Application routes","University of Worcester · Medicine (Graduate Entry) MBChB",admissions_test,"UCAT, GAMSAT or MCAT accepted (no hard cut-off)",https://www.worcester.ac.uk/about/academic-schools/medical-school/medical-school-admissions/mbchb-application-faqs.aspx,200,none,,2026-10-04
course:greater-manchester/medicine:course_length_years,10,"Course availability","University of Greater Manchester · MBChB Medicine",course_length_years,5,https://greatermanchester.ac.uk/course/mbchb-medicine-full-time-5-years-university-of-greater-manchester/2026-27,200,none,,2026-10-04
course:kent-medway/a100:ucas_code,10,"Course availability","Kent and Medway Medical School · BM BS Medicine",ucas_code,"A100 (institution code K31)",https://kmms.ac.uk/study/applying/,200,none,,2026-10-04
course:leicester/a100:ucas_code,10,"Course availability","University of Leicester · Medicine MBChB",ucas_code,A100,https://le.ac.uk/study/medicine/entry-requirements/mbchb-2027,403,fetch_failed,,2026-10-04
course:aston/a100:course_length_years,10,"Course availability","Aston University · MBChB Medicine",course_length_years,5,https://www.aston.ac.uk/study/courses/medicine-mbchb,200,none,,2026-10-04
course:birmingham/a100:course_length_years,10,"Course availability","University of Birmingham · MBChB Medicine and Surgery (five-year)",course_length_years,5,https://www.birmingham.ac.uk/about/college-of-medicine-and-health/birmingham-medical-school/applying-to-medicine/entry-requirements-medicine-and-surgery-five-year,200,none,,2026-10-04
course:birmingham/a100:ucas_code,10,"Course availability","University of Birmingham · MBChB Medicine and Surgery (five-year)",ucas_code,A100,https://www.birmingham.ac.uk/documents/college-mds/medical-school/mbchb-admissions-statistics-sept-2024.pdf,404,fetch_failed,,2026-10-04
course:brighton-sussex/a100:course_length_years,10,"Course availability","Brighton and Sussex Medical School · BM BS Medicine",course_length_years,5,https://www.brighton.ac.uk/courses/study/medicine-bm-bs.aspx,200,none,,2026-10-04
course:brighton-sussex/a100:ucas_code,10,"Course availability","Brighton and Sussex Medical School · BM BS Medicine",ucas_code,A100,https://www.brighton.ac.uk/courses/study/medicine-bm-bs.aspx,200,exact,"…al consultant. Key facts Location Falmer and the University of Sussex UCAS code A100 Full-time 5 years What are my next steps? I'd like to start uni in: 2027 2028 A…",2026-10-04
course:bristol/a100:ucas_code,10,"Course availability","University of Bristol · MB ChB Medicine",ucas_code,A100,https://www.bristol.ac.uk/study/media/undergraduate/admissions-statements/2027/medicine.pdf,"200 pdf",fetch_failed,,2026-10-04
course:chester/a101:course_length_years,10,"Course availability","University of Chester · Graduate Entry Medicine MBChB",course_length_years,4,https://www.chester.ac.uk/international/how-to-apply/applying-for-graduate-entry-medicine/,200,none,,2026-10-04
course:scotgem/medicine:graduate_entry_course,10,"Course availability","ScotGEM (St Andrews and Dundee) · Medicine",graduate_entry_course,Yes,https://www.gmc-uk.org/education/how-we-quality-assure-education-and-training/approving-education-and-training/institutions-awarding-uk-medical-degrees/list-of-awarding-bodies-and-new-schools,403,fetch_failed,,2026-10-04
course:kings-college-london/a100:graduate_entry_course,10,"Course availability","King's College London · MBBS Medicine",graduate_entry_course,Yes,https://www.gmc-uk.org/education/how-we-quality-assure-education-and-training/approving-education-and-training/institutions-awarding-uk-medical-degrees/new-schools-and-programmes-under-review,403,fetch_failed,,2026-10-04
course:imperial/a100:ucas_code,10,"Course availability","Imperial College London · Medicine MBBS/BSc",ucas_code,A100,https://www.imperial.ac.uk/media/imperial-college/medicine/study/undergraduate/A100-FOI-FAQs-2026--v2.pdf,"200 pdf",fetch_failed,,2026-10-04
course:pears-cumbria/a102:course_length_years,10,"Course availability","Pears Cumbria School of Medicine · Medicine (Graduate Entry) MBBS",course_length_years,4,https://www.imperial.ac.uk/study/courses/undergraduate/medicine-graduate-entry/,200,none,,2026-10-04
course:imperial/a100:graduate_entry_course,10,"Course availability","Imperial College London · Medicine MBBS/BSc",graduate_entry_course,Yes,https://www.imperial.ac.uk/study/courses/undergraduate/medicine-graduate-entry/,200,none,,2026-10-04
course:keele/a100:ucas_code,10,"Course availability","Keele University · MBChB Medicine",ucas_code,"A100 (also A104 with Health Foundation Year)",https://www.keele.ac.uk/study/undergraduate/undergraduatecourses/medicine/medicinehowtoapply/,200,none,,2026-10-04
course:kent-medway/a100:course_length_years,10,"Course availability","Kent and Medway Medical School · BM BS Medicine",course_length_years,5,https://www.kent.ac.uk/courses/undergraduate/3737/medicine,200,none,,2026-10-04
course:liverpool/a100:course_length_years,10,"Course availability","University of Liverpool · A100 5-year Programme (MBChB)",course_length_years,5,"https://www.liverpool.ac.uk/media/livacuk/schoolofmedicine/admissions/A100,Departmental,Supplement,E2027.pdf","200 pdf",fetch_failed,,2026-10-04
course:liverpool/a100:ucas_code,10,"Course availability","University of Liverpool · A100 5-year Programme (MBChB)",ucas_code,A100,"https://www.liverpool.ac.uk/media/livacuk/schoolofmedicine/admissions/A100,Departmental,Supplement,E2027.pdf","200 pdf",fetch_failed,,2026-10-04
course:manchester/a100:graduate_entry_course,10,"Course availability","University of Manchester · MBChB Medicine",graduate_entry_course,Yes,https://www.manchester.ac.uk/study/undergraduate/courses/2026/21177/mbchb-medicine-graduate-entry/,200,none,,2026-10-04
course:surrey/medicine:graduate_entry_course,10,"Course availability","University of Surrey · Medicine",graduate_entry_course,Yes,https://www.medschools.ac.uk/about-us/our-members/,403,fetch_failed,,2026-10-04
university:anglia-ruskin:msc_member,10,"Course availability","Anglia Ruskin University",msc_member,Yes,https://www.medschools.ac.uk/about-us/our-members/,403,fetch_failed,,2026-10-04
university:aston:msc_member,10,"Course availability","Aston University",msc_member,Yes,https://www.medschools.ac.uk/about-us/our-members/,403,fetch_failed,,2026-10-04
university:queen-mary-london:msc_member,10,"Course availability","Queen Mary University of London",msc_member,Yes,https://www.medschools.ac.uk/about-us/our-members/,403,fetch_failed,,2026-10-04
university:birmingham:msc_member,10,"Course availability","University of Birmingham",msc_member,Yes,https://www.medschools.ac.uk/about-us/our-members/,403,fetch_failed,,2026-10-04
university:brighton-sussex:msc_member,10,"Course availability","Brighton and Sussex Medical School",msc_member,Yes,https://www.medschools.ac.uk/about-us/our-members/,403,fetch_failed,,2026-10-04
university:bristol:msc_member,10,"Course availability","University of Bristol",msc_member,Yes,https://www.medschools.ac.uk/about-us/our-members/,403,fetch_failed,,2026-10-04
university:brunel:msc_member,10,"Course availability","Brunel University of London",msc_member,Yes,https://www.medschools.ac.uk/about-us/our-members/,403,fetch_failed,,2026-10-04
university:buckingham:msc_member,10,"Course availability","University of Buckingham",msc_member,Yes,https://www.medschools.ac.uk/about-us/our-members/,403,fetch_failed,,2026-10-04
university:cambridge:msc_member,10,"Course availability","University of Cambridge",msc_member,Yes,https://www.medschools.ac.uk/about-us/our-members/,403,fetch_failed,,2026-10-04
university:chester:msc_member,10,"Course availability","University of Chester",msc_member,Yes,https://www.medschools.ac.uk/about-us/our-members/,403,fetch_failed,,2026-10-04
university:east-anglia:msc_member,10,"Course availability","University of East Anglia",msc_member,Yes,https://www.medschools.ac.uk/about-us/our-members/,403,fetch_failed,,2026-10-04
university:exeter:msc_member,10,"Course availability","University of Exeter",msc_member,Yes,https://www.medschools.ac.uk/about-us/our-members/,403,fetch_failed,,2026-10-04
university:lancaster:msc_member,10,"Course availability","Lancaster University",msc_member,Yes,https://www.medschools.ac.uk/about-us/our-members/,403,fetch_failed,,2026-10-04
university:leicester:msc_member,10,"Course availability","University of Leicester",msc_member,Yes,https://www.medschools.ac.uk/about-us/our-members/,403,fetch_failed,,2026-10-04
university:lincoln:msc_member,10,"Course availability","University of Lincoln",msc_member,Yes,https://www.medschools.ac.uk/about-us/our-members/,403,fetch_failed,,2026-10-04
university:liverpool:msc_member,10,"Course availability","University of Liverpool",msc_member,Yes,https://www.medschools.ac.uk/about-us/our-members/,403,fetch_failed,,2026-10-04
university:manchester:msc_member,10,"Course availability","University of Manchester",msc_member,Yes,https://www.medschools.ac.uk/about-us/our-members/,403,fetch_failed,,2026-10-04
university:newcastle:msc_member,10,"Course availability","Newcastle University",msc_member,Yes,https://www.medschools.ac.uk/about-us/our-members/,403,fetch_failed,,2026-10-04
university:nottingham:msc_member,10,"Course availability","University of Nottingham",msc_member,Yes,https://www.medschools.ac.uk/about-us/our-members/,403,fetch_failed,,2026-10-04
university:oxford:msc_member,10,"Course availability","University of Oxford",msc_member,Yes,https://www.medschools.ac.uk/about-us/our-members/,403,fetch_failed,,2026-10-04
university:plymouth:msc_member,10,"Course availability","University of Plymouth",msc_member,Yes,https://www.medschools.ac.uk/about-us/our-members/,403,fetch_failed,,2026-10-04
university:sheffield:msc_member,10,"Course availability","University of Sheffield",msc_member,Yes,https://www.medschools.ac.uk/about-us/our-members/,403,fetch_failed,,2026-10-04
university:southampton:msc_member,10,"Course availability","University of Southampton",msc_member,Yes,https://www.medschools.ac.uk/about-us/our-members/,403,fetch_failed,,2026-10-04
university:st-georges-london:msc_member,10,"Course availability","City St George's, University of London",msc_member,Yes,https://www.medschools.ac.uk/about-us/our-members/,403,fetch_failed,,2026-10-04
university:sunderland:msc_member,10,"Course availability","University of Sunderland",msc_member,Yes,https://www.medschools.ac.uk/about-us/our-members/,403,fetch_failed,,2026-10-04
university:ucl:msc_member,10,"Course availability","University College London",msc_member,Yes,https://www.medschools.ac.uk/about-us/our-members/,403,fetch_failed,,2026-10-04
university:lancashire:msc_member,10,"Course availability","University of Lancashire",msc_member,Yes,https://www.medschools.ac.uk/about-us/our-members/,403,fetch_failed,,2026-10-04
university:warwick:msc_member,10,"Course availability","University of Warwick",msc_member,Yes,https://www.medschools.ac.uk/about-us/our-members/,403,fetch_failed,,2026-10-04
university:hertfordshire:msc_member,10,"Course availability","University of Hertfordshire",msc_member,Yes,https://www.medschools.ac.uk/about-us/our-members/,403,fetch_failed,,2026-10-04
university:surrey:msc_member,10,"Course availability","University of Surrey",msc_member,Yes,https://www.medschools.ac.uk/about-us/our-members/,403,fetch_failed,,2026-10-04
university:aberdeen:msc_member,10,"Course availability","University of Aberdeen",msc_member,Yes,https://www.medschools.ac.uk/about-us/our-members/,403,fetch_failed,,2026-10-04
university:dundee:msc_member,10,"Course availability","University of Dundee",msc_member,Yes,https://www.medschools.ac.uk/about-us/our-members/,403,fetch_failed,,2026-10-04
university:edinburgh:msc_member,10,"Course availability","University of Edinburgh",msc_member,Yes,https://www.medschools.ac.uk/about-us/our-members/,403,fetch_failed,,2026-10-04
university:glasgow:msc_member,10,"Course availability","University of Glasgow",msc_member,Yes,https://www.medschools.ac.uk/about-us/our-members/,403,fetch_failed,,2026-10-04
university:st-andrews:msc_member,10,"Course availability","University of St Andrews",msc_member,Yes,https://www.medschools.ac.uk/about-us/our-members/,403,fetch_failed,,2026-10-04
university:cardiff:msc_member,10,"Course availability","Cardiff University",msc_member,Yes,https://www.medschools.ac.uk/about-us/our-members/,403,fetch_failed,,2026-10-04
university:swansea:msc_member,10,"Course availability","Swansea University",msc_member,Yes,https://www.medschools.ac.uk/about-us/our-members/,403,fetch_failed,,2026-10-04
university:bangor:msc_member,10,"Course availability","Bangor University",msc_member,Yes,https://www.medschools.ac.uk/about-us/our-members/,403,fetch_failed,,2026-10-04
university:queens-belfast:msc_member,10,"Course availability","Queen's University Belfast",msc_member,Yes,https://www.medschools.ac.uk/about-us/our-members/,403,fetch_failed,,2026-10-04
university:ulster:msc_member,10,"Course availability","Ulster University",msc_member,Yes,https://www.medschools.ac.uk/about-us/our-members/,403,fetch_failed,,2026-10-04
course:anglia-ruskin/a100:ucas_code,10,"Course availability","Anglia Ruskin University · MBChB Medicine",ucas_code,A100,https://www.medschools.ac.uk/courses/anglia-ruskin-medicine-a100/,403,fetch_failed,,2026-10-04
course:aston/a100:ucas_code,10,"Course availability","Aston University · MBChB Medicine",ucas_code,A100,https://www.medschools.ac.uk/courses/aston-university-mbchb-medicine-a100/,403,fetch_failed,,2026-10-04
course:edge-hill/a100:ucas_code,10,"Course availability","Edge Hill University · MBChB Medicine",ucas_code,"A100 (also A110 Medicine with Foundation Year, 6 years, North West England residents)",https://www.medschools.ac.uk/courses/edge-hill-medicine-a110/,403,fetch_failed,,2026-10-04
course:hull-york/a100:ucas_code,10,"Course availability","Hull York Medical School · MB BS Medicine",ucas_code,A100,https://www.medschools.ac.uk/courses/hull-york-medical-school-mb-bs-medicine-a100/,403,fetch_failed,,2026-10-04
university:leeds:msc_member,10,"Course availability","University of Leeds",msc_member,Yes,https://www.medschools.ac.uk/courses/leeds-medicine-a100/,403,fetch_failed,,2026-10-04
course:leeds/a100:ucas_code,10,"Course availability","University of Leeds · MBChB Medicine and Surgery",ucas_code,"A100 (also I900 Gateway Year to Medicine)",https://www.medschools.ac.uk/courses/leeds-medicine-a100/,403,fetch_failed,,2026-10-04
course:pears-cumbria/a102:graduate_entry_course,10,"Course availability","Pears Cumbria School of Medicine · Medicine (Graduate Entry) MBBS",graduate_entry_course,Yes,https://www.medschools.ac.uk/courses/pears-cumbria-medicine-a102/,403,fetch_failed,,2026-10-04
university:pears-cumbria:msc_member,10,"Course availability","Pears Cumbria School of Medicine",msc_member,Yes,https://www.medschools.ac.uk/courses/pears-cumbria-medicine-a102/,403,fetch_failed,,2026-10-04
course:pears-cumbria/a102:ucas_code,10,"Course availability","Pears Cumbria School of Medicine · Medicine (Graduate Entry) MBBS",ucas_code,A102,https://www.medschools.ac.uk/courses/pears-cumbria-medicine-a102/,403,fetch_failed,,2026-10-04
course:cambridge/a100:ucas_code,10,"Course availability","University of Cambridge · Medicine MB BChir",ucas_code,A100,https://www.medschools.ac.uk/courses/university-of-cambridge-mb-bchir-medicine-a100/,403,fetch_failed,,2026-10-04
course:exeter/a100:ucas_code,10,"Course availability","University of Exeter · BMBS Medicine",ucas_code,A100,https://www.medschools.ac.uk/courses/university-of-exeter-bmbs-medicine-a100/,403,fetch_failed,,2026-10-04
course:worcester/a101:graduate_entry_course,10,"Course availability","University of Worcester · Medicine (Graduate Entry) MBChB",graduate_entry_course,Yes,https://www.medschools.ac.uk/courses/worcester-three-counties-medical-school-mbchb-medicine-a101/,403,fetch_failed,,2026-10-04
university:worcester:msc_member,10,"Course availability","University of Worcester",msc_member,Yes,https://www.medschools.ac.uk/courses/worcester-three-counties-medical-school-mbchb-medicine-a101/,403,fetch_failed,,2026-10-04
course:worcester/a101:ucas_code,10,"Course availability","University of Worcester · Medicine (Graduate Entry) MBChB",ucas_code,A101,https://www.medschools.ac.uk/courses/worcester-three-counties-medical-school-mbchb-medicine-a101/,403,fetch_failed,,2026-10-04
university:edge-hill:msc_member,10,"Course availability","Edge Hill University",msc_member,Yes,https://www.medschools.ac.uk/for-students/applying-to-medical-school/medical-schools/,403,fetch_failed,,2026-10-04
university:hull-york:msc_member,10,"Course availability","Hull York Medical School",msc_member,Yes,https://www.medschools.ac.uk/for-students/applying-to-medical-school/medical-schools/,403,fetch_failed,,2026-10-04
university:imperial:msc_member,10,"Course availability","Imperial College London",msc_member,Yes,https://www.medschools.ac.uk/for-students/applying-to-medical-school/medical-schools/,403,fetch_failed,,2026-10-04
university:keele:msc_member,10,"Course availability","Keele University",msc_member,Yes,https://www.medschools.ac.uk/for-students/applying-to-medical-school/medical-schools/,403,fetch_failed,,2026-10-04
university:kent-medway:msc_member,10,"Course availability","Kent and Medway Medical School",msc_member,Yes,https://www.medschools.ac.uk/for-students/applying-to-medical-school/medical-schools/,403,fetch_failed,,2026-10-04
university:kings-college-london:msc_member,10,"Course availability","King's College London",msc_member,Yes,https://www.medschools.ac.uk/for-students/applying-to-medical-school/medical-schools/,403,fetch_failed,,2026-10-04
course:newcastle/a100:ucas_code,10,"Course availability","Newcastle University · Medicine and Surgery MB BS",ucas_code,A100,https://www.ncl.ac.uk/undergraduate/degrees/a100/,200,exact,"…BS 2027 entry information Study mode and duration Full time: 5 years UCAS code A100 UCAS institution name and code NEWC / N21 Next start date September 2027 Tuitio…",2026-10-04
course:queen-mary-london/a100:course_length_years,10,"Course availability","Queen Mary University of London · MBBS Medicine",course_length_years,5,https://www.qmul.ac.uk/fmd/study/undergraduate/courses/a100/selection-criteria/,200,none,,2026-10-04
course:queen-mary-london/a100:ucas_code,10,"Course availability","Queen Mary University of London · MBBS Medicine",ucas_code,A100,https://www.qmul.ac.uk/fmd/study/undergraduate/courses/a100/selection-criteria/,200,exact,"…tus Open days Your student experience Selection criteria Admission to the MBBS (A100) degree programme at the Faculty of Medicine and Dentistry, Queen Mary Universi…",2026-10-04
course:st-andrews/a100:ucas_code,10,"Course availability","University of St Andrews · Medicine BSc (Hons), pre-clinical",ucas_code,A100,https://www.st-andrews.ac.uk/subjects/medicine/medicine-bsc-a100/,200,exact,"…Medicine BSc A100 - Subjects - University of St Andrews Skip to main content University of St Andrews Toggle search Subjects Navigation Study at St Andrews Entry re…",2026-10-04
course:buckingham/medicine:course_length_years,10,"Course availability","University of Buckingham · MB ChB Medicine",course_length_years,4.5,https://www.themedicportal.com/school/university-of-buckingham/,403,fetch_failed,,2026-10-04
course:cardiff/a100:ucas_code,10,"Course availability","Cardiff University · Medicine MBBCh",ucas_code,A100,https://www.theukcatpeople.co.uk/guide/medical-school/medicine/university-of-cardiff,200,exact,"…n At a glance LocationCardiff, Wales Founded1883 Degree awardedMBBCh (UCAS code A100) Course length5 years Home fee£9,790 per year (2026/27) International fee£45,45…",2026-10-04
course:kings-college-london/a100:ucas_code,10,"Course availability","King's College London · MBBS Medicine",ucas_code,A100,https://www.theukcatpeople.co.uk/guide/medical-school/medicine/university-of-kings-college-london-,200,exact,"…n At a glance LocationLondon, England Founded1829 Degree awardedMBBS (UCAS code A100) Course length5 years Home fee£9,790 per year (2026/27) International fee£56,80…",2026-10-04
course:manchester/a100:ucas_code,10,"Course availability","University of Manchester · MBChB Medicine",ucas_code,A100,https://www.theukcatpeople.co.uk/guide/medical-school/medicine/university-of-manchester,200,exact,"…Medical School Look At The UCAT? Manchester UCAT Cut Off in 2026 for 2027 Entry A100 Medicine Manchester University Medicine UCAT: Required UCAT scores in the top t…",2026-10-04
course:anglia-ruskin/a100:course_length_years,10,"Course availability","Anglia Ruskin University · MBChB Medicine",course_length_years,5,https://www.theukcatpeople.co.uk/post/uk-medical-school-tuition-fees-for-international-students-to-study-medicine,200,none,,2026-10-04
course:edge-hill/a100:course_length_years,10,"Course availability","Edge Hill University · MBChB Medicine",course_length_years,5,https://www.theukcatpeople.co.uk/post/uk-medical-school-tuition-fees-for-international-students-to-study-medicine,200,none,,2026-10-04
course:sunderland/medicine:course_length_years,10,"Course availability","University of Sunderland · Medicine",course_length_years,5,https://www.theukcatpeople.co.uk/post/uk-medical-school-tuition-fees-for-international-students-to-study-medicine,200,none,,2026-10-04
course:lancashire/medicine:course_length_years,10,"Course availability","University of Lancashire · Medicine & Surgery MBBS",course_length_years,5,https://www.theukcatpeople.co.uk/post/uk-medical-school-tuition-fees-for-international-students-to-study-medicine,200,none,,2026-10-04
course:brunel/a100:ucas_code,10,"Course availability","Brunel University of London · Medicine MBBS",ucas_code,"A100 (institution code B84)",https://www.ucas.com/explore/courses/13d4f1de-c06b-4605-a9ca-0dc14728f182/course?studyYear=2027,403,fetch_failed,,2026-10-04
course:chester/a101:graduate_entry_course,10,"Course availability","University of Chester · Graduate Entry Medicine MBChB",graduate_entry_course,Yes,https://www.ucas.com/explore/courses/7d3115e0-ac14-40a5-b5c1-651d60e2f470/graduate-entry-medicine?studyYear=2027,403,fetch_failed,,2026-10-04
course:chester/a101:ucas_code,10,"Course availability","University of Chester · Graduate Entry Medicine MBChB",ucas_code,A101,https://www.ucas.com/explore/courses/7d3115e0-ac14-40a5-b5c1-651d60e2f470/graduate-entry-medicine?studyYear=2027,403,fetch_failed,,2026-10-04
course:east-anglia/a100:course_length_years,10,"Course availability","University of East Anglia · MBBS Medicine",course_length_years,5,https://www.uea.ac.uk/course/undergraduate/mbbs-medicine,405,fetch_failed,,2026-10-04
course:east-anglia/a100:ucas_code,10,"Course availability","University of East Anglia · MBBS Medicine",ucas_code,A100,https://www.uea.ac.uk/course/undergraduate/mbbs-medicine,405,fetch_failed,,2026-10-04
course:east-anglia/a100:graduate_entry_course,10,"Course availability","University of East Anglia · MBBS Medicine",graduate_entry_course,Yes,https://www.uea.ac.uk/course/undergraduate/mbbs-medicine-graduate-entry,405,fetch_failed,,2026-10-04
course:worcester/a101:course_length_years,10,"Course availability","University of Worcester · Medicine (Graduate Entry) MBChB",course_length_years,4,https://www.worcester.ac.uk/courses/medicine-graduate-entry-mbchb,200,none,,2026-10-04
university:leeds:source_1,11,Other,"University of Leeds",source_1,https://courses.leeds.ac.uk/5580/medicine-and-surgery-mbchb,https://courses.leeds.ac.uk/5580/medicine-and-surgery-mbchb,200,partial,"…understanding your immunisation record to date. Further details can be found on https://medicinehealth.leeds.ac.uk/medicine-undergraduate/doc/occupational-health-requirements-students-applicants-facu",2026-10-04
university:cardiff:source_2,11,Other,"Cardiff University",source_2,https://isc.cardiff.ac.uk/how-to-apply/entry-requirements,https://isc.cardiff.ac.uk/how-to-apply/entry-requirements,200,partial,"…Entry requirements for International Students | Cardiff University ISC English中文 Enquire now Apply now Cardiff International Study CentreAbout Cardiff University Student life Accommodation Careers & ",2026-10-04
university:kent-medway:source_1,11,Other,"Kent and Medway Medical School",source_1,https://kmms.ac.uk/entry-requirements-2027/,https://kmms.ac.uk/entry-requirements-2027/,200,exact,"…Entry Requirements 2027 - Kent and Medway Medical School Skip to navigation Skip to main content Skip to footer Kent and Medway Medical School Home Study ›Undergraduate Postgraduate About Wa…",2026-10-04
university:kent-medway:source_2,11,Other,"Kent and Medway Medical School",source_2,https://kmms.ac.uk/study/applying/,https://kmms.ac.uk/study/applying/,200,none,,2026-10-04
university:leicester:source_1,11,Other,"University of Leicester",source_1,https://le.ac.uk/study/medicine/entry-requirements/international,https://le.ac.uk/study/medicine/entry-requirements/international,403,fetch_failed,,2026-10-04
university:leicester:source_2,11,Other,"University of Leicester",source_2,https://le.ac.uk/study/medicine/entry-requirements/mbchb-2026,https://le.ac.uk/study/medicine/entry-requirements/mbchb-2026,403,fetch_failed,,2026-10-04
university:greater-manchester:source_1,11,Other,"University of Greater Manchester",source_1,https://medicine.greatermanchester.ac.uk/medicine-mbchb-2026-academic-requirements/,https://medicine.greatermanchester.ac.uk/medicine-mbchb-2026-academic-requirements/,403,fetch_failed,,2026-10-04
university:greater-manchester:source_2,11,Other,"University of Greater Manchester",source_2,https://medicine.greatermanchester.ac.uk/undergraduate-medical-school/,https://medicine.greatermanchester.ac.uk/undergraduate-medical-school/,403,fetch_failed,,2026-10-04
university:buckingham:source_1,11,Other,"University of Buckingham",source_1,https://medvle.buckingham.ac.uk/course/section.php?id=10,https://medvle.buckingham.ac.uk/course/section.php?id=10,200,none,,2026-10-04
university:sheffield:source_1,11,Other,"University of Sheffield",source_1,https://sheffield.ac.uk/international/entry-requirements/nigeria,https://sheffield.ac.uk/international/entry-requirements/nigeria,200,partial,"…irements for students from Nigeria | International students | The University of Sheffield Skip to main content Search sheffield.ac.uk Close menu × International students Scholarships and feesScholars",2026-10-04
university:sheffield:source_2,11,Other,"University of Sheffield",source_2,https://sheffield.ac.uk/smph/undergraduate/medicine-admissions,https://sheffield.ac.uk/smph/undergraduate/medicine-admissions,200,partial,"…Medicine admissions | Medicine and Population Health | The University of Sheffield Skip to main content Search sheffield.ac.uk Close menu × School of Medicine and Population Health UndergraduateUnder",2026-10-04
university:edinburgh:source_2,11,Other,"University of Edinburgh",source_2,https://study.ed.ac.uk/programmes/undergraduate/354-mbchb-medicine-6-year-programme/entry-requirements,https://study.ed.ac.uk/programmes/undergraduate/354-mbchb-medicine-6-year-programme/entry-requirements,200,partial,"…me) MBChB entry requirements | The University of Edinburgh Skip to main content Study Global Visit Research News About Alumni Local Staff Students Schools & departments MyEd Submit search Degree find",2026-10-04
university:plymouth:source_4,11,Other,"University of Plymouth",source_4,https://upic.navitas.com/admission/academic-requirements/,https://upic.navitas.com/admission/academic-requirements/,200,partial,"…leading international education group offering premium study experiences. About Navitas Agents Information Navitas Impact Report Human Rights and Modern Slavery Accessibility Statement Privacy Centre",2026-10-04
university:aberdeen:source_2,11,Other,"University of Aberdeen",source_2,https://www.abdn.ac.uk/smmsn/undergraduate/medicine/international-requirements.php,https://www.abdn.ac.uk/smmsn/undergraduate/medicine/international-requirements.php,200,partial,"…back For the scientific community Aims and Hypotheses Methods Published Results SMMSN Research Governance Aberdeen Cancer Centre Cancer PhD Programme Menopause Hub Smith Centre for Neurology and Neur",2026-10-04
university:aberdeen:source_1,11,Other,"University of Aberdeen",source_1,https://www.abdn.ac.uk/study/international/inmycountry/nigeria/entry/,https://www.abdn.ac.uk/study/international/inmycountry/nigeria/entry/,200,none,,2026-10-04
university:aston:source_1,11,Other,"Aston University",source_1,https://www.aston.ac.uk/international/aston-in-your-country/africa/nigeria,https://www.aston.ac.uk/international/aston-in-your-country/africa/nigeria,200,partial,"…Nigeria | Aston University Skip to main content Study locations: Birmingham | London | Online Find a course Search Menu Header top menu International students Applying to Aston Scholarships Internati",2026-10-04
university:aston:source_2,11,Other,"Aston University",source_2,https://www.aston.ac.uk/study/courses/medicine-mbchb,https://www.aston.ac.uk/study/courses/medicine-mbchb,200,partial,"…Medicine | Aston University Skip to main content Study locations: Birmingham | London | Online Find a course Search Menu Header top menu International students Applying to Aston Scholarships Internat",2026-10-04
university:birmingham:source_1,11,Other,"University of Birmingham",source_1,https://www.birmingham.ac.uk/about/college-of-medicine-and-health/birmingham-medical-school/applying-to-medicine/entry-requirements-medicine-and-surgery-five-year,https://www.birmingham.ac.uk/about/college-of-medicine-and-health/birmingham-medical-school/applying-to-medicine/entry-requirements-medicine-and-surgery-five-year,200,partial,"…Entry Requirements - Medicine and Surgery (five-year) - University of Birmingham Skip to main content Select campus:UKDubai University of Birmingham Search Menu Open menu Home About us College of Med",2026-10-04
university:birmingham:source_2,11,Other,"University of Birmingham",source_2,https://www.birmingham.ac.uk/study/undergraduate/subjects/medicine-courses/medicine-and-surgery-mbchb,https://www.birmingham.ac.uk/study/undergraduate/subjects/medicine-courses/medicine-and-surgery-mbchb,200,partial,"…Medicine and Surgery MBChB - University of Birmingham Skip to main content Select campus:UKDubai University of Birmingham Search Menu Open menu Home Study Undergraduate study Subject areas Undergradu",2026-10-04
university:brunel:source_1,11,Other,"Brunel University of London",source_1,https://www.brunel.ac.uk/brunel-medical-school/documents/pdf/MBBS-international-entry-requirements-2025-entry-approved.pdf,https://www.brunel.ac.uk/brunel-medical-school/documents/pdf/MBBS-international-entry-requirements-2025-entry-approved.pdf,"200 pdf",fetch_failed,,2026-10-04
university:brunel:source_2,11,Other,"Brunel University of London",source_2,https://www.brunel.ac.uk/study/courses/medicine-mbbs,https://www.brunel.ac.uk/study/courses/medicine-mbbs,200,partial,"…Medicine MBBS | Brunel University of London Skip to main contentStudents Staff Alumni Quick links Study International Research Life at Brunel For business About us Open search dialog Open menu dialog",2026-10-04
university:cardiff:source_1,11,Other,"Cardiff University",source_1,https://www.cardiff.ac.uk/study/international/your-country/africa/nigeria/entry-requirements,https://www.cardiff.ac.uk/study/international/your-country/africa/nigeria/entry-requirements,403,fetch_failed,,2026-10-04
university:cardiff:source_4,11,Other,"Cardiff University",source_4,https://www.cardiff.ac.uk/study/undergraduate/courses/2026/medicine-graduate-entry-mbbch,https://www.cardiff.ac.uk/study/undergraduate/courses/2026/medicine-graduate-entry-mbbch,403,fetch_failed,,2026-10-04
university:cardiff:source_3,11,Other,"Cardiff University",source_3,https://www.cardiff.ac.uk/study/undergraduate/courses/course/medicine-mbbch,https://www.cardiff.ac.uk/study/undergraduate/courses/course/medicine-mbbch,403,fetch_failed,,2026-10-04
university:chester:source_3,11,Other,"University of Chester",source_3,https://www.chester.ac.uk/international/countries/nigeria/,https://www.chester.ac.uk/international/countries/nigeria/,200,partial,"…Nigeria | University of Chester Skip to main content menu Offcanvas Primary Navigation close Primary Navigation Menu Study add Study - Home Why Chester? Clearing Search for a course How to apply Unde",2026-10-04
university:chester:source_2,11,Other,"University of Chester",source_2,https://www.chester.ac.uk/international/how-to-apply/applying-for-graduate-entry-medicine/,https://www.chester.ac.uk/international/how-to-apply/applying-for-graduate-entry-medicine/,200,partial,"…Applying for Graduate Entry Medicine | University of Chester Skip to main content menu Offcanvas Primary Navigation close Primary Navigation Menu Study add Study - Home Why Chester? Clearing Search f",2026-10-04
university:chester:source_1,11,Other,"University of Chester",source_1,https://www.chester.ac.uk/study/course-search/graduate-entry-medicine-mbchb/,https://www.chester.ac.uk/study/course-search/graduate-entry-medicine-mbchb/,200,partial,"…experience' course such as this free one from Brighton & Sussex Medical School: https://bsmsoutreach.thinkific.com/courses/VWE If you are not training or working as a health professional, with direct",2026-10-04
university:edinburgh:source_1,11,Other,"University of Edinburgh",source_1,https://www.ed.ac.uk/studying/international/country/africa/nigeria,https://www.ed.ac.uk/studying/international/country/africa/nigeria,200,none,,2026-10-04
university:exeter:source_1,11,Other,"University of Exeter",source_1,https://www.exeter.ac.uk/undergraduate-degrees/bmbs-medicine/faqs/,https://www.exeter.ac.uk/undergraduate-degrees/bmbs-medicine/faqs/,200,partial,"…BMBS Medicine FAQs | University of Exeter Skip to main content Search all Study Studying at Exeter Why choose Exeter? Our campuses Accommodation Student life Student Voices blog Careers Funding and s",2026-10-04
university:exeter:source_2,11,Other,"University of Exeter",source_2,https://www.exeter.ac.uk/v8media/recruitmentsites/documents/BMBS_Admissions_Policy_2026_(V4).pdf,https://www.exeter.ac.uk/v8media/recruitmentsites/documents/BMBS_Admissions_Policy_2026_(V4).pdf,"200 pdf",fetch_failed,,2026-10-04
university:glasgow:source_1,11,Other,"University of Glasgow",source_1,https://www.gla.ac.uk/schools/medicine/mus/admissions/internationalentryrequirements/,https://www.gla.ac.uk/schools/medicine/mus/admissions/internationalentryrequirements/,200,none,,2026-10-04
university:glasgow:source_2,11,Other,"University of Glasgow",source_2,https://www.gla.ac.uk/undergraduate/degrees/gateway-to-medical-studies/,https://www.gla.ac.uk/undergraduate/degrees/gateway-to-medical-studies/,200,partial,"…University of Glasgow - Undergraduate study - 2027 Degree programmes A‑Z - Gateway to Medical Studies Skip to main content The University of Glasgow uses cookies for analytics. Find out more about ou",2026-10-04
university:glasgow:source_3,11,Other,"University of Glasgow",source_3,https://www.gla.ac.uk/undergraduate/degrees/medicine/entry-requirements/,https://www.gla.ac.uk/undergraduate/degrees/medicine/entry-requirements/,200,partial,"…University of Glasgow - Undergraduate study - 2027 Degree programmes A‑Z - Medicine Skip to main content The University of Glasgow uses cookies for analytics. Find out more about our Privacy policy. ",2026-10-04
university:imperial:source_1,11,Other,"Imperial College London",source_1,https://www.imperial.ac.uk/study/courses/undergraduate/medicine/,https://www.imperial.ac.uk/study/courses/undergraduate/medicine/,200,partial,"…Medicine MBBS/BSc | Study | Imperial College London Skip to main content View accessibility support page Skip to filters Search Search Menu Study Research Faculties News Events About Get involved Giv",2026-10-04
university:kings-college-london:source_2,11,Other,"King's College London",source_2,https://www.kcl.ac.uk/assets/pdf24/kings-international-foundation-programme-medicine-mbbs-factsheet-2025-26.pdf,https://www.kcl.ac.uk/assets/pdf24/kings-international-foundation-programme-medicine-mbbs-factsheet-2025-26.pdf,"200 pdf",fetch_failed,,2026-10-04
university:kings-college-london:source_3,11,Other,"King's College London",source_3,https://www.kcl.ac.uk/study/undergraduate/courses/medicine-graduate-professional-entry-mbbs/requirements,https://www.kcl.ac.uk/study/undergraduate/courses/medicine-graduate-professional-entry-mbbs/requirements,200,partial,"…ogramme MBBS | King's College London Skip to main content Opens navigation menu StudyNavigation category. Contains links. Press enter key to expand.StudyNavigation link in category Study. Press escap",2026-10-04
university:kings-college-london:source_1,11,Other,"King's College London",source_1,https://www.kcl.ac.uk/study/undergraduate/courses/medicine-mbbs/requirements,https://www.kcl.ac.uk/study/undergraduate/courses/medicine-mbbs/requirements,200,partial,"…UK Access to Higher Education Diploma Provider, listed on the QAA website here: https://www.accesstohe.ac.uk//en/course-search Functional Skills, and Numeracy/Literacy modules studied within an Acces",2026-10-04
university:buckingham:source_2,11,Other,"University of Buckingham",source_2,https://www.kingseducation.com/assets/pdf/uk-uni/factsheets/university-of-buckingham-medical-pathway.pdf,https://www.kingseducation.com/assets/pdf/uk-uni/factsheets/university-of-buckingham-medical-pathway.pdf,"200 pdf",fetch_failed,,2026-10-04
university:lancashire:source_2,11,Other,"University of Lancashire",source_2,https://www.lancashire.ac.uk/international-students/country/nigeria,https://www.lancashire.ac.uk/international-students/country/nigeria,200,partial,"…o main content Studentsopens in a new tab Staffopens in a new tab University of Lancashire Expand navigation menu Back Expand Open Days menu October Open Day Book your Open Day Preston Open Day - Oct",2026-10-04
university:lancashire:source_3,11,Other,"University of Lancashire",source_3,https://www.lancashire.ac.uk/undergraduate/courses/medicine-mbbs,https://www.lancashire.ac.uk/undergraduate/courses/medicine-mbbs,200,partial,"…the University of Lancashire, or for advice and guidance on how to apply visit https://www.lancashire.ac.uk/study or call our course enquiries team on 01772 892400 Date of publish: 18 09 2026 Course…",2026-10-04
university:lancashire:source_1,11,Other,"University of Lancashire",source_1,https://www.lancashire.ac.uk/undergraduate/how-to-apply/mbbs/international-requirements,https://www.lancashire.ac.uk/undergraduate/how-to-apply/mbbs/international-requirements,200,partial,"…o main content Studentsopens in a new tab Staffopens in a new tab University of Lancashire Expand navigation menu Back Expand Open Days menu October Open Day Book your Open Day Preston Open Day - Oct",2026-10-04
university:lincoln:source_1,11,Other,"University of Lincoln",source_1,https://www.lincoln.ac.uk/course/mdcmbcub/,https://www.lincoln.ac.uk/course/mdcmbcub/,200,partial,"…cut off scores to applicants. For more information about the UCAT, please visit:https://www.ucat.ac.uk/. Entry Requirements 2027-28 Entry Requirements Entry Requirements Please note, this course is n",2026-10-04
university:lincoln:source_2,11,Other,"University of Lincoln",source_2,https://www.lincoln.ac.uk/studywithus/internationalstudents/entryrequirementsandyourcountry/nigeria/,https://www.lincoln.ac.uk/studywithus/internationalstudents/entryrequirementsandyourcountry/nigeria/,200,none,,2026-10-04
university:liverpool:source_3,11,Other,"University of Liverpool",source_3,https://www.liverpool.ac.uk/courses/medicine-and-surgery-graduate-entry-mbchb,https://www.liverpool.ac.uk/courses/medicine-and-surgery-graduate-entry-mbchb,200,partial,"…Medicine and Surgery (Graduate Entry) MBChB | Courses | University of Liverpool Skip to main content Home Menu Menu Search the site Courses home Study Undergraduate Courses Medicine and Surgery (Grad",2026-10-04
university:liverpool:source_2,11,Other,"University of Liverpool",source_2,https://www.liverpool.ac.uk/courses/medicine-and-surgery-mbchb,https://www.liverpool.ac.uk/courses/medicine-and-surgery-mbchb,200,partial,"…Medicine and Surgery MBChB | Courses | University of Liverpool Skip to main content Home Menu Menu Search the site Courses home Study Undergraduate Courses Medicine and Surgery MBChB Qualification ty",2026-10-04
university:liverpool:source_1,11,Other,"University of Liverpool",source_1,https://www.liverpool.ac.uk/international/countries/nigeria.php,https://www.liverpool.ac.uk/international/countries/nigeria.php,200,none,,2026-10-04
university:liverpool:source_4,11,Other,"University of Liverpool",source_4,https://www.liverpool.ac.uk/medicine/study-with-us/undergraduate/admissions-information/,https://www.liverpool.ac.uk/medicine/study-with-us/undergraduate/admissions-information/,200,partial,"…acing an application Applicants will be required to offer a valid GAMSAT score (https://gamsat.acer.org/) International graduates are not eligible to apply to the A101 graduate entry programme Dentis",2026-10-04
university:manchester:source_1,11,Other,"University of Manchester",source_1,https://www.manchester.ac.uk/study/international/country-specific-information/nigeria/entry-requirements/,https://www.manchester.ac.uk/study/international/country-specific-information/nigeria/entry-requirements/,200,partial,"…Entry requirements | Information for students from Nigeria | The University of Manchester Skip to navigation | Skip to main content | Skip to footer Home Study Undergraduate Undergraduate Courses Pro",2026-10-04
university:manchester:source_4,11,Other,"University of Manchester",source_4,https://www.manchester.ac.uk/study/international/country-specific-information/nigeria/scholarships/,https://www.manchester.ac.uk/study/international/country-specific-information/nigeria/scholarships/,200,partial,"…Scholarships | Information for students from Nigeria | The University of Manchester Skip to navigation | Skip to main content | Skip to footer Home Study Undergraduate Undergraduate Courses Prospectu",2026-10-04
university:manchester:source_2,11,Other,"University of Manchester",source_2,https://www.manchester.ac.uk/study/undergraduate/courses/2027/01428/mbchb-medicine/,https://www.manchester.ac.uk/study/undergraduate/courses/2027/01428/mbchb-medicine/,200,partial,"missing 01428 · …MBChB Medicine (2027 entry) | The University of Manchester Skip to navigation | Skip to main content | Skip to footer Home Study Undergraduate Undergraduate Courses Prospectus (underg",2026-10-04
university:manchester:source_3,11,Other,"University of Manchester",source_3,https://www.manchester.ac.uk/study/undergraduate/courses/2027/21177/mbchb-medicine-graduate-entry/,https://www.manchester.ac.uk/study/undergraduate/courses/2027/21177/mbchb-medicine-graduate-entry/,200,partial,"missing 21177 · …MBChB Medicine (Graduate Entry) (2027 entry) | The University of Manchester Skip to navigation | Skip to main content | Skip to footer Home Study Undergraduate Undergraduate Courses P",2026-10-04
university:newcastle:source_1,11,Other,"Newcastle University",source_1,https://www.ncl.ac.uk/international/language/,https://www.ncl.ac.uk/international/language/,200,none,,2026-10-04
university:nottingham:source_1,11,Other,"University of Nottingham",source_1,https://www.nottingham.ac.uk/studywithus/international-applicants/country-info/countryinformation/nigeria.aspx,https://www.nottingham.ac.uk/studywithus/international-applicants/country-info/countryinformation/nigeria.aspx,200,none,,2026-10-04
university:nottingham:source_2,11,Other,"University of Nottingham",source_2,https://www.nottingham.ac.uk/studywithus/ugstudy/courses/UG/Medicine-BMBS.html,https://www.nottingham.ac.uk/studywithus/ugstudy/courses/UG/Medicine-BMBS.html,200,none,,2026-10-04
university:plymouth:source_3,11,Other,"University of Plymouth",source_3,https://www.plymouth.ac.uk/courses/undergraduate/bmbs-bachelor-of-medicine-bachelor-of-surgery-with-foundation-year-0/entry-requirements,https://www.plymouth.ac.uk/courses/undergraduate/bmbs-bachelor-of-medicine-bachelor-of-surgery-with-foundation-year-0/entry-requirements,200,partial,"…edicine, Bachelor of Surgery with Foundation entry requirements - University of Plymouth Skip to content BSearch N CMenu N ALog in N B Study Courses Undergraduate Postgraduate Professional developmen",2026-10-04
university:plymouth:source_2,11,Other,"University of Plymouth",source_2,https://www.plymouth.ac.uk/courses/undergraduate/bmbs-bachelor-of-medicine-bachelor-of-surgery/entry-requirements,https://www.plymouth.ac.uk/courses/undergraduate/bmbs-bachelor-of-medicine-bachelor-of-surgery/entry-requirements,200,partial,"…BS Bachelor of Medicine, Bachelor of Surgery entry requirements - University of Plymouth Skip to content BSearch N CMenu N ALog in N B Study Courses Undergraduate Postgraduate Professional developmen",2026-10-04
university:plymouth:source_1,11,Other,"University of Plymouth",source_1,https://www.plymouth.ac.uk/international/study/international-students-country-guides/africa/nigeria,https://www.plymouth.ac.uk/international/study/international-students-country-guides/africa/nigeria,200,partial,"…Apply from Nigeria - University of Plymouth Skip to content BSearch N CMenu N ALog in N B Study Courses Undergraduate Postgraduate Professional development Student life Accommodation Library services",2026-10-04
university:queen-mary-london:source_1,11,Other,"Queen Mary University of London",source_1,https://www.qmul.ac.uk/fmd/study/undergraduate/courses/a100/selection-criteria/,https://www.qmul.ac.uk/fmd/study/undergraduate/courses/a100/selection-criteria/,200,partial,"…y of Medicine and Dentistry honeypot link Skip to main content Global main menu StudyStudy Close menuSkip to next tab Study at Queen Mary Undergraduate study Postgraduate study Short courses Degree A",2026-10-04
university:queen-mary-london:source_2,11,Other,"Queen Mary University of London",source_2,https://www.qmul.ac.uk/international-students/pathway-programmes/ify/ify-entry-requirements/,https://www.qmul.ac.uk/international-students/pathway-programmes/ify/ify-entry-requirements/,200,partial,"…uate study Short courses Degree Apprenticeships Experience Queen Mary Open days International students Life on campus Schools and institutes Subjects Foundation Courses AI, Computer and Data Science ",2026-10-04
university:queens-belfast:source_1,11,Other,"Queen's University Belfast",source_1,https://www.qub.ac.uk/Study/international-students/your-country/nigeria,https://www.qub.ac.uk/Study/international-students/your-country/nigeria,200,partial,"…Nigeria | Study | Queen's University Belfast Skip to Content Queen's University Belfast Helpful links Jobs News What's on Semester dates Library Giving Ask a question Staff Directory 中文网 Staff Studen",2026-10-04
university:queens-belfast:source_2,11,Other,"Queen's University Belfast",source_2,https://www.qub.ac.uk/courses/undergraduate/medicine-mb-a100/,https://www.qub.ac.uk/courses/undergraduate/medicine-mb-a100/,200,partial,"…ogy and MSc in Clinical Health Psychology. Further information is available at: https://www.qub.ac.uk/schools/mdbs/Study/IntercalatedDegrees/ “Queen’s is an incredible university to pursue medicine. ",2026-10-04
university:sunderland:source_2,11,Other,"University of Sunderland",source_2,https://www.sunderland.ac.uk/how-to-apply/applying-for-medicine,https://www.sunderland.ac.uk/how-to-apply/applying-for-medicine,200,partial,"…Applying for Medicine | University of Sunderland Skip to main contentStudents Staff Alumni Business London Hong Kong Study International Student life Research About Search Home How to apply Applying ",2026-10-04
university:sunderland:source_1,11,Other,"University of Sunderland",source_1,https://www.sunderland.ac.uk/undergraduate/mbchb-medicine,https://www.sunderland.ac.uk/undergraduate/mbchb-medicine,200,none,,2026-10-04
university:ucl:source_2,11,Other,"University College London",source_2,https://www.ucl.ac.uk/languages-international-education/sites/languages-international-education/files/Applying_to_UCL_Medicine_MBBS_BSc_from_UPCSE.pdf,https://www.ucl.ac.uk/languages-international-education/sites/languages-international-education/files/Applying_to_UCL_Medicine_MBBS_BSc_from_UPCSE.pdf,403,fetch_failed,,2026-10-04
university:ucl:source_1,11,Other,"University College London",source_1,https://www.ucl.ac.uk/medical-sciences/divisions/medical-school/study/undergraduate/mbbs-admissions/entry-requirements/2027-entry,https://www.ucl.ac.uk/medical-sciences/divisions/medical-school/study/undergraduate/mbbs-admissions/entry-requirements/2027-entry,403,fetch_failed,,2026-10-04
university:wolverhampton:source_1,11,Other,"University of Wolverhampton",source_1,https://www.wlv.ac.uk/courses/mbchb-medicine/,https://www.wlv.ac.uk/courses/mbchb-medicine/,200,partial,"…MBChB Medicine - University of Wolverhampton Our Courses Our Courses Overview Types of Courses Types of Courses Overview Undergraduate Courses Postgraduate Courses Research (PhD) Online Distance Lear",2026-10-04
university:wolverhampton:source_2,11,Other,"University of Wolverhampton",source_2,https://www.wlv.ac.uk/international/your-country/nigeria/,https://www.wlv.ac.uk/international/your-country/nigeria/,200,partial,"…view Find the right course for you Making your application After you've applied International Applications Get Set Funding, Costs, Fees, and Support Funding, Costs, Fees, and Support Overview Scholar",2026-10-04
