ref,priority,subject,key,academic_year,current_value,source_url,status,notes,decision,verified_value,new_source_url,reviewer_note,verified_on
course:liverpool/a100:clinical_years_fee_differs:2026/27,1,"University of Liverpool · A100 5-year Programme (MBChB)",clinical_years_fee_differs,2026/27,no,https://www.liverpool.ac.uk/courses/medicine-and-surgery-mbchb,VERIFY-ON-PAGE,,,,,,
course:liverpool/a100:international_fee_gbp:2026/27,1,"University of Liverpool · A100 5-year Programme (MBChB)",international_fee_gbp,2026/27,50000,https://www.liverpool.ac.uk/courses/medicine-and-surgery-mbchb,VERIFY-ON-PAGE,"£50,000/yr; optional year abroad (China) fee £25,000. 2027/28 subject to change. Tuition fee deposit page exists (amount not captured). VERIFY-ON-PAGE. [OFFICIAL]",,,,,
course:swansea/graduate-entry:clinical_years_fee_differs:2026/27,1,"Swansea University · A101 Medicine (Graduate Entry) MB BCh (4 years)",clinical_years_fee_differs,2026/27,no,https://www.swansea.ac.uk/undergraduate/courses/medicine/medicine-graduate-entry-mbbch/,VERIFY-ON-PAGE,,,,,,
course:swansea/graduate-entry:international_fee_gbp:2026/27,1,"Swansea University · A101 Medicine (Graduate Entry) MB BCh (4 years)",international_fee_gbp,2026/27,48350,https://www.swansea.ac.uk/undergraduate/courses/medicine/medicine-graduate-entry-mbbch/,VERIFY-ON-PAGE,"GRADUATE ENTRY ONLY. £48,350 (Sept 2026 entry); £50,750 published for Sept 2027 entry. 3% annual increase for continuing students. VERIFY-ON-PAGE. [OFFICIAL]",,,,,
course:warwick/graduate-entry:clinical_years_fee_differs:2026/27,1,"University of Warwick · A101 Medicine MB ChB Graduate Entry (4 years)",clinical_years_fee_differs,2026/27,yes,https://warwick.ac.uk/services/finance/studentfinance/fees/overseasfees/,VERIFY-ON-PAGE,,,,,,
course:warwick/graduate-entry:international_fee_gbp:2026/27,1,"University of Warwick · A101 Medicine MB ChB Graduate Entry (4 years)",international_fee_gbp,2026/27,32510,https://warwick.ac.uk/services/finance/studentfinance/fees/overseasfees/,VERIFY-ON-PAGE,"GRADUATE ENTRY ONLY. Year 1 £32,510; years 2-4 £56,660 each. Inflationary uplift possible. VERIFY-ON-PAGE. [OFFICIAL]",,,,,
"course:kent-medway/a100 (institution code k31):clinical_years_fee_differs:2026/27",1,"Kent and Medway Medical School · BM BS Medicine",clinical_years_fee_differs,2026/27,no,https://kmms.ac.uk/study/funding-your-degree/,VERIFY-ON-PAGE,,,,,,
course:brighton-sussex/a100:international_fee_gbp:2026/27,1,"Brighton and Sussex Medical School · BM BS Medicine",international_fee_gbp,2026/27,49000,https://www.theukcatpeople.co.uk/post/uk-medical-school-tuition-fees-for-international-students-to-study-medicine,VERIFY-ON-PAGE,"From schools dataset; fee year assumed 2026/27 — confirm.",,,,,
"course:kent-medway/a100 (institution code k31):international_fee_gbp:2026/27",1,"Kent and Medway Medical School · BM BS Medicine",international_fee_gbp,2026/27,49700,https://kmms.ac.uk/study/funding-your-degree/,VERIFY-ON-PAGE,"£49,700/yr. KMMS funding page captured in results; figure should be checked against it. VERIFY-ON-PAGE. [OFFICIAL (page captured; figure to confirm)]",,,,,
course:exeter/a100:clinical_years_fee_differs:2026/27,1,"University of Exeter · BMBS Medicine",clinical_years_fee_differs,2026/27,no,https://www.exeter.ac.uk/undergraduate-degrees/fees/,VERIFY-ON-PAGE,,,,,,
course:exeter/a100:international_fee_gbp:2026/27,1,"University of Exeter · BMBS Medicine",international_fee_gbp,2026/27,48900,https://www.exeter.ac.uk/undergraduate-degrees/fees/,VERIFY-ON-PAGE,"£48,900/yr. Official UG fees page captured. VERIFY-ON-PAGE. [OFFICIAL]",,,,,
course:hull-york/a100:clinical_years_fee_differs:2026/27,1,"Hull York Medical School · MB BS Medicine",clinical_years_fee_differs,2026/27,no,https://www.hyms.ac.uk/medicine/applying/fees-and-funding,VERIFY-ON-PAGE,,,,,,
course:hull-york/a100:international_fee_gbp:2026/27,1,"Hull York Medical School · MB BS Medicine",international_fee_gbp,2026/27,49750,https://www.hyms.ac.uk/medicine/applying/fees-and-funding,VERIFY-ON-PAGE,"£49,750/yr; subsequent years increase with CPI up to max 10%. International Excellence Scholarships (up to 4, 5% of fee, 2025 entry). VERIFY-ON-PAGE. [OFFICIAL]",,,,,
course:bristol/a100:clinical_years_fee_differs:2026/27,1,"University of Bristol · MB ChB Medicine",clinical_years_fee_differs,2026/27,no,https://www.bristol.ac.uk/study/undergraduate/fees-funding/,VERIFY-ON-PAGE,,,,,,
course:bristol/a100:international_fee_gbp:2026/27,1,"University of Bristol · MB ChB Medicine",international_fee_gbp,2026/27,45800,https://www.bristol.ac.uk/study/undergraduate/fees-funding/,VERIFY-ON-PAGE,"£45,800 figure from aggregator; bristol.ac.uk fees landing page captured but not the course-specific figure. LEAD - VERIFY-ON-PAGE. [LEAD (agent/prep site)]",,,,,
course:ucl/medicine:clinical_years_fee_differs:2026/27,1,"University College London · MBBS",clinical_years_fee_differs,2026/27,yes,https://www.ucl.ac.uk/prospective-students/undergraduate/degrees/medicine-mbbs-bsc-2026,VERIFY-ON-PAGE,,,,,,
course:ucl/medicine:international_fee_gbp:2026/27,1,"University College London · MBBS",international_fee_gbp,2026/27,57300,https://www.ucl.ac.uk/prospective-students/undergraduate/degrees/medicine-mbbs-bsc-2026,VERIFY-ON-PAGE,"Official overseas fee £57,300 (2026/27). Payment structure reported as 2 x £39,200 + 3 x £69,367 instalments; annual increases capped at RPI-X. Medicine excluded from UCL international fee guarantee. 2027/28 NOT PUBLISHED. VERIFY-ON-PAGE. [OFFICIAL]",,,,,
course:kings-college-london/a100:clinical_years_fee_differs:2026/27,1,"King's College London · MBBS Medicine",clinical_years_fee_differs,2026/27,no,https://www.theukcatpeople.co.uk/post/uk-medical-school-tuition-fees-for-international-students-to-study-medicine,VERIFY-ON-PAGE,,,,,,
course:queen-mary-london/a100:clinical_years_fee_differs:2026/27,1,"Queen Mary University of London · MBBS Medicine",clinical_years_fee_differs,2026/27,no,https://www.qmul.ac.uk/registry-services/media/arcs/student-enquiry-centre/UG-2526-Schedule-(1).pdf,VERIFY-ON-PAGE,,,,,,
course:east-anglia/a100:clinical_years_fee_differs:2026/27,1,"University of East Anglia · MBBS Medicine",clinical_years_fee_differs,2026/27,no,https://www.theukcatpeople.co.uk/post/uk-medical-school-tuition-fees-for-international-students-to-study-medicine,VERIFY-ON-PAGE,,,,,,
course:kings-college-london/a100:international_fee_gbp:2026/27,1,"King's College London · MBBS Medicine",international_fee_gbp,2026/27,56800,https://www.theukcatpeople.co.uk/post/uk-medical-school-tuition-fees-for-international-students-to-study-medicine,VERIFY-ON-PAGE,"£56,800/yr and £5,000 deposit figures came from aggregator/agent results; no kcl.ac.uk course page captured. Subject to annual increases. LEAD - VERIFY-ON-PAGE at kcl.ac.uk. [LEAD (agent/prep site)]",,,,,
course:queen-mary-london/a100:international_fee_gbp:2026/27,1,"Queen Mary University of London · MBBS Medicine",international_fee_gbp,2026/27,,https://www.qmul.ac.uk/registry-services/media/arcs/student-enquiry-centre/UG-2526-Schedule-(1).pdf,VERIFY-ON-PAGE,"CONFLICTING figures in results: £49,950 vs £53,950 per year. Only official doc captured is the 2025/26 UG fee schedule PDF. QMUL states 2027/28 fees not yet set. VERIFY-ON-PAGE before use. [CONFLICTING - VERIFY]",,,,,
course:east-anglia/a100:international_fee_gbp:2026/27,1,"University of East Anglia · MBBS Medicine",international_fee_gbp,2026/27,47500,https://www.theukcatpeople.co.uk/post/uk-medical-school-tuition-fees-for-international-students-to-study-medicine,VERIFY-ON-PAGE,"£47,500 figure and £4,000 refundable deposit / 4% continuing-increase cap came from aggregator results; no uea.ac.uk page captured. LEAD - VERIFY-ON-PAGE. [LEAD (agent/prep site)]",,,,,
course:manchester/a100:clinical_years_fee_differs:2026/27,1,"University of Manchester · MBChB Medicine",clinical_years_fee_differs,2026/27,yes,https://www.manchester.ac.uk/study/undergraduate/courses/2027/01428/mbchb-medicine/,VERIFY-ON-PAGE,,,,,,
"course:keele/a100 (also a104 with health foundation year):clinical_years_fee_differs:2026/27",1,"Keele University · MBChB Medicine",clinical_years_fee_differs,2026/27,no,https://www.keele.ac.uk/study/undergraduate/tuitionfeesandfunding/undergraduatetuitionfees/undergraduatetuitionfeesinternationalstudents/,VERIFY-ON-PAGE,,,,,,
course:aston/a100:clinical_years_fee_differs:2026/27,1,"Aston University · MBChB Medicine",clinical_years_fee_differs,2026/27,no,https://www.topuniversities.com/universities/aston-university/undergrad/medicine-mbchb,VERIFY-ON-PAGE,,,,,,
course:greater-manchester/medicine:international_fee_gbp:2026/27,1,"University of Greater Manchester · MBChB Medicine",international_fee_gbp,2026/27,45000,https://medicine.greatermanchester.ac.uk/mbchb-medicine-programme-details/,VERIFY-ON-PAGE,"From schools dataset; fee year assumed 2026/27 — confirm.",,,,,
course:manchester/a100:international_fee_gbp:2026/27,1,"University of Manchester · MBChB Medicine",international_fee_gbp,2026/27,39900,https://www.manchester.ac.uk/study/undergraduate/courses/2027/01428/mbchb-medicine/,VERIFY-ON-PAGE,"Pre-clinical (years 1-2) £39,900; clinical (years 3-5) £60,900 for students entering clinical phase in 2026/27. Clinical fee set at the rate applicable on entering Year 3. 2027-entry course page exists. VERIFY-ON-PAGE. [OFFICIAL]",,,,,
"course:keele/a100 (also a104 with health foundation year):international_fee_gbp:2026/27",1,"Keele University · MBChB Medicine",international_fee_gbp,2026/27,46700,https://www.keele.ac.uk/study/undergraduate/tuitionfeesandfunding/undergraduatetuitionfees/undergraduatetuitionfeesinternationalstudents/,VERIFY-ON-PAGE,"£46,700/yr, outside standard fee bands. VERIFY-ON-PAGE. [OFFICIAL]",,,,,
course:aston/a100:international_fee_gbp:2026/27,1,"Aston University · MBChB Medicine",international_fee_gbp,2026/27,47000,https://www.topuniversities.com/universities/aston-university/undergrad/medicine-mbchb,VERIFY-ON-PAGE,"£47,000/yr and 'fixed fee for duration' claim came from aggregator (TopUniversities); no aston.ac.uk page captured. LEAD - VERIFY-ON-PAGE. [LEAD (agent/prep site)]",,,,,
"course:leeds/a100 (also i900 gateway year to medicine):clinical_years_fee_differs:2027/28",1,"University of Leeds · MBChB Medicine and Surgery",clinical_years_fee_differs,2027/28,no,https://courses.leeds.ac.uk/5580/medicine-and-surgery-mbchb,VERIFY-ON-PAGE,,,,,,
"course:leeds/a100 (also i900 gateway year to medicine):international_fee_gbp:2027/28",1,"University of Leeds · MBChB Medicine and Surgery",international_fee_gbp,2027/28,50500,https://courses.leeds.ac.uk/5580/medicine-and-surgery-mbchb,VERIFY-ON-PAGE,"£50,500/yr for September 2027 start, stated as fixed for the duration of the course. Additional direct costs: criminal record checks (overseas), electives. VERIFY-ON-PAGE. [OFFICIAL]",,,,,
"course:birmingham/a100:clinical_years_fee_differs:UNCLEAR (likely 2025/26 or 2026/27)",1,"University of Birmingham · MBChB Medicine and Surgery (five-year)",clinical_years_fee_differs,"UNCLEAR (likely 2025/26 or 2026/27)",yes,https://www.birmingham.ac.uk/study/undergraduate/subjects/medicine-courses/medicine-and-surgery-mbchb,VERIFY-ON-PAGE,,,,,,
"course:birmingham/a100:international_fee_gbp:UNCLEAR (likely 2025/26 or 2026/27)",1,"University of Birmingham · MBChB Medicine and Surgery (five-year)",international_fee_gbp,"UNCLEAR (likely 2025/26 or 2026/27)",30330,https://www.birmingham.ac.uk/study/undergraduate/subjects/medicine-courses/medicine-and-surgery-mbchb,VERIFY-ON-PAGE,"Pre-clinical (years 1-2) £30,330; clinical (years 3-5) £48,660. Figures appear on official course page but fee year not confirmed in result. VERIFY-ON-PAGE including fee year. [OFFICIAL - FEE YEAR UNCONFIRMED]",,,,,
course:oxford/medicine:clinical_years_fee_differs:2026/27,1,"University of Oxford · Medicine",clinical_years_fee_differs,2026/27,yes,https://www.medsci.ox.ac.uk/study/medicine/fees-and-funding,VERIFY-ON-PAGE,,,,,,
"course:southampton/medicine:clinical_years_fee_differs:UNCLEAR (official page; year not confirmed)",1,"University of Southampton · Medicine",clinical_years_fee_differs,"UNCLEAR (official page; year not confirmed)",yes,https://www.southampton.ac.uk/courses/medicine-bm5-degree-bmbs,VERIFY-ON-PAGE,,,,,,
course:plymouth/medicine:clinical_years_fee_differs:2026/27,1,"University of Plymouth · Medicine",clinical_years_fee_differs,2026/27,no,https://www.plymouth.ac.uk/courses/undergraduate/bmbs-bachelor-of-medicine-bachelor-of-surgery,VERIFY-ON-PAGE,,,,,,
course:lancaster/medicine:clinical_years_fee_differs:2026/27,1,"Lancaster University · Medicine",clinical_years_fee_differs,2026/27,no,https://www.lancaster.ac.uk/study/undergraduate/courses/medicine-and-surgery-mbchb-a100/2026/,VERIFY-ON-PAGE,,,,,,
course:edinburgh/medicine:clinical_years_fee_differs:2026/27,1,"University of Edinburgh · Medicine",clinical_years_fee_differs,2026/27,no,https://registryservices.ed.ac.uk/tuition-fees/find/undergraduate/2026-2027/medicine,VERIFY-ON-PAGE,,,,,,
course:glasgow/medicine:clinical_years_fee_differs:2026/27,1,"University of Glasgow · Medicine",clinical_years_fee_differs,2026/27,no,https://www.gla.ac.uk/myglasgow/students/payingyourfees/undergraduate/2026-27/,VERIFY-ON-PAGE,,,,,,
course:aberdeen/medicine:clinical_years_fee_differs:2026/27,1,"University of Aberdeen · Medicine",clinical_years_fee_differs,2026/27,no,https://www.abdn.ac.uk/media/site/students/documents/UG--Full-time-Tuition-Fees-2026-27.pdf,VERIFY-ON-PAGE,,,,,,
course:dundee/medicine:clinical_years_fee_differs:2026/27,1,"University of Dundee · Medicine",clinical_years_fee_differs,2026/27,no,https://www.dundee.ac.uk/undergraduate/medicine/fees-and-funding,VERIFY-ON-PAGE,,,,,,
course:queens-belfast/medicine:clinical_years_fee_differs:2026/27,1,"Queen's University Belfast · Medicine",clinical_years_fee_differs,2026/27,no,https://www.qub.ac.uk/Study/international-students/tuition-fees/fees-26-27/,VERIFY-ON-PAGE,,,,,,
course:oxford/medicine:international_fee_gbp:2026/27,1,"University of Oxford · Medicine",international_fee_gbp,2026/27,49400,https://www.medsci.ox.ac.uk/study/medicine/fees-and-funding,VERIFY-ON-PAGE,"Pre-clinical (years 1-3) £49,400; clinical (years 4-6) £65,250. Government quota: max 14 overseas-fee Medicine students per year. VERIFY-ON-PAGE. [OFFICIAL]",,,,,
"course:southampton/medicine:international_fee_gbp:UNCLEAR (official page; year not confirmed)",1,"University of Southampton · Medicine",international_fee_gbp,"UNCLEAR (official page; year not confirmed)",35900,https://www.southampton.ac.uk/courses/medicine-bm5-degree-bmbs,VERIFY-ON-PAGE,"Non-clinical years £35,900; clinical years 3-5 £64,900. University states overseas fees increase every year for starts from 1 Aug 2026. VERIFY-ON-PAGE including fee year. [OFFICIAL - FEE YEAR UNCONFIRMED]",,,,,
course:plymouth/medicine:international_fee_gbp:2026/27,1,"University of Plymouth · Medicine",international_fee_gbp,2026/27,41920,https://www.plymouth.ac.uk/courses/undergraduate/bmbs-bachelor-of-medicine-bachelor-of-surgery,VERIFY-ON-PAGE,"£41,920/yr. International fee waiver reported: up to £6,000 (£4,000 yr1, £1,000 yr2, £1,000 final yr) - eligibility for BMBS NOT confirmed. VERIFY-ON-PAGE. [OFFICIAL]",,,,,
course:lancaster/medicine:international_fee_gbp:2026/27,1,"Lancaster University · Medicine",international_fee_gbp,2026/27,48620,https://www.lancaster.ac.uk/study/undergraduate/courses/medicine-and-surgery-mbchb-a100/2026/,VERIFY-ON-PAGE,"£48,620/yr plus £40 college fee. Fees reviewed annually, not fixed. VERIFY-ON-PAGE. [OFFICIAL]",,,,,
course:edinburgh/medicine:international_fee_gbp:2026/27,1,"University of Edinburgh · Medicine",international_fee_gbp,2026/27,54650,https://registryservices.ed.ac.uk/tuition-fees/find/undergraduate/2026-2027/medicine,VERIFY-ON-PAGE,"£54,650/yr, inclusive of Scottish Government ACT (NHS teaching) levy. 6-year programme. VERIFY-ON-PAGE. [OFFICIAL]",,,,,
course:glasgow/medicine:international_fee_gbp:2026/27,1,"University of Glasgow · Medicine",international_fee_gbp,2026/27,62730,https://www.gla.ac.uk/myglasgow/students/payingyourfees/undergraduate/2026-27/,VERIFY-ON-PAGE,"£62,730/yr (MBChB / clinical MVLS programmes). Highest flat 5-year fee found. VERIFY-ON-PAGE. [OFFICIAL]",,,,,
course:aberdeen/medicine:international_fee_gbp:2026/27,1,"University of Aberdeen · Medicine",international_fee_gbp,2026/27,50100,https://www.abdn.ac.uk/media/site/students/documents/UG--Full-time-Tuition-Fees-2026-27.pdf,VERIFY-ON-PAGE,"£50,100/yr including mandatory national (NHS teaching) levy. VERIFY-ON-PAGE. [OFFICIAL]",,,,,
course:dundee/medicine:international_fee_gbp:2026/27,1,"University of Dundee · Medicine",international_fee_gbp,2026/27,55900,https://www.dundee.ac.uk/undergraduate/medicine/fees-and-funding,VERIFY-ON-PAGE,"£55,900/yr = £45,900 tuition + £10,000 Scottish Government ACT levy. VERIFY-ON-PAGE. [OFFICIAL]",,,,,
course:queens-belfast/medicine:international_fee_gbp:2026/27,1,"Queen's University Belfast · Medicine",international_fee_gbp,2026/27,36900,https://www.qub.ac.uk/Study/international-students/tuition-fees/fees-26-27/,VERIFY-ON-PAGE,"Tuition approx £36,900/yr PLUS clinical placement levy £12,133 (2026/27) payable each of 5 years, not included in tuition. Effective total approx £49,033/yr. VERIFY-ON-PAGE. [OFFICIAL]",,,,,
course:lancashire/medicine:international_fee_gbp:2026/27,1,"University of Lancashire · Medicine & Surgery MBBS",international_fee_gbp,2026/27,49950,https://www.theukcatpeople.co.uk/post/uk-medical-school-tuition-fees-for-international-students-to-study-medicine,VERIFY-ON-PAGE,"From schools dataset; fee year assumed 2026/27 — confirm.",,,,,
course:nottingham/medicine:clinical_years_fee_differs:2026/27,1,"University of Nottingham · Medicine BMBS (Hons)",clinical_years_fee_differs,2026/27,yes,https://www.nottingham.ac.uk/fees/tuitionfees/202627/undergraduate.aspx,VERIFY-ON-PAGE,,,,,,
course:nottingham/medicine:international_fee_gbp:2026/27,1,"University of Nottingham · Medicine BMBS (Hons)",international_fee_gbp,2026/27,47000,https://www.nottingham.ac.uk/fees/tuitionfees/202627/undergraduate.aspx,VERIFY-ON-PAGE,"Years 1-2 £47,000; clinical rate years 3-5 £58,500 (2026/27; was £56,400 in 2025/26). VERIFY-ON-PAGE. [OFFICIAL]",,,,,
course:st-andrews/a100:clinical_years_fee_differs:2026/27,1,"University of St Andrews · Medicine BSc (Hons) - pre-clinical; students transfer to a partner school for clinical years (transfer detail NOT confirmed in this session)",clinical_years_fee_differs,2026/27,yes,https://www.st-andrews.ac.uk/study/undergraduate/fees/world/,VERIFY-ON-PAGE,,,,,,
course:st-andrews/a100:international_fee_gbp:2026/27,1,"University of St Andrews · Medicine BSc (Hons) - pre-clinical; students transfer to a partner school for clinical years (transfer detail NOT confirmed in this session)",international_fee_gbp,2026/27,39620,https://www.st-andrews.ac.uk/study/undergraduate/fees/world/,VERIFY-ON-PAGE,"£39,620/yr for the 3-year St Andrews BSc (includes Scottish levy). Overseas students then complete clinical training at University of Manchester (Manchester clinical rate applies - £60,900 in 2026/27). Annual adjustments typically 3-5%. VERIFY-ON-PAGE. [OFFICIAL]",,,,,
course:cambridge/a100:clinical_years_fee_differs:2026/27,1,"University of Cambridge · Medicine MB BChir",clinical_years_fee_differs,2026/27,no,https://www.undergraduate.study.cam.ac.uk/files/publications/undergraduate_tuition_fees_2026-27.pdf,VERIFY-ON-PAGE,,,,,,
course:cambridge/a100:international_fee_gbp:2026/27,1,"University of Cambridge · Medicine MB BChir",international_fee_gbp,2026/27,70554,https://www.undergraduate.study.cam.ac.uk/files/publications/undergraduate_tuition_fees_2026-27.pdf,VERIFY-ON-PAGE,"Flat £70,554/yr per official 2026-27 fee PDF. Separate annual College fee for overseas students (approx £11,500-£14,950 depending on College; range came from agent/prep sources - LEAD only). VERIFY-ON-PAGE. [OFFICIAL (tuition); LEAD (college fee)]",,,,,
course:cardiff/a100:clinical_years_fee_differs:2026/27,1,"Cardiff University · Medicine MBBCh",clinical_years_fee_differs,2026/27,no,https://www.cardiff.ac.uk/study/undergraduate/courses/2026/medicine-mbbch,VERIFY-ON-PAGE,,,,,,
course:cardiff/a100:international_fee_gbp:2026/27,1,"Cardiff University · Medicine MBBCh",international_fee_gbp,2026/27,47450,https://www.cardiff.ac.uk/study/undergraduate/courses/2026/medicine-mbbch,VERIFY-ON-PAGE,"£47,450/yr for all five years (2026 entry). VERIFY-ON-PAGE. [OFFICIAL]",,,,,
"course:brunel/a100 (institution code b84):international_fee_gbp:2026/27",1,"Brunel University of London · Medicine MBBS",international_fee_gbp,2026/27,49395,https://www.brunel.ac.uk/study/courses/medicine-mbbs,VERIFY-ON-PAGE,"From schools dataset; fee year assumed 2026/27 — confirm.",,,,,
course:ulster/graduate-entry:clinical_years_fee_differs:2026/27,1,"Ulster University · Medicine MBBS (Graduate Entry, 4 years)",clinical_years_fee_differs,2026/27,no,https://www.ulster.ac.uk/student/fees/tuition-fees/international/tuition-fees-202627-international-and-eu-excluding-roi,VERIFY-ON-PAGE,,,,,,
course:ulster/graduate-entry:international_fee_gbp:2026/27,1,"Ulster University · Medicine MBBS (Graduate Entry, 4 years)",international_fee_gbp,2026/27,39630,https://www.ulster.ac.uk/student/fees/tuition-fees/international/tuition-fees-202627-international-and-eu-excluding-roi,VERIFY-ON-PAGE,"GRADUATE ENTRY. Tuition £39,630 PLUS clinical placement levy £12,133 (2026/27) each year; effective approx £51,763/yr. Ulster has published a 2027/28 international fee page (figure not captured). VERIFY-ON-PAGE. [OFFICIAL]",,,,,
course:imperial/a100:clinical_years_fee_differs:2026/27,1,"Imperial College London · Medicine MBBS/BSc",clinical_years_fee_differs,2026/27,no,https://www.theukcatpeople.co.uk/post/uk-medical-school-tuition-fees-for-international-students-to-study-medicine,VERIFY-ON-PAGE,,,,,,
course:imperial/a100:international_fee_gbp:2026/27,1,"Imperial College London · Medicine MBBS/BSc",international_fee_gbp,2026/27,58600,https://www.theukcatpeople.co.uk/post/uk-medical-school-tuition-fees-for-international-students-to-study-medicine,VERIFY-ON-PAGE,"£58,600/yr figure surfaced via prep/agent aggregators (theukcatpeople, others); no imperial.ac.uk page captured in results. ~74 overseas places/yr. LEAD - VERIFY-ON-PAGE at imperial.ac.uk. [LEAD (agent/prep site)]",,,,,
course:leicester/a100:clinical_years_fee_differs:2026/27,1,"University of Leicester · Medicine MBChB",clinical_years_fee_differs,2026/27,yes,https://le.ac.uk/study/undergraduates/fees-funding/tuition-fees,VERIFY-ON-PAGE,,,,,,
course:leicester/a100:international_fee_gbp:2026/27,1,"University of Leicester · Medicine MBChB",international_fee_gbp,2026/27,30150,https://le.ac.uk/study/undergraduates/fees-funding/tuition-fees,VERIFY-ON-PAGE,"Years 1-2 £30,150; years 3-5 £48,900. Clinical-year fees confirmed closer to those years. VERIFY-ON-PAGE. [OFFICIAL]",,,,,
course:newcastle/a100:clinical_years_fee_differs:2026/27,1,"Newcastle University · Medicine and Surgery MB BS",clinical_years_fee_differs,2026/27,no,https://www.ncl.ac.uk/undergraduate/degrees/a100/,VERIFY-ON-PAGE,,,,,,
course:newcastle/a100:international_fee_gbp:2026/27,1,"Newcastle University · Medicine and Surgery MB BS",international_fee_gbp,2026/27,47000,https://www.ncl.ac.uk/undergraduate/degrees/a100/,VERIFY-ON-PAGE,"£47,000 (2026/27); Year 1 fee for 2027/28 published as £48,600. Result mentioned a possible 25%-off international scholarship - eligibility for Medicine NOT confirmed. VERIFY-ON-PAGE. [OFFICIAL]",,,,,
topic:gmc-registration:f1_visa_route:2027,1,"GMC registration and Foundation training",f1_visa_route,2027,"Health and Care Worker visa (Skilled Worker route) with the employing trust as sponsor",https://www.gov.uk/health-care-worker-visa,VERIFY-ON-PAGE,,,,,,
topic:gmc-registration:foundation_eligibility:2027,1,"GMC registration and Foundation training",foundation_eligibility,2027,"International graduates of UK medical schools apply to the UK Foundation Programme on the same basis as home graduates; right-to-work evidence is required after allocation and visa sponsorship is arranged for those who need it",https://foundationprogramme.nhs.uk/,VERIFY-ON-PAGE,,,,,,
topic:gmc-registration:mla:2027,1,"GMC registration and Foundation training",mla,2027,"All UK medical graduates from the 2024/25 academic year onwards must pass the Medical Licensing Assessment (AKT and CPSA) as part of their degree before provisional registration",https://www.gmc-uk.org/education/medical-licensing-assessment,VERIFY-ON-PAGE,"Nationality is not a criterion.",,,,,
topic:gmc-registration:prioritisation_proposal:2027,1,"GMC registration and Foundation training",prioritisation_proposal,2027,"The Government's 10 Year Health Plan (July 2025) and a Medical Training (Prioritisation) Bill propose prioritising UK medical graduates for specialty training from 2026–2027. Whether international UK graduates are in the priority group is not yet confirmed",https://commonslibrary.parliament.uk/,VERIFY-ON-PAGE,"Proposed / in progress — not settled law. Review quarterly.",,,,,
topic:gmc-registration:provisional_registration:2027,1,"GMC registration and Foundation training",provisional_registration,2027,"UK graduates apply to the GMC for provisional registration to begin Foundation Year 1",https://www.gmc-uk.org/registration-and-licensing/join-the-register/provisional-registration,VERIFY-ON-PAGE,,,,,,
topic:graduate-visa:fee_gbp:2027,1,"Graduate visa (post-study work)",fee_gbp,2027,,https://www.gov.uk/graduate-visa,NOT_FOUND,"Figures of £880 and £937 seen on secondary sources — conflicting; confirm on GOV.UK.",,,,,
topic:graduate-visa:length:2027,1,"Graduate visa (post-study work)",length,2027,"18 months for applications made on or after 1 January 2027 (previously 2 years)",https://www.gov.uk/graduate-visa,VERIFY-ON-PAGE,"Statement of Changes 14 October 2025; applies to anyone applying from 1 January 2027, so to all 2027 entrants.",,,,,
topic:costs-2026:funding_note:2026/27,1,"Other costs of studying Medicine in the UK",funding_note,2026/27,"Funding for international medicine students is limited: a few universities publish small partial scholarships (for example 5% of fees); most exclude Medicine from international fee discounts",https://www.hyms.ac.uk/,VERIFY-ON-PAGE,"Examples: HYMS International Excellence Scholarship (5%, 2025 entry). Confirm each year.",,,,,
topic:costs-2026:living_costs_note:2026/27,1,"Other costs of studying Medicine in the UK",living_costs_note,2026/27,"University cost-of-living pages and UKCISA guidance were not reached in research",https://www.ukcisa.org.uk/,NOT_FOUND,"Gap list, research 08 §4.",,,,,
topic:ucas-2027:agent_statement:2027,1,"UCAS 2027 entry",agent_statement,2027,"UCAS states applicants are not disadvantaged by applying without an agent; agents may register as UCAS centres (a UK university reference is required)",https://www.ucas.com/advisers/international-advisers,VERIFY-ON-PAGE,,,,,,
topic:ucas-2027:application_fee_gbp:2027,1,"UCAS 2027 entry",application_fee_gbp,2027,34.5,https://www.ucas.com/undergraduate/applying-university/how-apply-undergraduate-courses,NOT_FOUND,"Figure seen on secondary sources only; confirm on ucas.com.",,,,,
topic:ucas-2027:applications_open:2027,1,"UCAS 2027 entry",applications_open,2027,"12 May 2026",https://www.ucas.com/undergraduate/applying-university/ucas-undergraduate-when-apply,VERIFY-ON-PAGE,"Adviser portal opened; students could start their applications.",,,,,
topic:ucas-2027:clearing_opens:2027,1,"UCAS 2027 entry",clearing_opens,2027,"2 July 2027",https://www.ucas.com/undergraduate/applying-university/ucas-undergraduate-when-apply,VERIFY-ON-PAGE,,,,,,
topic:ucas-2027:deadline_main:2027,1,"UCAS 2027 entry",deadline_main,2027,"13 January 2027, 18:00 (UK time)",https://www.ucas.com/undergraduate/applying-university/ucas-undergraduate-when-apply,VERIFY-ON-PAGE,"Equal-consideration deadline for most other courses.",,,,,
topic:ucas-2027:deadline_medicine:2027,1,"UCAS 2027 entry",deadline_medicine,2027,"15 October 2026, 18:00 (UK time)",https://www.ucas.com/undergraduate/applying-university/ucas-undergraduate-when-apply,VERIFY-ON-PAGE,"Equal-consideration deadline for medicine, dentistry, veterinary medicine/science, and Oxford and Cambridge.",,,,,
topic:ucas-2027:document_upload:2027,1,"UCAS 2027 entry",document_upload,2027,"Applicants can upload supporting documents (up to 30 files, 5 MB each) such as certificates, transcripts, translations, English certificates and passport",https://www.ucas.com/,VERIFY-ON-PAGE,"New for 2027 entry.",,,,,
topic:ucas-2027:extra_opens:2027,1,"UCAS 2027 entry",extra_opens,2027,"25 February 2027",https://www.ucas.com/undergraduate/applying-university/ucas-undergraduate-when-apply,VERIFY-ON-PAGE,,,,,,
topic:ucas-2027:final_date:2027,1,"UCAS 2027 entry",final_date,2027,"23 September 2027",https://www.ucas.com/undergraduate/applying-university/ucas-undergraduate-when-apply,VERIFY-ON-PAGE,"Last date to add Clearing choices.",,,,,
topic:ucas-2027:max_medicine_choices:2027,1,"UCAS 2027 entry",max_medicine_choices,2027,"4 of 5 choices may be medicine; the fifth must be a different course",https://www.ucas.com/undergraduate/applying-university/ucas-undergraduate-filling-your-application,VERIFY-ON-PAGE,,,,,,
topic:ucas-2027:personal_statement_format:2027,1,"UCAS 2027 entry",personal_statement_format,2027,"Three structured questions, 4,000 characters in total (minimum 350 per answer)",https://www.ucas.com/undergraduate/applying-university/writing-your-personal-statement,VERIFY-ON-PAGE,"Format introduced for 2026 entry and continuing for 2027.",,,,,
topic:ucas-2027:submission_opens:2027,1,"UCAS 2027 entry",submission_opens,2027,"1 September 2026",https://www.ucas.com/undergraduate/applying-university/ucas-undergraduate-when-apply,VERIFY-ON-PAGE,,,,,,
topic:ucat-2026:access_arrangements_deadline:2027,1,"UCAT 2026 (for 2027 entry)",access_arrangements_deadline,2027,"10 September 2026, 15:00 (UK time)",https://www.ucat.ac.uk/ucat/dates-and-fees/,VERIFY-ON-PAGE,"Extra time or other adjustments must be approved before booking the test.",,,,,
topic:ucat-2026:booking_deadline:2027,1,"UCAT 2026 (for 2027 entry)",booking_deadline,2027,"16 September 2026, 15:00 (UK time); registration closes at the same time, no exceptions",https://www.ucat.ac.uk/ucat/dates-and-fees/,VERIFY-ON-PAGE,,,,,,
topic:ucat-2026:booking_opens:2027,1,"UCAT 2026 (for 2027 entry)",booking_opens,2027,"23 June 2026",https://www.ucat.ac.uk/ucat/dates-and-fees/,VERIFY-ON-PAGE,,,,,,
topic:ucat-2026:fee_international_gbp:2027,1,"UCAT 2026 (for 2027 entry)",fee_international_gbp,2027,115,https://www.ucat.ac.uk/ucat/registration-booking/test-fees-bursaries/,NOT_FOUND,"Seen on secondary sources; confirm on ucat.ac.uk.",,,,,
topic:ucat-2026:fee_uk_gbp:2027,1,"UCAT 2026 (for 2027 entry)",fee_uk_gbp,2027,70,https://www.ucat.ac.uk/ucat/registration-booking/test-fees-bursaries/,NOT_FOUND,"Seen on secondary sources; confirm on ucat.ac.uk.",,,,,
topic:ucat-2026:registration_window:2027,1,"UCAT 2026 (for 2027 entry)",registration_window,2027,"20 May – 16 September 2026",https://www.ucat.ac.uk/ucat/dates-and-fees/,VERIFY-ON-PAGE,,,,,,
topic:ucat-2026:results_to_candidates:2027,1,"UCAT 2026 (for 2027 entry)",results_to_candidates,2027,"Candidates receive their score report shortly after the test (reported); official wording not yet located",https://www.ucat.ac.uk/ucat/dates-and-fees/,NOT_FOUND,"Confirm on ucat.ac.uk before showing.",,,,,
topic:ucat-2026:results_to_universities:2027,1,"UCAT 2026 (for 2027 entry)",results_to_universities,2027,"Early November 2026",https://www.ucat.ac.uk/ucat/dates-and-fees/,VERIFY-ON-PAGE,,,,,,
topic:ucat-2026:structure:2027,1,"UCAT 2026 (for 2027 entry)",structure,2027,"Verbal Reasoning, Decision Making, Quantitative Reasoning, plus the Situational Judgement Test. Abstract Reasoning was removed from 2025. Cognitive total is scored out of 2700",https://www.ucat.ac.uk/ucat/test-format/,VERIFY-ON-PAGE,"Older benchmarks out of 3600 no longer apply.",,,,,
topic:ucat-2026:subtests:2027,1,"UCAT 2026 (for 2027 entry)",subtests,2027,"Verbal Reasoning 44 questions / 22 minutes; Decision Making 35 / 37; Quantitative Reasoning 36 / 26; Situational Judgement about 69 / 26. Each cognitive subtest scaled 300–900; SJT reported in Bands 1–4",https://www.ucat.ac.uk/ucat/test-format/,NOT_FOUND,"Reported by secondary sources; confirm counts and timings on the official test-format page.",,,,,
topic:ucat-2026:test_centres_nigeria:2027,1,"UCAT 2026 (for 2027 entry)",test_centres_nigeria,2027,"Delivered at Pearson VUE test centres; Lagos and Abuja reported as the practical options, with limited capacity",https://www.ucat.ac.uk/ucat/registration-booking/test-centres/,NOT_FOUND,"Official centre list not reached in research; confirm.",,,,,
topic:ucat-2026:testing_window:2027,1,"UCAT 2026 (for 2027 entry)",testing_window,2027,"13 July – 24 September 2026",https://www.ucat.ac.uk/ucat/dates-and-fees/,VERIFY-ON-PAGE,,,,,,
topic:student-visa:application_fee_gbp:2026,1,"UK Student visa (Nigeria → UK)",application_fee_gbp,2026,,https://www.gov.uk/student-visa,NOT_FOUND,"Not reached in research; confirm on GOV.UK.",,,,,
topic:student-visa:dependants:2026,1,"UK Student visa (Nigeria → UK)",dependants,2026,"Undergraduate students cannot bring dependants (rule in force since January 2024)",https://www.gov.uk/student-visa,VERIFY-ON-PAGE,,,,,,
topic:student-visa:ihs_per_year_gbp:2026,1,"UK Student visa (Nigeria → UK)",ihs_per_year_gbp,2026,1035,https://www.gov.uk/healthcare-immigration-application/how-much-pay,VERIFY-ON-PAGE,,,,,,
topic:student-visa:maintenance_london_monthly_gbp:2026,1,"UK Student visa (Nigeria → UK)",maintenance_london_monthly_gbp,2026,1483,https://www.gov.uk/student-visa/money,VERIFY-ON-PAGE,"From January 2025. Reported rise to £1,570 from 30 November 2026 — not confirmed on GOV.UK.",,,,,
topic:student-visa:maintenance_outside_london_monthly_gbp:2026,1,"UK Student visa (Nigeria → UK)",maintenance_outside_london_monthly_gbp,2026,1136,https://www.gov.uk/student-visa/money,VERIFY-ON-PAGE,"From January 2025. Reported rise to £1,203 from 30 November 2026 — not confirmed on GOV.UK.",,,,,
topic:student-visa:tb_test:2026,1,"UK Student visa (Nigeria → UK)",tb_test,2026,"Applicants from Nigeria must take a tuberculosis test at an approved clinic before applying",https://www.gov.uk/tb-test-visa,VERIFY-ON-PAGE,"Clinic fee set by the clinic.",,,,,
topic:student-visa:work_term_time:2026,1,"UK Student visa (Nigeria → UK)",work_term_time,2026,"Up to 20 hours per week during term time for degree-level students; full-time in vacations; no self-employment",https://www.gov.uk/student-visa,VERIFY-ON-PAGE,,,,,,
course:liverpool/a100:admissions_test,2,"University of Liverpool · A100 5-year Programme (MBChB)",admissions_test,,UCAT,https://www.ucat.ac.uk/about-ucat/universities/,VERIFY-ON-PAGE,,,,,,
course:liverpool/a100:application_route,2,"University of Liverpool · A100 5-year Programme (MBChB)",application_route,,UCAS,"https://www.liverpool.ac.uk/media/livacuk/schoolofmedicine/admissions/A100,Departmental,Supplement,E2027.pdf",VERIFY-ON-PAGE,,,,,,
course:brighton-sussex/a100:admissions_test,2,"Brighton and Sussex Medical School · BM BS Medicine",admissions_test,,"UCAT (SJT band 1-3 required; ranked on total score)",https://www.bsms.ac.uk/undergraduate/applying-to-bsms/admissions-process.aspx,VERIFY-ON-PAGE,,,,,,
"course:kent-medway/a100 (institution code k31):admissions_test",2,"Kent and Medway Medical School · BM BS Medicine",admissions_test,,"UCAT (all applicants; threshold set annually)",https://kmms.ac.uk/entry-requirements-2027/,VERIFY-ON-PAGE,,,,,,
course:brighton-sussex/a100:application_route,2,"Brighton and Sussex Medical School · BM BS Medicine",application_route,,UCAS,https://www.bsms.ac.uk/undergraduate/applying-to-bsms/admissions-process.aspx,VERIFY-ON-PAGE,,,,,,
"course:kent-medway/a100 (institution code k31):application_route",2,"Kent and Medway Medical School · BM BS Medicine",application_route,,UCAS,https://kmms.ac.uk/study/applying/,VERIFY-ON-PAGE,,,,,,
course:exeter/a100:admissions_test,2,"University of Exeter · BMBS Medicine",admissions_test,,"UCAT (approx 75% academic / 25% UCAT weighting for interview selection)",https://www.exeter.ac.uk/v8media/recruitmentsites/documents/BMBS_Admissions_Policy_2026_(V4).pdf,VERIFY-ON-PAGE,,,,,,
course:exeter/a100:application_route,2,"University of Exeter · BMBS Medicine",application_route,,UCAS,https://www.exeter.ac.uk/undergraduate-degrees/bmbs-medicine/,VERIFY-ON-PAGE,,,,,,
course:chester/a101:admissions_test,2,"University of Chester · Graduate Entry Medicine MBChB (graduate-entry only; no A100 found)",admissions_test,,"UCAT, GAMSAT or MCAT (any one, minimum threshold)",https://www.chester.ac.uk/international/how-to-apply/applying-for-graduate-entry-medicine/,VERIFY-ON-PAGE,,,,,,
course:chester/a101:application_route,2,"University of Chester · Graduate Entry Medicine MBChB (graduate-entry only; no A100 found)",application_route,,UCAS,https://www.chester.ac.uk/international/how-to-apply/applying-for-graduate-entry-medicine/,VERIFY-ON-PAGE,,,,,,
course:hull-york/a100:admissions_test,2,"Hull York Medical School · MB BS Medicine",admissions_test,,"UCAT (points: decile up to 35, SJT band up to 15, GCSEs up to 35, contextual up to 15; SJT Band 4 not interviewed)",https://www.hyms.ac.uk/medicine/applying/selection-procedure,VERIFY-ON-PAGE,,,,,,
course:hull-york/a100:application_route,2,"Hull York Medical School · MB BS Medicine",application_route,,UCAS,https://www.hyms.ac.uk/medicine/applying/selection-procedure,VERIFY-ON-PAGE,,,,,,
course:bristol/a100:admissions_test,2,"University of Bristol · MB ChB Medicine",admissions_test,,UCAT,https://www.ucat.ac.uk/about-ucat/universities/,VERIFY-ON-PAGE,,,,,,
course:buckingham/medicine:admissions_test,2,"University of Buckingham · MB ChB Medicine",admissions_test,,"None (no UCAT; in-house three-stage selection)",https://www.themedicportal.com/blog/which-uk-medical-schools-do-not-require-ucat/,VERIFY-ON-PAGE,,,,,,
course:bristol/a100:application_route,2,"University of Bristol · MB ChB Medicine",application_route,,UCAS,https://www.bristol.ac.uk/study/undergraduate/2027/medicine/mb-chb-medicine/,VERIFY-ON-PAGE,,,,,,
course:buckingham/medicine:application_route,2,"University of Buckingham · MB ChB Medicine",application_route,,"UCAS or direct via university website",https://www.themedicportal.com/school/university-of-buckingham/,VERIFY-ON-PAGE,,,,,,
course:ucl/medicine:admissions_test,2,"University College London · MBBS",admissions_test,,UCAT,https://www.ucat.ac.uk/about-ucat/universities/,VERIFY-ON-PAGE,,,,,,
course:hertfordshire/medicine:admissions_test,2,"University of Hertfordshire · MBBS",admissions_test,,"UCAT (University of Hertfordshire appears in UCAT consortium list)",https://www.ucat.ac.uk/about-ucat/universities/,VERIFY-ON-PAGE,,,,,,
course:ucl/medicine:application_route,2,"University College London · MBBS",application_route,,UCAS,https://www.ucl.ac.uk/medical-sciences/divisions/medical-school/study/undergraduate/mbbs-admissions/entry-requirements/2027-entry,VERIFY-ON-PAGE,,,,,,
course:queen-mary-london/a100:admissions_test,2,"Queen Mary University of London · MBBS Medicine",admissions_test,,"UCAT (minimum: at or above 4th decile to be considered for interview)",https://www.qmul.ac.uk/fmd/study/undergraduate/courses/a100/selection-criteria/,VERIFY-ON-PAGE,,,,,,
course:east-anglia/a100:admissions_test,2,"University of East Anglia · MBBS Medicine",admissions_test,,"UCAT (all applicants, year of application; no cut-off score)",https://www.uea.ac.uk/course/undergraduate/mbbs-medicine,VERIFY-ON-PAGE,,,,,,
course:kings-college-london/a100:admissions_test,2,"King's College London · MBBS Medicine",admissions_test,,"UCAT (compulsory for all applicants worldwide, same calendar year)",https://www.ucat.ac.uk/about-ucat/universities/,VERIFY-ON-PAGE,,,,,,
course:queen-mary-london/a100:application_route,2,"Queen Mary University of London · MBBS Medicine",application_route,,UCAS,https://www.qmul.ac.uk/fmd/study/undergraduate/courses/a100/selection-criteria/,VERIFY-ON-PAGE,,,,,,
course:east-anglia/a100:application_route,2,"University of East Anglia · MBBS Medicine",application_route,,UCAS,https://www.uea.ac.uk/course/undergraduate/mbbs-medicine,VERIFY-ON-PAGE,,,,,,
course:kings-college-london/a100:application_route,2,"King's College London · MBBS Medicine",application_route,,UCAS,https://www.theukcatpeople.co.uk/guide/medical-school/medicine/university-of-kings-college-london-,VERIFY-ON-PAGE,,,,,,
course:anglia-ruskin/a100:admissions_test,2,"Anglia Ruskin University · MBChB Medicine",admissions_test,,UCAT,https://www.ucat.ac.uk/about-ucat/universities/,VERIFY-ON-PAGE,,,,,,
course:aston/a100:admissions_test,2,"Aston University · MBChB Medicine",admissions_test,,"UCAT (must be sat in year of application); from 2027 entry overseas applicants ranked for MMI on UCAT total score only",https://www.aston.ac.uk/hls/aston-medical-school/advice-zone/faq,VERIFY-ON-PAGE,,,,,,
"course:edge-hill/a100 (also a110 medicine with foundation year, 6 years, north west england residents):admissions_test",2,"Edge Hill University · MBChB Medicine",admissions_test,,"UCAT (ranked on score; SJT Band 4 rejected)",https://www.ucat.ac.uk/about-ucat/universities/,VERIFY-ON-PAGE,,,,,,
"course:keele/a100 (also a104 with health foundation year):admissions_test",2,"Keele University · MBChB Medicine",admissions_test,,"UCAT (international: total >= 1950 and SJT band 1-3, else auto-reject; ranked on total UCAT only)",https://www.keele.ac.uk/study/undergraduate/undergraduatecourses/medicine/medicinehowtoapply/,VERIFY-ON-PAGE,,,,,,
course:manchester/a100:admissions_test,2,"University of Manchester · MBChB Medicine",admissions_test,,UCAT,https://www.ucat.ac.uk/about-ucat/universities/,VERIFY-ON-PAGE,,,,,,
course:greater-manchester/medicine:admissions_test,2,"University of Greater Manchester · MBChB Medicine",admissions_test,,"UCAT required for the September 2028 cohort onwards; requirements for earlier cohorts may differ - 2027 requirement NOT confirmed in this session",https://medicine.greatermanchester.ac.uk/undergraduate-medical-school/,VERIFY-ON-PAGE,,,,,,
course:anglia-ruskin/a100:application_route,2,"Anglia Ruskin University · MBChB Medicine",application_route,,UCAS,https://www.medschools.ac.uk/courses/anglia-ruskin-medicine-a100/,VERIFY-ON-PAGE,,,,,,
course:aston/a100:application_route,2,"Aston University · MBChB Medicine",application_route,,UCAS,https://www.medschools.ac.uk/courses/aston-university-mbchb-medicine-a100/,VERIFY-ON-PAGE,,,,,,
"course:edge-hill/a100 (also a110 medicine with foundation year, 6 years, north west england residents):application_route",2,"Edge Hill University · MBChB Medicine",application_route,,UCAS,https://www.medschools.ac.uk/courses/edge-hill-medicine-a100/,VERIFY-ON-PAGE,,,,,,
"course:keele/a100 (also a104 with health foundation year):application_route",2,"Keele University · MBChB Medicine",application_route,,UCAS,https://www.keele.ac.uk/study/undergraduate/undergraduatecourses/medicine/medicinehowtoapply/,VERIFY-ON-PAGE,,,,,,
course:manchester/a100:application_route,2,"University of Manchester · MBChB Medicine",application_route,,UCAS,https://www.manchester.ac.uk/study/undergraduate/courses/2027/01428/mbchb-medicine/,VERIFY-ON-PAGE,,,,,,
course:greater-manchester/medicine:application_route,2,"University of Greater Manchester · MBChB Medicine",application_route,,"Direct to the university (registration portal on the medical school site); no UCAS listing found",https://medicine.greatermanchester.ac.uk/undergraduate-medical-school/register/,VERIFY-ON-PAGE,,,,,,
"course:leeds/a100 (also i900 gateway year to medicine):application_route",2,"University of Leeds · MBChB Medicine and Surgery",application_route,,UCAS,https://www.medschools.ac.uk/courses/leeds-medicine-a100/,VERIFY-ON-PAGE,,,,,,
course:birmingham/a100:admissions_test,2,"University of Birmingham · MBChB Medicine and Surgery (five-year)",admissions_test,,UCAT,https://www.ucat.ac.uk/about-ucat/universities/,VERIFY-ON-PAGE,,,,,,
course:birmingham/a100:application_route,2,"University of Birmingham · MBChB Medicine and Surgery (five-year)",application_route,,UCAS,https://www.birmingham.ac.uk/documents/college-mds/medical-school/mbchb-admissions-statistics-sept-2024.pdf,VERIFY-ON-PAGE,,,,,,
course:lancaster/medicine:admissions_test,2,"Lancaster University · Medicine",admissions_test,,UCAT,https://www.ucat.ac.uk/about-ucat/universities/,VERIFY-ON-PAGE,,,,,,
course:oxford/medicine:admissions_test,2,"University of Oxford · Medicine",admissions_test,,UCAT,https://www.ucat.ac.uk/about-ucat/universities/,VERIFY-ON-PAGE,,,,,,
course:plymouth/medicine:admissions_test,2,"University of Plymouth · Medicine",admissions_test,,UCAT,https://www.ucat.ac.uk/about-ucat/universities/,VERIFY-ON-PAGE,,,,,,
course:sheffield/medicine:admissions_test,2,"University of Sheffield · Medicine",admissions_test,,UCAT,https://www.ucat.ac.uk/about-ucat/universities/,VERIFY-ON-PAGE,,,,,,
course:southampton/medicine:admissions_test,2,"University of Southampton · Medicine",admissions_test,,UCAT,https://www.ucat.ac.uk/about-ucat/universities/,VERIFY-ON-PAGE,,,,,,
course:sunderland/medicine:admissions_test,2,"University of Sunderland · Medicine",admissions_test,,UCAT,https://www.ucat.ac.uk/about-ucat/universities/,VERIFY-ON-PAGE,,,,,,
course:warwick/medicine:admissions_test,2,"University of Warwick · Medicine",admissions_test,,"UCAT (Warwick appears in the UCAT consortium list)",https://www.ucat.ac.uk/about-ucat/universities/,VERIFY-ON-PAGE,,,,,,
course:aberdeen/medicine:admissions_test,2,"University of Aberdeen · Medicine",admissions_test,,UCAT,https://www.ucat.ac.uk/about-ucat/universities/,VERIFY-ON-PAGE,,,,,,
course:dundee/medicine:admissions_test,2,"University of Dundee · Medicine",admissions_test,,UCAT,https://www.ucat.ac.uk/about-ucat/universities/,VERIFY-ON-PAGE,,,,,,
course:edinburgh/medicine:admissions_test,2,"University of Edinburgh · Medicine",admissions_test,,UCAT,https://www.ucat.ac.uk/about-ucat/universities/,VERIFY-ON-PAGE,,,,,,
course:glasgow/medicine:admissions_test,2,"University of Glasgow · Medicine",admissions_test,,UCAT,https://www.ucat.ac.uk/about-ucat/universities/,VERIFY-ON-PAGE,,,,,,
course:lancashire/medicine:admissions_test,2,"University of Lancashire · Medicine & Surgery MBBS",admissions_test,,"UCAT expected for UK applicants; NOT required for international applicants",https://www.theukcatpeople.co.uk/guide/medical-school/medicine/university-of-uclan-,VERIFY-ON-PAGE,,,,,,
course:lancashire/medicine:application_route,2,"University of Lancashire · Medicine & Surgery MBBS",application_route,,"UCAS or direct application portal (international applicants may apply direct after the UCAS deadline subject to places)",https://www.lancashire.ac.uk/undergraduate/courses/medicine-mbbs,VERIFY-ON-PAGE,,,,,,
course:pears-cumbria/a102:admissions_test,2,"Pears Cumbria School of Medicine · Medicine (Graduate Entry) MBBS",admissions_test,,"GAMSAT or UCAT (ranked on score; no fixed minimum published for 2027)",https://www.medschools.ac.uk/courses/pears-cumbria-medicine-a102/,VERIFY-ON-PAGE,,,,,,
course:pears-cumbria/a102:application_route,2,"Pears Cumbria School of Medicine · Medicine (Graduate Entry) MBBS",application_route,,"UCAS (deadline 15 Oct 2026 18:00 UK)",https://www.ucas.com/explore/courses/57772005-274b-4cb3-a141-e51d2290535e/medicine-graduate-entry-pears-cumbria-school-of-medicine?studyYear=2027,VERIFY-ON-PAGE,,,,,,
course:worcester/a101:admissions_test,2,"University of Worcester · Medicine (Graduate Entry) MBChB",admissions_test,,"UCAT, GAMSAT or MCAT accepted (no hard cut-off)",https://www.worcester.ac.uk/about/academic-schools/medical-school/medical-school-admissions/mbchb-application-faqs.aspx,VERIFY-ON-PAGE,,,,,,
course:worcester/a101:application_route,2,"University of Worcester · Medicine (Graduate Entry) MBChB",application_route,,UCAS,https://www.medschools.ac.uk/courses/worcester-three-counties-medical-school-mbchb-medicine-a101/,VERIFY-ON-PAGE,,,,,,
course:nottingham/medicine:admissions_test,2,"University of Nottingham · Medicine BMBS (Hons)",admissions_test,,UCAT,https://www.ucat.ac.uk/about-ucat/universities/,VERIFY-ON-PAGE,,,,,,
course:nottingham/medicine:application_route,2,"University of Nottingham · Medicine BMBS (Hons)",application_route,,UCAS,https://www.nottingham.ac.uk/studywithus/ugstudy/courses/UG/Medicine-BMBS.html,VERIFY-ON-PAGE,,,,,,
course:st-andrews/a100:admissions_test,2,"University of St Andrews · Medicine BSc (Hons) - pre-clinical; students transfer to a partner school for clinical years (transfer detail NOT confirmed in this session)",admissions_test,,UCAT,https://www.ucat.ac.uk/about-ucat/universities/,VERIFY-ON-PAGE,,,,,,
course:cambridge/a100:admissions_test,2,"University of Cambridge · Medicine MB BChir",admissions_test,,"UCAT (cognitive subtests; SJT not used for 2027 entry)",https://www.undergraduate.study.cam.ac.uk/courses/medicine-mb-bchir,VERIFY-ON-PAGE,,,,,,
course:cambridge/a100:application_route,2,"University of Cambridge · Medicine MB BChir",application_route,,UCAS,https://www.undergraduate.study.cam.ac.uk/courses/medicine-mb-bchir,VERIFY-ON-PAGE,,,,,,
course:cardiff/a100:admissions_test,2,"Cardiff University · Medicine MBBCh",admissions_test,,UCAT,https://www.ucat.ac.uk/about-ucat/universities/,VERIFY-ON-PAGE,,,,,,
course:cardiff/a100:application_route,2,"Cardiff University · Medicine MBBCh",application_route,,UCAS,https://www.cardiff.ac.uk/study/undergraduate/courses/course/medicine-mbbch,VERIFY-ON-PAGE,,,,,,
"course:brunel/a100 (institution code b84):admissions_test",2,"Brunel University of London · Medicine MBBS",admissions_test,,"Home applicants: UCAT or GAMSAT; international applicants: no admissions test required",https://www.brunel.ac.uk/brunel-medical-school/documents/pdf/MBBS-FAQ-January-2024.pdf,VERIFY-ON-PAGE,,,,,,
"course:brunel/a100 (institution code b84):application_route",2,"Brunel University of London · Medicine MBBS",application_route,,"UCAS or direct to Brunel (international fee status; direct deadline 30 June 2027, may close earlier)",https://www.brunel.ac.uk/study/courses/medicine-mbbs,VERIFY-ON-PAGE,,,,,,
course:imperial/a100:admissions_test,2,"Imperial College London · Medicine MBBS/BSc",admissions_test,,"UCAT (same year as application); overseas threshold total 2310, SJT Band 4 discounted (2026 cycle)",https://www.imperial.ac.uk/media/imperial-college/medicine/study/undergraduate/A100-FOI-FAQs-2026--v2.pdf,VERIFY-ON-PAGE,,,,,,
course:imperial/a100:application_route,2,"Imperial College London · Medicine MBBS/BSc",application_route,,UCAS,https://www.imperial.ac.uk/study/courses/undergraduate/medicine/,VERIFY-ON-PAGE,,,,,,
course:leicester/a100:admissions_test,2,"University of Leicester · Medicine MBChB",admissions_test,,UCAT,https://www.ucat.ac.uk/about-ucat/universities/,VERIFY-ON-PAGE,,,,,,
course:leicester/a100:application_route,2,"University of Leicester · Medicine MBChB",application_route,,UCAS,https://le.ac.uk/study/medicine/entry-requirements/mbchb-2027,VERIFY-ON-PAGE,,,,,,
course:newcastle/a100:admissions_test,2,"Newcastle University · Medicine and Surgery MB BS",admissions_test,,UCAT,https://www.ucat.ac.uk/about-ucat/universities/,VERIFY-ON-PAGE,,,,,,
course:newcastle/a100:application_route,2,"Newcastle University · Medicine and Surgery MB BS",application_route,,UCAS,https://www.ncl.ac.uk/undergraduate/degrees/a100/,VERIFY-ON-PAGE,,,,,,
university:anglia-ruskin:international_accepted,2,"Anglia Ruskin University",international_accepted,,no,https://www.medschools.ac.uk/courses/anglia-ruskin-medicine-a100/,VERIFY-ON-PAGE,,,,,,
"university:aston:a_level_requirement:2027 entry",2,"Aston University",a_level_requirement,"2027 entry","AAA (verify) incl. Chemistry and Biology; 6 GCSEs/IGCSEs at B/6 incl. Maths, English Language, Chemistry, Biology; UCAT.",https://www.aston.ac.uk/international/aston-in-your-country/africa/nigeria,VERIFY-ON-PAGE,,,,,,
"university:aston:english_requirement:2027 entry",2,"Aston University",english_requirement,"2027 entry","WASSCE English C4 (official, MBChB) or IELTS 7.0 each (AGENT-LEAD).",https://www.aston.ac.uk/international/aston-in-your-country/africa/nigeria,VERIFY-ON-PAGE,,,,,,
"university:aston:foundation_route:2027 entry",2,"Aston University",foundation_route,"2027 entry","Aston International Foundation Programme (progression to MBChB not stated).",https://www.aston.ac.uk/international/aston-in-your-country/africa/nigeria,VERIFY-ON-PAGE,,,,,,
"university:aston:gem_international:2027 entry",2,"Aston University",gem_international,"2027 entry",n/a,https://www.aston.ac.uk/international/aston-in-your-country/africa/nigeria,VERIFY-ON-PAGE,,,,,,
university:aston:international_accepted,2,"Aston University",international_accepted,,yes,https://www.aston.ac.uk/hls/aston-medical-school/advice-zone/faq,VERIFY-ON-PAGE,,,,,,
"university:aston:international_places_open:2027 entry",2,"Aston University",international_places_open,"2027 entry",Yes.,https://www.aston.ac.uk/international/aston-in-your-country/africa/nigeria,VERIFY-ON-PAGE,,,,,,
"university:aston:waec_neco_statement:2027 entry",2,"Aston University",waec_neco_statement,"2027 entry","Nigeria page: for entry onto the MBChB, a minimum grade of C4 in English Language in the West African Secondary School Certificate is required (English evidence). Overseas qualifications equated to GCSE/A-level grades.",https://www.aston.ac.uk/international/aston-in-your-country/africa/nigeria,VERIFY-ON-PAGE,"Medicine-specific statement.",,,,,
university:bangor:international_accepted,2,"Bangor University",international_accepted,,no,https://www.theukcatpeople.co.uk/post/uk-medical-school-tuition-fees-for-international-students-to-study-medicine,VERIFY-ON-PAGE,,,,,,
university:brighton-sussex:international_accepted,2,"Brighton and Sussex Medical School",international_accepted,,yes,https://www.bsms.ac.uk/undergraduate/applying-to-bsms/entry-requirements.aspx,VERIFY-ON-PAGE,,,,,,
"university:brunel:a_level_requirement:2027 entry",2,"Brunel University of London",a_level_requirement,"2027 entry","Subject criteria: Biology or Chemistry + one of Biology/Chemistry/Maths/Physics (A-level grades to verify).",https://www.brunel.ac.uk/brunel-medical-school/documents/pdf/MBBS-international-entry-requirements-2025-entry-approved.pdf,NOT_FOUND,,,,,,
"university:brunel:english_requirement:2027 entry",2,"Brunel University of London",english_requirement,"2027 entry","IELTS 7.0 in each component.",https://www.brunel.ac.uk/brunel-medical-school/documents/pdf/MBBS-international-entry-requirements-2025-entry-approved.pdf,NOT_FOUND,,,,,,
"university:brunel:foundation_route:2027 entry",2,"Brunel University of London",foundation_route,"2027 entry","Not researched.",https://www.brunel.ac.uk/brunel-medical-school/documents/pdf/MBBS-international-entry-requirements-2025-entry-approved.pdf,NOT_FOUND,,,,,,
"university:brunel:gem_international:2027 entry",2,"Brunel University of London",gem_international,"2027 entry",n/a,https://www.brunel.ac.uk/brunel-medical-school/documents/pdf/MBBS-international-entry-requirements-2025-entry-approved.pdf,NOT_FOUND,,,,,,
university:brunel:international_accepted,2,"Brunel University of London",international_accepted,,yes,https://www.brunel.ac.uk/study/courses/medicine-mbbs,VERIFY-ON-PAGE,,,,,,
"university:brunel:international_places_open:2027 entry",2,"Brunel University of London",international_places_open,"2027 entry",Yes.,https://www.brunel.ac.uk/brunel-medical-school/documents/pdf/MBBS-international-entry-requirements-2025-entry-approved.pdf,NOT_FOUND,,,,,,
"university:brunel:waec_neco_statement:2027 entry",2,"Brunel University of London",waec_neco_statement,"2027 entry","MBBS international entry requirements PDF (2025/6): Nigeria — National Diploma or Higher National Diploma in a subject cognate to medicine, minimum Distinction. No WASSCE route captured. International applicants do not require UCAT/GAMSAT. Email BMS-Admissions@brunel.ac.uk if qualification not listed.",https://www.brunel.ac.uk/brunel-medical-school/documents/pdf/MBBS-international-entry-requirements-2025-entry-approved.pdf,NOT_FOUND,"Medicine-specific statement.",,,,,
"university:cardiff:a_level_requirement:2027 entry",2,"Cardiff University",a_level_requirement,"2027 entry","A*AA incl. Chemistry and Biology (verify).",https://www.cardiff.ac.uk/study/international/your-country/africa/nigeria/entry-requirements,VERIFY-ON-PAGE,,,,,,
"university:cardiff:english_requirement:2027 entry",2,"Cardiff University",english_requirement,"2027 entry","WAEC or IGCSE English can be considered at the appropriate grade in lieu of IELTS (UG, general).",https://www.cardiff.ac.uk/study/international/your-country/africa/nigeria/entry-requirements,VERIFY-ON-PAGE,,,,,,
"university:cardiff:foundation_route:2027 entry",2,"Cardiff University",foundation_route,"2027 entry","Cardiff ISC International Foundation Year (Medicine) accepted for entry to a medical degree at Cardiff subject to grades and other conditions.",https://www.cardiff.ac.uk/study/international/your-country/africa/nigeria/entry-requirements,VERIFY-ON-PAGE,,,,,,
"university:cardiff:gem_international:2027 entry",2,"Cardiff University",gem_international,"2027 entry","A101 page exists; DATA UNAVAILABLE (search budget) — confirm directly with the university",https://www.cardiff.ac.uk/study/international/your-country/africa/nigeria/entry-requirements,NOT_FOUND,,,,,,
university:cardiff:international_accepted,2,"Cardiff University",international_accepted,,yes,https://www.cardiff.ac.uk/study/undergraduate/courses/course/medicine-mbbch,VERIFY-ON-PAGE,,,,,,
"university:cardiff:international_places_open:2027 entry",2,"Cardiff University",international_places_open,"2027 entry",Yes.,https://www.cardiff.ac.uk/study/international/your-country/africa/nigeria/entry-requirements,VERIFY-ON-PAGE,,,,,,
"university:cardiff:waec_neco_statement:2027 entry",2,"Cardiff University",waec_neco_statement,"2027 entry","Nigeria entry page: WAEC — successful completion with grades 1-6 (A-C) in 4 or more relevant subjects; for Health and Life Sciences including Medicine and Dental Surgery, Chemistry and two other Sciences (Maths counts). INFERENCE: GCSE-level subject rule, not A100 direct entry — verify.",https://www.cardiff.ac.uk/study/international/your-country/africa/nigeria/entry-requirements,VERIFY-ON-PAGE,"Medicine-specific statement.",,,,,
university:edge-hill:international_accepted,2,"Edge Hill University",international_accepted,,no,https://www.medschools.ac.uk/courses/edge-hill-medicine-a100/,VERIFY-ON-PAGE,,,,,,
university:hull-york:english_language_requirement,2,"Hull York Medical School",english_language_requirement,,"IELTS 7.5 overall, min 7.0 each component (2027 entry); TOEFL 105 (W24/S26/L22/R22); PTE Academic 73 (min 65); Cambridge C1 Advanced 195 (min 190)",https://www.hyms.ac.uk/medicine/international-students,VERIFY-ON-PAGE,,,,,,
university:hull-york:international_accepted,2,"Hull York Medical School",international_accepted,,yes,https://www.hyms.ac.uk/medicine/international-students,VERIFY-ON-PAGE,,,,,,
"university:imperial:a_level_requirement:2027 entry",2,"Imperial College London",a_level_requirement,"2027 entry","A*AA incl. Chemistry and Biology with A* in one; IB 38. International applicants subject to same academic and UCAT requirements. 74 overseas places (AGENT-LEAD).",https://www.imperial.ac.uk/study/courses/undergraduate/medicine/,NOT_FOUND,,,,,,
"university:imperial:english_requirement:2027 entry",2,"Imperial College London",english_requirement,"2027 entry","Imperial 'higher' English requirement (score not captured).",https://www.imperial.ac.uk/study/courses/undergraduate/medicine/,NOT_FOUND,,,,,,
"university:imperial:gem_international:2027 entry",2,"Imperial College London",gem_international,"2027 entry","A109 GEM exists; DATA UNAVAILABLE (search budget) — confirm directly with the university",https://www.imperial.ac.uk/study/courses/undergraduate/medicine/,NOT_FOUND,,,,,,
university:imperial:international_accepted,2,"Imperial College London",international_accepted,,yes,https://www.imperial.ac.uk/media/imperial-college/medicine/study/undergraduate/A100-FOI-FAQs-2026--v2.pdf,VERIFY-ON-PAGE,,,,,,
"university:imperial:international_places_open:2027 entry",2,"Imperial College London",international_places_open,"2027 entry",Yes.,https://www.imperial.ac.uk/study/courses/undergraduate/medicine/,NOT_FOUND,,,,,,
university:keele:international_accepted,2,"Keele University",international_accepted,,yes,https://www.keele.ac.uk/study/undergraduate/undergraduatecourses/medicine/medicinehowtoapply/,VERIFY-ON-PAGE,,,,,,
"university:kent-medway:a_level_requirement:2027 entry",2,"Kent and Medway Medical School",a_level_requirement,"2027 entry","AAB-equivalent for international applicants.",https://kmms.ac.uk/entry-requirements-2027/,NOT_FOUND,,,,,,
"university:kent-medway:english_requirement:2027 entry",2,"Kent and Medway Medical School",english_requirement,"2027 entry","IELTS 7.0 overall with minimum 7.0 in each section (or Cambridge English, TOEFL, PTE Academic).",https://kmms.ac.uk/entry-requirements-2027/,NOT_FOUND,,,,,,
"university:kent-medway:gem_international:2027 entry",2,"Kent and Medway Medical School",gem_international,"2027 entry","Graduate international applicants to A100 need UK 2:1-equivalent plus GCSE equivalencies.",https://kmms.ac.uk/entry-requirements-2027/,NOT_FOUND,,,,,,
university:kent-medway:international_accepted,2,"Kent and Medway Medical School",international_accepted,,yes,https://kmms.ac.uk/entry-requirements-2027/,VERIFY-ON-PAGE,,,,,,
"university:kent-medway:international_places_open:2027 entry",2,"Kent and Medway Medical School",international_places_open,"2027 entry",Yes.,https://kmms.ac.uk/entry-requirements-2027/,NOT_FOUND,,,,,,
"university:kings-college-london:a_level_requirement:2027 entry",2,"King's College London",a_level_requirement,"2027 entry","A*AA incl. Biology and Chemistry; IB 38 with HL 6 in Biology and Chemistry; UCAT compulsory. International students cannot defer and must be 18 before commencing Year 2 (snippet — verify).",https://www.kcl.ac.uk/study/undergraduate/courses/medicine-mbbs/requirements,NOT_FOUND,,,,,,
"university:kings-college-london:english_requirement:2027 entry",2,"King's College London",english_requirement,"2027 entry","King's Band B.",https://www.kcl.ac.uk/study/undergraduate/courses/medicine-mbbs/requirements,NOT_FOUND,,,,,,
"university:kings-college-london:foundation_route:2027 entry",2,"King's College London",foundation_route,"2027 entry","King's International Foundation Programme (Health, Life & Biosciences pathway) students may apply to Medicine MBBS; not for those already holding A-levels/IB.",https://www.kcl.ac.uk/study/undergraduate/courses/medicine-mbbs/requirements,NOT_FOUND,,,,,,
"university:kings-college-london:gem_international:2027 entry",2,"King's College London",gem_international,"2027 entry","GPEP page exists; DATA UNAVAILABLE (search budget) — confirm directly with the university",https://www.kcl.ac.uk/study/undergraduate/courses/medicine-mbbs/requirements,NOT_FOUND,,,,,,
university:kings-college-london:international_accepted,2,"King's College London",international_accepted,,yes,https://www.theukcatpeople.co.uk/guide/medical-school/medicine/university-of-kings-college-london-,VERIFY-ON-PAGE,,,,,,
"university:kings-college-london:international_places_open:2027 entry",2,"King's College London",international_places_open,"2027 entry",Yes.,https://www.kcl.ac.uk/study/undergraduate/courses/medicine-mbbs/requirements,NOT_FOUND,,,,,,
"university:newcastle:a_level_requirement:2027 entry",2,"Newcastle University",a_level_requirement,"2027 entry","AAA; IB reported 36 with HL Biology or Chemistry + second HL science (verify — may be 38). International applicants scored on UCAT only.",https://www.ncl.ac.uk/international/language/,NOT_FOUND,,,,,,
"university:newcastle:english_requirement:2027 entry",2,"Newcastle University",english_requirement,"2027 entry","IELTS 7.5 overall, 7.0 each (AGENT-LEAD).",https://www.ncl.ac.uk/international/language/,NOT_FOUND,,,,,,
"university:newcastle:gem_international:2027 entry",2,"Newcastle University",gem_international,"2027 entry","A101 exists; DATA UNAVAILABLE (search budget) — confirm directly with the university",https://www.ncl.ac.uk/international/language/,NOT_FOUND,,,,,,
"university:newcastle:international_places_open:2027 entry",2,"Newcastle University",international_places_open,"2027 entry","Yes — verify.",https://www.ncl.ac.uk/international/language/,NOT_FOUND,,,,,,
university:pears-cumbria:international_accepted,2,"Pears Cumbria School of Medicine",international_accepted,,no,https://www.ucas.com/explore/courses/57772005-274b-4cb3-a141-e51d2290535e/medicine-graduate-entry-pears-cumbria-school-of-medicine?studyYear=2027,VERIFY-ON-PAGE,,,,,,
"university:queen-mary-london:a_level_requirement:2027 entry",2,"Queen Mary University of London",a_level_requirement,"2027 entry","A*AA incl. Biology or Chemistry + second science; UCAT third decile or above. Up to 24 overseas places 2027 (AGENT-LEAD).",https://www.qmul.ac.uk/fmd/study/undergraduate/courses/a100/selection-criteria/,NOT_FOUND,,,,,,
"university:queen-mary-london:english_requirement:2027 entry",2,"Queen Mary University of London",english_requirement,"2027 entry","IELTS 7.0 incl. 6.5 Writing, 5.5 other components (snippet — verify; unusually low).",https://www.qmul.ac.uk/fmd/study/undergraduate/courses/a100/selection-criteria/,NOT_FOUND,,,,,,
"university:queen-mary-london:foundation_route:2027 entry",2,"Queen Mary University of London",foundation_route,"2027 entry","QMUL International Foundation Year (progression to MBBS not confirmed).",https://www.qmul.ac.uk/fmd/study/undergraduate/courses/a100/selection-criteria/,NOT_FOUND,,,,,,
"university:queen-mary-london:gem_international:2027 entry",2,"Queen Mary University of London",gem_international,"2027 entry","A101 GEP exists; DATA UNAVAILABLE (search budget) — confirm directly with the university",https://www.qmul.ac.uk/fmd/study/undergraduate/courses/a100/selection-criteria/,NOT_FOUND,,,,,,
university:queen-mary-london:international_accepted,2,"Queen Mary University of London",international_accepted,,yes,https://www.qmul.ac.uk/fmd/study/undergraduate/courses/a100/selection-criteria/,VERIFY-ON-PAGE,,,,,,
"university:queen-mary-london:international_places_open:2027 entry",2,"Queen Mary University of London",international_places_open,"2027 entry","Yes — ~24 (AGENT-LEAD).",https://www.qmul.ac.uk/fmd/study/undergraduate/courses/a100/selection-criteria/,NOT_FOUND,,,,,,
"university:queen-mary-london:waec_neco_statement:2027 entry",2,"Queen Mary University of London",waec_neco_statement,"2027 entry","Only on IFY page: WAEC minimum 6 credits at C4 or higher for International Foundation Year entry. No WAEC statement on A100 selection criteria.",https://www.qmul.ac.uk/fmd/study/undergraduate/courses/a100/selection-criteria/,NOT_FOUND,"General university statement; Medicine applicability must be confirmed.",,,,,
"university:queens-belfast:a_level_requirement:2027 entry",2,"Queen's University Belfast",a_level_requirement,"2027 entry","A*AA or AAA + A at AS; same for international; international fee-payers interviewed online.",https://www.qub.ac.uk/Study/international-students/your-country/nigeria,VERIFY-ON-PAGE,,,,,,
"university:queens-belfast:english_requirement:2027 entry",2,"Queen's University Belfast",english_requirement,"2027 entry","WAEC/NECO accepted for English (general); IELTS score not captured.",https://www.qub.ac.uk/Study/international-students/your-country/nigeria,NOT_FOUND,,,,,,
"university:queens-belfast:foundation_route:2027 entry",2,"Queen's University Belfast",foundation_route,"2027 entry","Foundation Programme (provider not captured).",https://www.qub.ac.uk/Study/international-students/your-country/nigeria,NOT_FOUND,,,,,,
"university:queens-belfast:gem_international:2027 entry",2,"Queen's University Belfast",gem_international,"2027 entry","DATA UNAVAILABLE (search budget) — confirm directly with the university",https://www.qub.ac.uk/Study/international-students/your-country/nigeria,NOT_FOUND,,,,,,
"university:queens-belfast:international_places_open:2027 entry",2,"Queen's University Belfast",international_places_open,"2027 entry",Yes.,https://www.qub.ac.uk/Study/international-students/your-country/nigeria,VERIFY-ON-PAGE,,,,,,
"university:queens-belfast:waec_neco_statement:2027 entry",2,"Queen's University Belfast",waec_neco_statement,"2027 entry","Nigeria page: applicants with the WAEC Senior Secondary School Certificate will be required to complete a Foundation Programme. QUB accepts WAEC or NECO for English language requirements.",https://www.qub.ac.uk/Study/international-students/your-country/nigeria,VERIFY-ON-PAGE,"General university statement; Medicine applicability must be confirmed.",,,,,
"university:ucl:a_level_requirement:2027 entry",2,"University College London",a_level_requirement,"2027 entry","A*AA; GCSE B/6 in English Language and Maths. 24 overseas places and higher overseas UCAT bar (AGENT-LEAD).",https://www.ucl.ac.uk/medical-sciences/divisions/medical-school/study/undergraduate/mbbs-admissions/entry-requirements/2027-entry,NOT_FOUND,,,,,,
"university:ucl:english_requirement:2027 entry",2,"University College London",english_requirement,"2027 entry","IELTS 7.5 overall, 7.0 each (AGENT-LEAD).",https://www.ucl.ac.uk/medical-sciences/divisions/medical-school/study/undergraduate/mbbs-admissions/entry-requirements/2027-entry,NOT_FOUND,,,,,,
"university:ucl:foundation_route:2027 entry",2,"University College London",foundation_route,"2027 entry","UCL UPCSE (Undergraduate Preparatory Certificate for Science and Engineering) — official PDF on applying to Medicine from UPCSE.",https://www.ucl.ac.uk/medical-sciences/divisions/medical-school/study/undergraduate/mbbs-admissions/entry-requirements/2027-entry,NOT_FOUND,,,,,,
"university:ucl:gem_international:2027 entry",2,"University College London",gem_international,"2027 entry","n/a (no GEM at UCL)",https://www.ucl.ac.uk/medical-sciences/divisions/medical-school/study/undergraduate/mbbs-admissions/entry-requirements/2027-entry,NOT_FOUND,,,,,,
"university:ucl:international_places_open:2027 entry",2,"University College London",international_places_open,"2027 entry","Yes — ~24 (AGENT-LEAD).",https://www.ucl.ac.uk/medical-sciences/divisions/medical-school/study/undergraduate/mbbs-admissions/entry-requirements/2027-entry,NOT_FOUND,,,,,,
"university:aberdeen:a_level_requirement:2027 entry",2,"University of Aberdeen",a_level_requirement,"2027 entry","AAA incl. Chemistry + one of Biology/Maths/Physics + one other; IB 36 with 3 HL at 6 incl. HL Chemistry.",https://www.abdn.ac.uk/study/international/inmycountry/nigeria/entry/,VERIFY-ON-PAGE,,,,,,
"university:aberdeen:english_requirement:2027 entry",2,"University of Aberdeen",english_requirement,"2027 entry","IELTS 7.0 (Listening 5.5, Reading 5.5, Speaking 7.0, Writing 6.0). Nigeria page: WAEC/NECO English C6 or Medium-of-Instruction letter may waive IELTS — confirm Medicine not excluded.",https://www.abdn.ac.uk/study/international/inmycountry/nigeria/entry/,VERIFY-ON-PAGE,,,,,,
"university:aberdeen:foundation_route:2027 entry",2,"University of Aberdeen",foundation_route,"2027 entry","Aberdeen ISC (general).",https://www.abdn.ac.uk/study/international/inmycountry/nigeria/entry/,VERIFY-ON-PAGE,,,,,,
"university:aberdeen:gem_international:2027 entry",2,"University of Aberdeen",gem_international,"2027 entry","DATA UNAVAILABLE (search budget) — confirm directly with the university",https://www.abdn.ac.uk/study/international/inmycountry/nigeria/entry/,NOT_FOUND,,,,,,
"university:aberdeen:international_places_open:2027 entry",2,"University of Aberdeen",international_places_open,"2027 entry",Yes.,https://www.abdn.ac.uk/study/international/inmycountry/nigeria/entry/,VERIFY-ON-PAGE,,,,,,
"university:aberdeen:waec_neco_statement:2027 entry",2,"University of Aberdeen",waec_neco_statement,"2027 entry","Nigeria entry page: 'The WAEC Senior School Certificate cannot be considered for Medicine.' WAEC with at least one A and two Bs gives direct Year 1 entry for all programmes except Medicine.",https://www.abdn.ac.uk/study/international/inmycountry/nigeria/entry/,VERIFY-ON-PAGE,"Medicine-specific statement.",,,,,
"university:birmingham:a_level_requirement:2027 entry",2,"University of Birmingham",a_level_requirement,"2027 entry","A*AA (verify on five-year entry page). International: academic threshold, then ranked by total UCAT (excl. SJT), then personal statement.",https://www.birmingham.ac.uk/about/college-of-medicine-and-health/birmingham-medical-school/applying-to-medicine/entry-requirements-medicine-and-surgery-five-year,VERIFY-ON-PAGE,,,,,,
"university:birmingham:english_requirement:2027 entry",2,"University of Birmingham",english_requirement,"2027 entry","IELTS 7.0 with no band below 7.0; TOEFL 95 (23 each); PTE 67 all skills.",https://www.birmingham.ac.uk/about/college-of-medicine-and-health/birmingham-medical-school/applying-to-medicine/entry-requirements-medicine-and-surgery-five-year,VERIFY-ON-PAGE,,,,,,
"university:birmingham:foundation_route:2027 entry",2,"University of Birmingham",foundation_route,"2027 entry","Agreements with foundation providers in Nigeria (names not captured).",https://www.birmingham.ac.uk/about/college-of-medicine-and-health/birmingham-medical-school/applying-to-medicine/entry-requirements-medicine-and-surgery-five-year,NOT_FOUND,,,,,,
"university:birmingham:gem_international:2027 entry",2,"University of Birmingham",gem_international,"2027 entry","A101 exists; DATA UNAVAILABLE (search budget) — confirm directly with the university",https://www.birmingham.ac.uk/about/college-of-medicine-and-health/birmingham-medical-school/applying-to-medicine/entry-requirements-medicine-and-surgery-five-year,NOT_FOUND,,,,,,
university:birmingham:international_accepted,2,"University of Birmingham",international_accepted,,yes,https://www.birmingham.ac.uk/about/college-of-medicine-and-health/birmingham-medical-school/applying-to-medicine/entry-requirements-medicine-and-surgery-five-year,VERIFY-ON-PAGE,,,,,,
"university:birmingham:international_places_open:2027 entry",2,"University of Birmingham",international_places_open,"2027 entry",Yes.,https://www.birmingham.ac.uk/about/college-of-medicine-and-health/birmingham-medical-school/applying-to-medicine/entry-requirements-medicine-and-surgery-five-year,VERIFY-ON-PAGE,,,,,,
"university:birmingham:waec_neco_statement:2027 entry",2,"University of Birmingham",waec_neco_statement,"2027 entry","Lists West Africa Examinations Council (WAEC) Senior School Certificate as an accepted qualification for international applicants; has agreements with foundation providers in Nigeria. Level of equivalence (GCSE vs A-level) not visible in snippet.",https://www.birmingham.ac.uk/about/college-of-medicine-and-health/birmingham-medical-school/applying-to-medicine/entry-requirements-medicine-and-surgery-five-year,VERIFY-ON-PAGE,"General university statement; Medicine applicability must be confirmed.",,,,,
university:bristol:international_accepted,2,"University of Bristol",international_accepted,,yes,https://www.bristol.ac.uk/study/media/undergraduate/admissions-statements/2027/medicine.pdf,VERIFY-ON-PAGE,,,,,,
"university:buckingham:a_level_requirement:2027 entry",2,"University of Buckingham",a_level_requirement,"2027 entry","ABB incl. Chemistry or Biology (or equivalent); Buckingham Pre-Med (Cert HE Medical Science) at 70%+. No UCAT.",https://medvle.buckingham.ac.uk/course/section.php?id=10,VERIFY-ON-PAGE,,,,,,
"university:buckingham:english_requirement:2027 entry",2,"University of Buckingham",english_requirement,"2027 entry","IELTS 7.0 (AGENT-LEAD).",https://medvle.buckingham.ac.uk/course/section.php?id=10,VERIFY-ON-PAGE,,,,,,
"university:buckingham:foundation_route:2027 entry",2,"University of Buckingham",foundation_route,"2027 entry","Buckingham Pre-Med; Kings Education 'University of Buckingham Medical pathway' factsheet.",https://medvle.buckingham.ac.uk/course/section.php?id=10,VERIFY-ON-PAGE,,,,,,
"university:buckingham:gem_international:2027 entry",2,"University of Buckingham",gem_international,"2027 entry",n/a,https://medvle.buckingham.ac.uk/course/section.php?id=10,VERIFY-ON-PAGE,,,,,,
university:buckingham:international_accepted,2,"University of Buckingham",international_accepted,,yes,https://www.themedicportal.com/school/university-of-buckingham/,VERIFY-ON-PAGE,,,,,,
"university:buckingham:international_places_open:2027 entry",2,"University of Buckingham",international_places_open,"2027 entry","Yes — no cap; same fee home/international (AGENT-LEAD).",https://medvle.buckingham.ac.uk/course/section.php?id=10,VERIFY-ON-PAGE,,,,,,
university:cambridge:international_accepted,2,"University of Cambridge",international_accepted,,yes,https://www.undergraduate.study.cam.ac.uk/courses/medicine-mb-bchir,VERIFY-ON-PAGE,,,,,,
"university:chester:a_level_requirement:2027 entry",2,"University of Chester",a_level_requirement,"2027 entry","n/a (graduate entry)",https://www.chester.ac.uk/study/course-search/graduate-entry-medicine-mbchb/,VERIFY-ON-PAGE,,,,,,
"university:chester:english_requirement:2027 entry",2,"University of Chester",english_requirement,"2027 entry","IELTS 7.0 with a maximum of two components at 6.0 or 6.5.",https://www.chester.ac.uk/study/course-search/graduate-entry-medicine-mbchb/,VERIFY-ON-PAGE,,,,,,
"university:chester:foundation_route:2027 entry",2,"University of Chester",foundation_route,"2027 entry",n/a,https://www.chester.ac.uk/study/course-search/graduate-entry-medicine-mbchb/,VERIFY-ON-PAGE,,,,,,
"university:chester:gem_international:2027 entry",2,"University of Chester",gem_international,"2027 entry","YES — international applicants accepted. 2:1 or overseas equivalent in any subject; 2:2 holders need Masters/Doctorate. 70 hrs healthcare experience in last 3 years; MMI; UCAS; Enhanced DBS plus overseas evidence. UCAT/GAMSAT not mentioned in snippet — verify.",https://www.chester.ac.uk/study/course-search/graduate-entry-medicine-mbchb/,VERIFY-ON-PAGE,,,,,,
university:chester:international_accepted,2,"University of Chester",international_accepted,,yes,https://www.chester.ac.uk/international/how-to-apply/applying-for-graduate-entry-medicine/,VERIFY-ON-PAGE,,,,,,
"university:chester:international_places_open:2027 entry",2,"University of Chester",international_places_open,"2027 entry","Yes (GEM).",https://www.chester.ac.uk/study/course-search/graduate-entry-medicine-mbchb/,VERIFY-ON-PAGE,,,,,,
"university:chester:waec_neco_statement:2027 entry",2,"University of Chester",waec_neco_statement,"2027 entry","No A100 at Chester; country page is general.",https://www.chester.ac.uk/study/course-search/graduate-entry-medicine-mbchb/,VERIFY-ON-PAGE,"General university statement; Medicine applicability must be confirmed.",,,,,
"university:dundee:a_level_requirement:2027 entry",2,"University of Dundee",a_level_requirement,"2027 entry","AAA; IB 37 with 6,6,6 HL incl. Chemistry + Biology/Physics/Maths.",,NOT_FOUND,,,,,,
"university:dundee:english_requirement:2027 entry",2,"University of Dundee",english_requirement,"2027 entry","IELTS 7.0 / TOEFL iBT 95 / PTE 76 (AGENT-LEAD).",,NOT_FOUND,,,,,,
"university:dundee:gem_international:2027 entry",2,"University of Dundee",gem_international,"2027 entry","ScotGEM — DATA UNAVAILABLE (search budget) — confirm directly with the university",,NOT_FOUND,,,,,,
"university:dundee:international_places_open:2027 entry",2,"University of Dundee",international_places_open,"2027 entry",Yes.,,NOT_FOUND,,,,,,
university:east-anglia:international_accepted,2,"University of East Anglia",international_accepted,,yes,https://www.uea.ac.uk/course/undergraduate/mbbs-medicine,VERIFY-ON-PAGE,,,,,,
"university:edinburgh:a_level_requirement:2027 entry",2,"University of Edinburgh",a_level_requirement,"2027 entry","IB 38 (6,6,6 HL); A-level AAA (verify).",https://www.ed.ac.uk/studying/international/country/africa/nigeria,VERIFY-ON-PAGE,,,,,,
"university:edinburgh:english_requirement:2027 entry",2,"University of Edinburgh",english_requirement,"2027 entry","IELTS Academic 7.5 total with at least 7.5 in each component.",https://www.ed.ac.uk/studying/international/country/africa/nigeria,VERIFY-ON-PAGE,,,,,,
"university:edinburgh:foundation_route:2027 entry",2,"University of Edinburgh",foundation_route,"2027 entry","Edinburgh International Foundation Programme (progression to MBChB not confirmed).",https://www.ed.ac.uk/studying/international/country/africa/nigeria,VERIFY-ON-PAGE,,,,,,
"university:edinburgh:gem_international:2027 entry",2,"University of Edinburgh",gem_international,"2027 entry","DATA UNAVAILABLE (search budget) — confirm directly with the university",https://www.ed.ac.uk/studying/international/country/africa/nigeria,NOT_FOUND,,,,,,
"university:edinburgh:international_places_open:2027 entry",2,"University of Edinburgh",international_places_open,"2027 entry",Yes.,https://www.ed.ac.uk/studying/international/country/africa/nigeria,VERIFY-ON-PAGE,,,,,,
"university:edinburgh:waec_neco_statement:2027 entry",2,"University of Edinburgh",waec_neco_statement,"2027 entry","Nigeria page: applicants with either the WAEC or the NECO Senior School Certificate will usually be required to complete a foundation year. Nigerians admitted with A-levels, IB, SAT/ACT/AP.",https://www.ed.ac.uk/studying/international/country/africa/nigeria,VERIFY-ON-PAGE,"General university statement; Medicine applicability must be confirmed.",,,,,
"university:exeter:a_level_requirement:2027 entry",2,"University of Exeter",a_level_requirement,"2027 entry","A*AA incl. Chemistry and Biology; IB 38 (7,6,6) with 6 in HL Biology and Chemistry; GCSE English B/6; UCAT for school leavers. ~30 overseas places (AGENT-LEAD).",https://www.exeter.ac.uk/undergraduate-degrees/bmbs-medicine/faqs/,NOT_FOUND,,,,,,
"university:exeter:english_requirement:2027 entry",2,"University of Exeter",english_requirement,"2027 entry","IELTS 7.0, no component below 6.5.",https://www.exeter.ac.uk/undergraduate-degrees/bmbs-medicine/faqs/,NOT_FOUND,,,,,,
"university:exeter:gem_international:2027 entry",2,"University of Exeter",gem_international,"2027 entry","DATA UNAVAILABLE (search budget) — confirm directly with the university",https://www.exeter.ac.uk/undergraduate-degrees/bmbs-medicine/faqs/,NOT_FOUND,,,,,,
university:exeter:international_accepted,2,"University of Exeter",international_accepted,,yes,https://www.exeter.ac.uk/v8media/recruitmentsites/documents/BMBS_Admissions_Policy_2026_(V4).pdf,VERIFY-ON-PAGE,,,,,,
"university:exeter:international_places_open:2027 entry",2,"University of Exeter",international_places_open,"2027 entry",Yes.,https://www.exeter.ac.uk/undergraduate-degrees/bmbs-medicine/faqs/,NOT_FOUND,,,,,,
"university:glasgow:a_level_requirement:2027 entry",2,"University of Glasgow",a_level_requirement,"2027 entry","AAA (A-level) / AAAAB Highers equivalent; UCAT (international ~2220, AGENT-LEAD).",https://www.gla.ac.uk/schools/medicine/mus/admissions/internationalentryrequirements/,NOT_FOUND,,,,,,
"university:glasgow:english_requirement:2027 entry",2,"University of Glasgow",english_requirement,"2027 entry","Per Glasgow English table; Gateway: WAEC English C6.",https://www.gla.ac.uk/schools/medicine/mus/admissions/internationalentryrequirements/,NOT_FOUND,,,,,,
"university:glasgow:foundation_route:2027 entry",2,"University of Glasgow",foundation_route,"2027 entry","Gateway to Medical Studies — international eligibility to verify.",https://www.gla.ac.uk/schools/medicine/mus/admissions/internationalentryrequirements/,NOT_FOUND,,,,,,
"university:glasgow:gem_international:2027 entry",2,"University of Glasgow",gem_international,"2027 entry","DATA UNAVAILABLE (search budget) — confirm directly with the university",https://www.gla.ac.uk/schools/medicine/mus/admissions/internationalentryrequirements/,NOT_FOUND,,,,,,
"university:glasgow:international_places_open:2027 entry",2,"University of Glasgow",international_places_open,"2027 entry","Yes, limited.",https://www.gla.ac.uk/schools/medicine/mus/admissions/internationalentryrequirements/,NOT_FOUND,,,,,,
"university:glasgow:waec_neco_statement:2027 entry",2,"University of Glasgow",waec_neco_statement,"2027 entry","Medical School international entry requirements page lists WAEC for Ghana ('majority A grades, including in required subjects, with no other grades lower than a B'). Nigeria row NOT captured — high-priority verify. Gateway to Medical Studies accepts WAEC/SSSC English C6 as English qualification.",https://www.gla.ac.uk/schools/medicine/mus/admissions/internationalentryrequirements/,NOT_FOUND,"Medicine-specific statement.",,,,,
"university:greater-manchester:a_level_requirement:2027 entry",2,"University of Greater Manchester",a_level_requirement,"2027 entry","AAB incl. Chemistry or Biology + one of Chemistry/Biology/Physics/Maths + third; IB 34 (6,6,5); 5 GCSEs at 6-9 incl. Maths, English Language, two sciences.",https://medicine.greatermanchester.ac.uk/medicine-mbchb-2026-academic-requirements/,NOT_FOUND,,,,,,
"university:greater-manchester:english_requirement:2027 entry",2,"University of Greater Manchester",english_requirement,"2027 entry","Not captured.",https://medicine.greatermanchester.ac.uk/medicine-mbchb-2026-academic-requirements/,NOT_FOUND,,,,,,
"university:greater-manchester:foundation_route:2027 entry",2,"University of Greater Manchester",foundation_route,"2027 entry","Not captured.",https://medicine.greatermanchester.ac.uk/medicine-mbchb-2026-academic-requirements/,NOT_FOUND,,,,,,
"university:greater-manchester:gem_international:2027 entry",2,"University of Greater Manchester",gem_international,"2027 entry",n/a,https://medicine.greatermanchester.ac.uk/medicine-mbchb-2026-academic-requirements/,NOT_FOUND,,,,,,
university:greater-manchester:international_accepted,2,"University of Greater Manchester",international_accepted,,yes,https://medicine.greatermanchester.ac.uk/undergraduate-medical-school/,VERIFY-ON-PAGE,,,,,,
"university:greater-manchester:international_places_open:2027 entry",2,"University of Greater Manchester",international_places_open,"2027 entry","2027 cohort international-only (no DHSC/NHSE home allocation).",https://medicine.greatermanchester.ac.uk/medicine-mbchb-2026-academic-requirements/,NOT_FOUND,,,,,,
"university:lancashire:a_level_requirement:2027 entry",2,"University of Lancashire",a_level_requirement,"2027 entry","Foundation Entry: ~ABB-equivalent in two sciences incl. Chemistry; IELTS 6.5; progression to MBBS on ~70% (AGENT-LEAD figures — verify).",https://www.lancashire.ac.uk/undergraduate/how-to-apply/mbbs/international-requirements,VERIFY-ON-PAGE,,,,,,
"university:lancashire:english_requirement:2027 entry",2,"University of Lancashire",english_requirement,"2027 entry","IELTS 7.0 each component or WAEC/NECO English B3 (official, MBBS).",https://www.lancashire.ac.uk/undergraduate/how-to-apply/mbbs/international-requirements,VERIFY-ON-PAGE,,,,,,
"university:lancashire:foundation_route:2027 entry",2,"University of Lancashire",foundation_route,"2027 entry","MBBS with Foundation Entry — international students only, Westlakes campus (Cumbria); ONCAMPUS UCLan Medicine Undergraduate Foundation Programme.",https://www.lancashire.ac.uk/undergraduate/how-to-apply/mbbs/international-requirements,VERIFY-ON-PAGE,,,,,,
"university:lancashire:gem_international:2027 entry",2,"University of Lancashire",gem_international,"2027 entry",n/a,https://www.lancashire.ac.uk/undergraduate/how-to-apply/mbbs/international-requirements,VERIFY-ON-PAGE,,,,,,
university:lancashire:international_accepted,2,"University of Lancashire",international_accepted,,yes,https://www.lancashire.ac.uk/undergraduate/courses/medicine-mbbs,VERIFY-ON-PAGE,,,,,,
"university:lancashire:international_places_open:2027 entry",2,"University of Lancashire",international_places_open,"2027 entry",Yes.,https://www.lancashire.ac.uk/undergraduate/how-to-apply/mbbs/international-requirements,VERIFY-ON-PAGE,,,,,,
"university:lancashire:waec_neco_statement:2027 entry",2,"University of Lancashire",waec_neco_statement,"2027 entry","MBBS international requirements page — Nigeria: successful completion of a recognised international foundation programme required for direct entry; English IELTS 7.0 (7.0 each) or WAEC/NECO B3.",https://www.lancashire.ac.uk/undergraduate/how-to-apply/mbbs/international-requirements,VERIFY-ON-PAGE,"Medicine-specific statement.",,,,,
"university:leeds:a_level_requirement:2027 entry",2,"University of Leeds",a_level_requirement,"2027 entry","AAA incl. Chemistry and Biology; 6 GCSEs at grade 6+ incl. Maths, English Language, Biology, Chemistry.",https://courses.leeds.ac.uk/5580/medicine-and-surgery-mbchb,NOT_FOUND,,,,,,
"university:leeds:english_requirement:2027 entry",2,"University of Leeds",english_requirement,"2027 entry","IELTS 7.5 (snippet: 7.5 in spoken English — confirm component rule).",https://courses.leeds.ac.uk/5580/medicine-and-surgery-mbchb,NOT_FOUND,,,,,,
"university:leeds:gem_international:2027 entry",2,"University of Leeds",gem_international,"2027 entry","DATA UNAVAILABLE (search budget) — confirm directly with the university",https://courses.leeds.ac.uk/5580/medicine-and-surgery-mbchb,NOT_FOUND,,,,,,
university:leeds:international_accepted,2,"University of Leeds",international_accepted,,yes,https://courses.leeds.ac.uk/5580/medicine-and-surgery-mbchb,VERIFY-ON-PAGE,,,,,,
"university:leeds:international_places_open:2027 entry",2,"University of Leeds",international_places_open,"2027 entry","Yes (international applicants assessed to same standard) — verify.",https://courses.leeds.ac.uk/5580/medicine-and-surgery-mbchb,NOT_FOUND,,,,,,
"university:leicester:a_level_requirement:2027 entry",2,"University of Leicester",a_level_requirement,"2027 entry","A*AA incl. Chemistry or Biology + one of Biology/Chemistry/Physics/Maths/Psychology, A* in a science; IB 34 with 7,6,6 HL; GCSE B/6 in English Language, Maths, two sciences; 18 International/EU places; UCAT.",https://le.ac.uk/study/medicine/entry-requirements/international,VERIFY-ON-PAGE,,,,,,
"university:leicester:english_requirement:2027 entry",2,"University of Leicester",english_requirement,"2027 entry","IELTS 7.5 (7.0 each); PTE 68.",https://le.ac.uk/study/medicine/entry-requirements/international,VERIFY-ON-PAGE,,,,,,
"university:leicester:gem_international:2027 entry",2,"University of Leicester",gem_international,"2027 entry","DATA UNAVAILABLE (search budget) — confirm directly with the university",https://le.ac.uk/study/medicine/entry-requirements/international,NOT_FOUND,,,,,,
university:leicester:international_accepted,2,"University of Leicester",international_accepted,,yes,https://www.theukcatpeople.co.uk/post/uk-medical-school-tuition-fees-for-international-students-to-study-medicine,VERIFY-ON-PAGE,,,,,,
"university:leicester:international_places_open:2027 entry",2,"University of Leicester",international_places_open,"2027 entry","Yes — 18 places.",https://le.ac.uk/study/medicine/entry-requirements/international,VERIFY-ON-PAGE,,,,,,
"university:leicester:waec_neco_statement:2027 entry",2,"University of Leicester",waec_neco_statement,"2027 entry","Medicine international page: WASSCE or WAEC alone is not sufficient; applicants would first need additional qualifications such as A-levels or the International Baccalaureate.",https://le.ac.uk/study/medicine/entry-requirements/international,VERIFY-ON-PAGE,"Medicine-specific statement.",,,,,
"university:lincoln:a_level_requirement:2027 entry",2,"University of Lincoln",a_level_requirement,"2027 entry","AAA / IB 35 when open (AGENT-LEAD).",https://www.lincoln.ac.uk/course/mdcmbcub/,NOT_FOUND,,,,,,
"university:lincoln:english_requirement:2027 entry",2,"University of Lincoln",english_requirement,"2027 entry","IELTS 7.5 (7.0) when open (AGENT-LEAD).",https://www.lincoln.ac.uk/course/mdcmbcub/,NOT_FOUND,,,,,,
"university:lincoln:foundation_route:2027 entry",2,"University of Lincoln",foundation_route,"2027 entry",n/a,https://www.lincoln.ac.uk/course/mdcmbcub/,NOT_FOUND,,,,,,
"university:lincoln:gem_international:2027 entry",2,"University of Lincoln",gem_international,"2027 entry",n/a,https://www.lincoln.ac.uk/course/mdcmbcub/,NOT_FOUND,,,,,,
university:lincoln:international_accepted,2,"University of Lincoln",international_accepted,,no,https://www.theukcatpeople.co.uk/post/uk-medical-school-tuition-fees-for-international-students-to-study-medicine,VERIFY-ON-PAGE,,,,,,
"university:lincoln:international_places_open:2027 entry",2,"University of Lincoln",international_places_open,"2027 entry","No for 2027.",https://www.lincoln.ac.uk/course/mdcmbcub/,NOT_FOUND,,,,,,
"university:lincoln:waec_neco_statement:2027 entry",2,"University of Lincoln",waec_neco_statement,"2027 entry","Medicine not open for international applications 2026-27 and 2027-28. Nigeria page (general): WAEC/NECO English C6+ accepted.",https://www.lincoln.ac.uk/course/mdcmbcub/,NOT_FOUND,"General university statement; Medicine applicability must be confirmed.",,,,,
"university:liverpool:a_level_requirement:2027 entry",2,"University of Liverpool",a_level_requirement,"2027 entry","AAA; Chemistry + one of Biology/Physics/Maths + third academic subject. International deadline 15 Oct 2026; places limited. 'A100 Departmental Supplement Entry 2027' to obtain.",https://www.liverpool.ac.uk/international/countries/nigeria.php,VERIFY-ON-PAGE,,,,,,
"university:liverpool:english_requirement:2027 entry",2,"University of Liverpool",english_requirement,"2027 entry","IELTS 7.0 overall, min 7.0 each component.",https://www.liverpool.ac.uk/international/countries/nigeria.php,VERIFY-ON-PAGE,,,,,,
"university:liverpool:foundation_route:2027 entry",2,"University of Liverpool",foundation_route,"2027 entry","Liverpool International College Foundation Certificate (progression to Medicine not confirmed).",https://www.liverpool.ac.uk/international/countries/nigeria.php,VERIFY-ON-PAGE,,,,,,
"university:liverpool:gem_international:2027 entry",2,"University of Liverpool",gem_international,"2027 entry","A101 page exists; DATA UNAVAILABLE (search budget) — confirm directly with the university",https://www.liverpool.ac.uk/international/countries/nigeria.php,NOT_FOUND,,,,,,
university:liverpool:international_accepted,2,"University of Liverpool",international_accepted,,yes,"https://www.liverpool.ac.uk/media/livacuk/schoolofmedicine/admissions/A100,Departmental,Supplement,E2027.pdf",VERIFY-ON-PAGE,,,,,,
"university:liverpool:international_places_open:2027 entry",2,"University of Liverpool",international_places_open,"2027 entry","Yes, limited.",https://www.liverpool.ac.uk/international/countries/nigeria.php,VERIFY-ON-PAGE,,,,,,
"university:liverpool:waec_neco_statement:2027 entry",2,"University of Liverpool",waec_neco_statement,"2027 entry","Nigeria page: holders of the Senior Secondary School Certificate are advised to complete a Foundation Certificate at the University of Liverpool International College (or equivalent) or the first year of a bachelor's degree from a recognised university in Nigeria.",https://www.liverpool.ac.uk/international/countries/nigeria.php,VERIFY-ON-PAGE,"General university statement; Medicine applicability must be confirmed.",,,,,
"university:manchester:a_level_requirement:2027 entry",2,"University of Manchester",a_level_requirement,"2027 entry","AAA incl. Chemistry + one of Biology/Physics/Maths; IB 36 (6,6,6 HL).",https://www.manchester.ac.uk/study/international/country-specific-information/nigeria/entry-requirements/,VERIFY-ON-PAGE,,,,,,
"university:manchester:english_requirement:2027 entry",2,"University of Manchester",english_requirement,"2027 entry","IELTS/TOEFL etc. (score not captured). Nigeria page: can usually accept a high score in English in WAEC exams if taken within last seven years — confirm whether MBChB included.",https://www.manchester.ac.uk/study/international/country-specific-information/nigeria/entry-requirements/,NOT_FOUND,,,,,,
"university:manchester:foundation_route:2027 entry",2,"University of Manchester",foundation_route,"2027 entry","University-recognised foundation programme (provider not named in snippet).",https://www.manchester.ac.uk/study/international/country-specific-information/nigeria/entry-requirements/,VERIFY-ON-PAGE,,,,,,
"university:manchester:gem_international:2027 entry",2,"University of Manchester",gem_international,"2027 entry","A101 (2027) page exists; international eligibility: DATA UNAVAILABLE (search budget) — confirm directly with the university",https://www.manchester.ac.uk/study/international/country-specific-information/nigeria/entry-requirements/,NOT_FOUND,,,,,,
university:manchester:international_accepted,2,"University of Manchester",international_accepted,,yes,https://www.manchester.ac.uk/study/undergraduate/courses/2027/01428/mbchb-medicine/,VERIFY-ON-PAGE,,,,,,
"university:manchester:international_places_open:2027 entry",2,"University of Manchester",international_places_open,"2027 entry","Yes (A100 open to international; Medicine not eligible for scholarships).",https://www.manchester.ac.uk/study/international/country-specific-information/nigeria/entry-requirements/,VERIFY-ON-PAGE,,,,,,
"university:manchester:waec_neco_statement:2027 entry",2,"University of Manchester",waec_neco_statement,"2027 entry","Nigeria page: applicants who have completed the WASSCE will need to successfully complete a University-recognised foundation programme before joining an undergraduate course.",https://www.manchester.ac.uk/study/international/country-specific-information/nigeria/entry-requirements/,VERIFY-ON-PAGE,"General university statement; Medicine applicability must be confirmed.",,,,,
"university:nottingham:a_level_requirement:2027 entry",2,"University of Nottingham",a_level_requirement,"2027 entry","AAA; IB reported 34 (verify); 6 GCSEs at 7 incl. Biology & Chemistry; 6 in Maths & English Language.",https://www.nottingham.ac.uk/studywithus/international-applicants/country-info/countryinformation/nigeria.aspx,VERIFY-ON-PAGE,,,,,,
"university:nottingham:english_requirement:2027 entry",2,"University of Nottingham",english_requirement,"2027 entry","WAEC or iGCSE English grade C or above accepted (general) — confirm for BMBS.",https://www.nottingham.ac.uk/studywithus/international-applicants/country-info/countryinformation/nigeria.aspx,VERIFY-ON-PAGE,,,,,,
"university:nottingham:foundation_route:2027 entry",2,"University of Nottingham",foundation_route,"2027 entry","Selected foundation providers in UK and Nigeria (list not captured).",https://www.nottingham.ac.uk/studywithus/international-applicants/country-info/countryinformation/nigeria.aspx,NOT_FOUND,,,,,,
"university:nottingham:gem_international:2027 entry",2,"University of Nottingham",gem_international,"2027 entry","A101 exists; DATA UNAVAILABLE (search budget) — confirm directly with the university",https://www.nottingham.ac.uk/studywithus/international-applicants/country-info/countryinformation/nigeria.aspx,NOT_FOUND,,,,,,
"university:nottingham:international_places_open:2027 entry",2,"University of Nottingham",international_places_open,"2027 entry","Yes — verify.",https://www.nottingham.ac.uk/studywithus/international-applicants/country-info/countryinformation/nigeria.aspx,VERIFY-ON-PAGE,,,,,,
"university:nottingham:waec_neco_statement:2027 entry",2,"University of Nottingham",waec_neco_statement,"2027 entry","Nigeria page: holders of SSC/WAEC must complete a foundation course; accepts foundation certificates from selected providers in the UK and Nigeria; typical foundation entry three Bs and two Cs at WAEC; one good year at a Nigerian university may be considered for direct UG entry (general).",https://www.nottingham.ac.uk/studywithus/international-applicants/country-info/countryinformation/nigeria.aspx,VERIFY-ON-PAGE,"General university statement; Medicine applicability must be confirmed.",,,,,
"university:plymouth:a_level_requirement:2027 entry",2,"University of Plymouth",a_level_requirement,"2027 entry","International must meet equivalent of home criteria (verify grades) plus UCAT.",https://www.plymouth.ac.uk/international/study/international-students-country-guides/africa/nigeria,VERIFY-ON-PAGE,,,,,,
"university:plymouth:english_requirement:2027 entry",2,"University of Plymouth",english_requirement,"2027 entry","IELTS 7.5 with at least 7.0 in Speaking and Listening, taken within 12 months of entry.",https://www.plymouth.ac.uk/international/study/international-students-country-guides/africa/nigeria,VERIFY-ON-PAGE,,,,,,
"university:plymouth:foundation_route:2027 entry",2,"University of Plymouth",foundation_route,"2027 entry","UPIC (Navitas) foundation — progression to BMBS not confirmed; BMBS with Foundation Year 0 — international eligibility DATA UNAVAILABLE (search budget) — confirm directly with the university",https://www.plymouth.ac.uk/international/study/international-students-country-guides/africa/nigeria,NOT_FOUND,,,,,,
"university:plymouth:gem_international:2027 entry",2,"University of Plymouth",gem_international,"2027 entry","DATA UNAVAILABLE (search budget) — confirm directly with the university",https://www.plymouth.ac.uk/international/study/international-students-country-guides/africa/nigeria,NOT_FOUND,,,,,,
"university:plymouth:international_places_open:2027 entry",2,"University of Plymouth",international_places_open,"2027 entry","Yes — verify.",https://www.plymouth.ac.uk/international/study/international-students-country-guides/africa/nigeria,VERIFY-ON-PAGE,,,,,,
"university:plymouth:waec_neco_statement:2027 entry",2,"University of Plymouth",waec_neco_statement,"2027 entry","Nigeria page: UG applicants should have a good SSSC/WASSC and an acceptable International Foundation Year or equivalent. BMBS page: applicants with overseas qualifications should contact admissions@plymouth.ac.uk before applying. UPIC: WAEC 5 passes at D7 (foundation) / C6 (first-year direct) — general.",https://www.plymouth.ac.uk/international/study/international-students-country-guides/africa/nigeria,VERIFY-ON-PAGE,"General university statement; Medicine applicability must be confirmed.",,,,,
"university:sheffield:a_level_requirement:2027 entry",2,"University of Sheffield",a_level_requirement,"2027 entry","AAA (official); Chemistry or Biology + second science from Maths/Physics/Biology/Chemistry/Psychology. AGENT-LEAD claims A*AA / IB 36 for international — CONFLICT.",https://sheffield.ac.uk/international/entry-requirements/nigeria,NOT_FOUND,,,,,,
"university:sheffield:english_requirement:2027 entry",2,"University of Sheffield",english_requirement,"2027 entry","Medicine IELTS 7.5, no element below 7.0 (AGENT-LEAD — verify). WASSCE English C accepted generally — confirm Medicine not excluded.",https://sheffield.ac.uk/international/entry-requirements/nigeria,NOT_FOUND,,,,,,
"university:sheffield:gem_international:2027 entry",2,"University of Sheffield",gem_international,"2027 entry","DATA UNAVAILABLE (search budget) — confirm directly with the university",https://sheffield.ac.uk/international/entry-requirements/nigeria,NOT_FOUND,,,,,,
"university:sheffield:international_places_open:2027 entry",2,"University of Sheffield",international_places_open,"2027 entry","Yes — verify.",https://sheffield.ac.uk/international/entry-requirements/nigeria,NOT_FOUND,,,,,,
"university:sheffield:waec_neco_statement:2027 entry",2,"University of Sheffield",waec_neco_statement,"2027 entry","Nigeria page: accepts a number of different qualifications from Nigeria; WASSCE English grade C or above can be accepted in place of IELTS (general UG statement). No Medicine-specific WASSCE rule captured.",https://sheffield.ac.uk/international/entry-requirements/nigeria,NOT_FOUND,"General university statement; Medicine applicability must be confirmed.",,,,,
university:southampton:international_accepted,2,"University of Southampton",international_accepted,,yes,https://www.theukcatpeople.co.uk/post/uk-medical-school-tuition-fees-for-international-students-to-study-medicine,VERIFY-ON-PAGE,,,,,,
"university:sunderland:a_level_requirement:2027 entry",2,"University of Sunderland",a_level_requirement,"2027 entry","AAA incl. Biology and Chemistry; 5 GCSEs at 6.",https://www.sunderland.ac.uk/undergraduate/mbchb-medicine,NOT_FOUND,,,,,,
"university:sunderland:english_requirement:2027 entry",2,"University of Sunderland",english_requirement,"2027 entry",n/a,https://www.sunderland.ac.uk/undergraduate/mbchb-medicine,NOT_FOUND,,,,,,
"university:sunderland:foundation_route:2027 entry",2,"University of Sunderland",foundation_route,"2027 entry",n/a,https://www.sunderland.ac.uk/undergraduate/mbchb-medicine,NOT_FOUND,,,,,,
"university:sunderland:gem_international:2027 entry",2,"University of Sunderland",gem_international,"2027 entry",n/a,https://www.sunderland.ac.uk/undergraduate/mbchb-medicine,NOT_FOUND,,,,,,
university:sunderland:international_accepted,2,"University of Sunderland",international_accepted,,no,https://www.theukcatpeople.co.uk/post/uk-medical-school-tuition-fees-for-international-students-to-study-medicine,VERIFY-ON-PAGE,,,,,,
"university:sunderland:international_places_open:2027 entry",2,"University of Sunderland",international_places_open,"2027 entry",No.,https://www.sunderland.ac.uk/undergraduate/mbchb-medicine,NOT_FOUND,,,,,,
"university:sunderland:waec_neco_statement:2027 entry",2,"University of Sunderland",waec_neco_statement,"2027 entry","Official pages: unable to accept international applicants; does not assess international equivalences. One AGENT-LEAD claims a small overseas intake — CONFLICT; trust official.",https://www.sunderland.ac.uk/undergraduate/mbchb-medicine,NOT_FOUND,"General university statement; Medicine applicability must be confirmed.",,,,,
"university:wolverhampton:a_level_requirement:2027 entry",2,"University of Wolverhampton",a_level_requirement,"2027 entry","AAA incl. Chemistry and Biology; IB 37 (7,6,6) with HL Chemistry and Biology; 6 GCSEs at 6/B incl. English Language, Maths, Biology, Chemistry.",https://www.wlv.ac.uk/courses/mbchb-medicine/,VERIFY-ON-PAGE,,,,,,
"university:wolverhampton:english_requirement:2027 entry",2,"University of Wolverhampton",english_requirement,"2027 entry","Not captured.",https://www.wlv.ac.uk/courses/mbchb-medicine/,NOT_FOUND,,,,,,
"university:wolverhampton:foundation_route:2027 entry",2,"University of Wolverhampton",foundation_route,"2027 entry","Not captured.",https://www.wlv.ac.uk/courses/mbchb-medicine/,NOT_FOUND,,,,,,
"university:wolverhampton:gem_international:2027 entry",2,"University of Wolverhampton",gem_international,"2027 entry",n/a,https://www.wlv.ac.uk/courses/mbchb-medicine/,VERIFY-ON-PAGE,,,,,,
"university:wolverhampton:international_places_open:2027 entry",2,"University of Wolverhampton",international_places_open,"2027 entry","2027 intake international-only; 50 places.",https://www.wlv.ac.uk/courses/mbchb-medicine/,VERIFY-ON-PAGE,,,,,,
"university:wolverhampton:waec_neco_statement:2027 entry",2,"University of Wolverhampton",waec_neco_statement,"2027 entry","Nigeria page (general UG): WAEC/NECO Grade B profile, or WAEC/NECO plus recognised foundation programme or year one at a Nigerian university.",https://www.wlv.ac.uk/courses/mbchb-medicine/,VERIFY-ON-PAGE,"General university statement; Medicine applicability must be confirmed.",,,,,
university:worcester:international_accepted,2,"University of Worcester",international_accepted,,yes,https://www.worcester.ac.uk/about/academic-schools/medical-school/medical-school-admissions/mbchb-application-faqs.aspx,VERIFY-ON-PAGE,,,,,,
course:liverpool/a100:course_length_years,3,"University of Liverpool · A100 5-year Programme (MBChB)",course_length_years,,5,"https://www.liverpool.ac.uk/media/livacuk/schoolofmedicine/admissions/A100,Departmental,Supplement,E2027.pdf",VERIFY-ON-PAGE,,,,,,
course:liverpool/a100:ucas_code,3,"University of Liverpool · A100 5-year Programme (MBChB)",ucas_code,,A100,"https://www.liverpool.ac.uk/media/livacuk/schoolofmedicine/admissions/A100,Departmental,Supplement,E2027.pdf",VERIFY-ON-PAGE,,,,,,
course:brighton-sussex/a100:course_length_years,3,"Brighton and Sussex Medical School · BM BS Medicine",course_length_years,,5,https://www.brighton.ac.uk/courses/study/medicine-bm-bs.aspx,VERIFY-ON-PAGE,,,,,,
"course:kent-medway/a100 (institution code k31):course_length_years",3,"Kent and Medway Medical School · BM BS Medicine",course_length_years,,5,https://www.kent.ac.uk/courses/undergraduate/3737/medicine,VERIFY-ON-PAGE,,,,,,
course:brighton-sussex/a100:interview_format,3,"Brighton and Sussex Medical School · BM BS Medicine",interview_format,,"MMI, Dec 2026 - Feb 2027; in person or via Zoom",https://www.bsms.ac.uk/undergraduate/applying-to-bsms/admissions-process.aspx,VERIFY-ON-PAGE,,,,,,
"course:kent-medway/a100 (institution code k31):interview_format",3,"Kent and Medway Medical School · BM BS Medicine",interview_format,,"MMI: six 7-minute stations plus 40-minute group station, Dec-Jan (international dates TBC)",https://kmms.ac.uk/study/applying/,VERIFY-ON-PAGE,,,,,,
course:brighton-sussex/a100:ucas_code,3,"Brighton and Sussex Medical School · BM BS Medicine",ucas_code,,A100,https://www.brighton.ac.uk/courses/study/medicine-bm-bs.aspx,VERIFY-ON-PAGE,,,,,,
"course:kent-medway/a100 (institution code k31):ucas_code",3,"Kent and Medway Medical School · BM BS Medicine",ucas_code,,"A100 (institution code K31)",https://kmms.ac.uk/study/applying/,VERIFY-ON-PAGE,,,,,,
course:exeter/a100:interview_format,3,"University of Exeter · BMBS Medicine",interview_format,,"MMI, Dec-Mar",https://www.exeter.ac.uk/v8media/recruitmentsites/documents/BMBS_Admissions_Policy_2026_(V4).pdf,VERIFY-ON-PAGE,,,,,,
course:exeter/a100:ucas_code,3,"University of Exeter · BMBS Medicine",ucas_code,,A100,https://www.medschools.ac.uk/courses/university-of-exeter-bmbs-medicine-a100/,VERIFY-ON-PAGE,,,,,,
course:chester/a101:course_length_years,3,"University of Chester · Graduate Entry Medicine MBChB (graduate-entry only; no A100 found)",course_length_years,,4,https://www.chester.ac.uk/international/how-to-apply/applying-for-graduate-entry-medicine/,VERIFY-ON-PAGE,,,,,,
course:chester/a101:graduate_entry_course,3,"University of Chester · Graduate Entry Medicine MBChB (graduate-entry only; no A100 found)",graduate_entry_course,,yes,https://www.ucas.com/explore/courses/7d3115e0-ac14-40a5-b5c1-651d60e2f470/graduate-entry-medicine?studyYear=2027,VERIFY-ON-PAGE,,,,,,
course:chester/a101:ucas_code,3,"University of Chester · Graduate Entry Medicine MBChB (graduate-entry only; no A100 found)",ucas_code,,A101,https://www.ucas.com/explore/courses/7d3115e0-ac14-40a5-b5c1-651d60e2f470/graduate-entry-medicine?studyYear=2027,VERIFY-ON-PAGE,,,,,,
course:hull-york/a100:interview_format,3,"Hull York Medical School · MB BS Medicine",interview_format,,"Graded station interview incl. group exercise; overseas applicants online via Zoom in December",https://www.hyms.ac.uk/medicine/applying/selection-procedure,VERIFY-ON-PAGE,,,,,,
course:hull-york/a100:ucas_code,3,"Hull York Medical School · MB BS Medicine",ucas_code,,A100,https://www.medschools.ac.uk/courses/hull-york-medical-school-mb-bs-medicine-a100/,VERIFY-ON-PAGE,,,,,,
course:buckingham/medicine:course_length_years,3,"University of Buckingham · MB ChB Medicine",course_length_years,,4.5,https://www.themedicportal.com/school/university-of-buckingham/,VERIFY-ON-PAGE,,,,,,
course:bristol/a100:ucas_code,3,"University of Bristol · MB ChB Medicine",ucas_code,,A100,https://www.bristol.ac.uk/study/media/undergraduate/admissions-statements/2027/medicine.pdf,VERIFY-ON-PAGE,,,,,,
course:hertfordshire/medicine:intake_month,3,"University of Hertfordshire · MBBS",intake_month,,September,https://www.herts.ac.uk/about-us/news-and-events/news/2025/hertfordshire-medical-school-to-train-next-generation-of-doctors,VERIFY-ON-PAGE,,,,,,
course:queen-mary-london/a100:course_length_years,3,"Queen Mary University of London · MBBS Medicine",course_length_years,,5,https://www.qmul.ac.uk/fmd/study/undergraduate/courses/a100/selection-criteria/,VERIFY-ON-PAGE,,,,,,
course:east-anglia/a100:course_length_years,3,"University of East Anglia · MBBS Medicine",course_length_years,,5,https://www.uea.ac.uk/course/undergraduate/mbbs-medicine,VERIFY-ON-PAGE,,,,,,
course:east-anglia/a100:graduate_entry_course,3,"University of East Anglia · MBBS Medicine",graduate_entry_course,,yes,https://www.uea.ac.uk/course/undergraduate/mbbs-medicine-graduate-entry,VERIFY-ON-PAGE,,,,,,
course:kings-college-london/a100:graduate_entry_course,3,"King's College London · MBBS Medicine",graduate_entry_course,,yes,https://www.gmc-uk.org/education/how-we-quality-assure-education-and-training/approving-education-and-training/institutions-awarding-uk-medical-degrees/new-schools-and-programmes-under-review,VERIFY-ON-PAGE,,,,,,
course:queen-mary-london/a100:intake_month,3,"Queen Mary University of London · MBBS Medicine",intake_month,,September,https://www.qmul.ac.uk/fmd/study/undergraduate/courses/a100/selection-criteria/,VERIFY-ON-PAGE,,,,,,
course:east-anglia/a100:intake_month,3,"University of East Anglia · MBBS Medicine",intake_month,,September,https://www.uea.ac.uk/course/undergraduate/mbbs-medicine,VERIFY-ON-PAGE,,,,,,
course:queen-mary-london/a100:interview_format,3,"Queen Mary University of London · MBBS Medicine",interview_format,,"Online panel interview (two senior staff, sometimes a lay selector), Jan-Feb 2027",https://www.qmul.ac.uk/fmd/study/undergraduate/courses/a100/selection-criteria/,VERIFY-ON-PAGE,,,,,,
course:east-anglia/a100:interview_format,3,"University of East Anglia · MBBS Medicine",interview_format,,"MMI, in person on UEA campus",https://www.uea.ac.uk/course/undergraduate/mbbs-medicine,VERIFY-ON-PAGE,,,,,,
course:kings-college-london/a100:interview_format,3,"King's College London · MBBS Medicine",interview_format,,"MMI, 7 stations, online via MS Teams for 2027 entry (lead)",https://bluepeanut.com/medical-school-interviews-guides/kings-college-london-kcl-medical-school-interview-questions-format-dates-stats-and-expert-tips,VERIFY-ON-PAGE,,,,,,
course:queen-mary-london/a100:ucas_code,3,"Queen Mary University of London · MBBS Medicine",ucas_code,,A100,https://www.qmul.ac.uk/fmd/study/undergraduate/courses/a100/selection-criteria/,VERIFY-ON-PAGE,,,,,,
course:east-anglia/a100:ucas_code,3,"University of East Anglia · MBBS Medicine",ucas_code,,A100,https://www.uea.ac.uk/course/undergraduate/mbbs-medicine,VERIFY-ON-PAGE,,,,,,
course:kings-college-london/a100:ucas_code,3,"King's College London · MBBS Medicine",ucas_code,,A100,https://www.theukcatpeople.co.uk/guide/medical-school/medicine/university-of-kings-college-london-,VERIFY-ON-PAGE,,,,,,
course:anglia-ruskin/a100:course_length_years,3,"Anglia Ruskin University · MBChB Medicine",course_length_years,,5,https://www.theukcatpeople.co.uk/post/uk-medical-school-tuition-fees-for-international-students-to-study-medicine,VERIFY-ON-PAGE,,,,,,
course:aston/a100:course_length_years,3,"Aston University · MBChB Medicine",course_length_years,,5,https://www.aston.ac.uk/study/courses/medicine-mbchb,VERIFY-ON-PAGE,,,,,,
"course:edge-hill/a100 (also a110 medicine with foundation year, 6 years, north west england residents):course_length_years",3,"Edge Hill University · MBChB Medicine",course_length_years,,5,https://www.theukcatpeople.co.uk/post/uk-medical-school-tuition-fees-for-international-students-to-study-medicine,VERIFY-ON-PAGE,,,,,,
course:greater-manchester/medicine:course_length_years,3,"University of Greater Manchester · MBChB Medicine",course_length_years,,5,https://greatermanchester.ac.uk/course/mbchb-medicine-full-time-5-years-university-of-greater-manchester/2026-27,VERIFY-ON-PAGE,,,,,,
course:manchester/a100:graduate_entry_course,3,"University of Manchester · MBChB Medicine",graduate_entry_course,,yes,https://www.manchester.ac.uk/study/undergraduate/courses/2026/21177/mbchb-medicine-graduate-entry/,VERIFY-ON-PAGE,,,,,,
course:anglia-ruskin/a100:intake_month,3,"Anglia Ruskin University · MBChB Medicine",intake_month,,September,https://www.medschools.ac.uk/courses/anglia-ruskin-medicine-a100/,VERIFY-ON-PAGE,,,,,,
"course:edge-hill/a100 (also a110 medicine with foundation year, 6 years, north west england residents):intake_month",3,"Edge Hill University · MBChB Medicine",intake_month,,September,https://www.medschools.ac.uk/courses/edge-hill-medicine-a100/,VERIFY-ON-PAGE,,,,,,
course:greater-manchester/medicine:intake_month,3,"University of Greater Manchester · MBChB Medicine",intake_month,,September,https://medicine.greatermanchester.ac.uk/medicine-mbchb-2026-academic-requirements/,VERIFY-ON-PAGE,,,,,,
course:anglia-ruskin/a100:interview_format,3,"Anglia Ruskin University · MBChB Medicine",interview_format,,MMI,https://www.theukcatpeople.co.uk/guide/medical-school/medicine/university-of-anglia-ruskin,VERIFY-ON-PAGE,,,,,,
course:aston/a100:interview_format,3,"Aston University · MBChB Medicine",interview_format,,"MMI, online, 7 stations of ~7 minutes, Dec-Mar",https://www.aston.ac.uk/hls/aston-medical-school/advice-zone/faq,VERIFY-ON-PAGE,,,,,,
"course:edge-hill/a100 (also a110 medicine with foundation year, 6 years, north west england residents):interview_format",3,"Edge Hill University · MBChB Medicine",interview_format,,MMI,https://nextgenmedprep.com/medical-schools/edge-hill/how-to-get-in,VERIFY-ON-PAGE,,,,,,
"course:keele/a100 (also a104 with health foundation year):interview_format",3,"Keele University · MBChB Medicine",interview_format,,MMI,https://www.keele.ac.uk/study/undergraduate/undergraduatecourses/medicine/medicinehowtoapply/,VERIFY-ON-PAGE,,,,,,
course:greater-manchester/medicine:interview_format,3,"University of Greater Manchester · MBChB Medicine",interview_format,,"Online/virtual interview comprising a series of mini-interviews and tests (MMI-style)",https://medicine.greatermanchester.ac.uk/medicine-mbchb-2026-academic-requirements/,VERIFY-ON-PAGE,,,,,,
course:anglia-ruskin/a100:ucas_code,3,"Anglia Ruskin University · MBChB Medicine",ucas_code,,A100,https://www.medschools.ac.uk/courses/anglia-ruskin-medicine-a100/,VERIFY-ON-PAGE,,,,,,
course:aston/a100:ucas_code,3,"Aston University · MBChB Medicine",ucas_code,,A100,https://www.medschools.ac.uk/courses/aston-university-mbchb-medicine-a100/,VERIFY-ON-PAGE,,,,,,
"course:edge-hill/a100 (also a110 medicine with foundation year, 6 years, north west england residents):ucas_code",3,"Edge Hill University · MBChB Medicine",ucas_code,,"A100 (also A110 Medicine with Foundation Year, 6 years, North West England residents)",https://www.medschools.ac.uk/courses/edge-hill-medicine-a110/,VERIFY-ON-PAGE,,,,,,
"course:keele/a100 (also a104 with health foundation year):ucas_code",3,"Keele University · MBChB Medicine",ucas_code,,"A100 (also A104 with Health Foundation Year)",https://www.keele.ac.uk/study/undergraduate/undergraduatecourses/medicine/medicinehowtoapply/,VERIFY-ON-PAGE,,,,,,
course:manchester/a100:ucas_code,3,"University of Manchester · MBChB Medicine",ucas_code,,A100,https://www.theukcatpeople.co.uk/guide/medical-school/medicine/university-of-manchester,VERIFY-ON-PAGE,,,,,,
"course:leeds/a100 (also i900 gateway year to medicine):ucas_code",3,"University of Leeds · MBChB Medicine and Surgery",ucas_code,,"A100 (also I900 Gateway Year to Medicine)",https://www.medschools.ac.uk/courses/leeds-medicine-a100/,VERIFY-ON-PAGE,,,,,,
course:birmingham/a100:course_length_years,3,"University of Birmingham · MBChB Medicine and Surgery (five-year)",course_length_years,,5,https://www.birmingham.ac.uk/about/college-of-medicine-and-health/birmingham-medical-school/applying-to-medicine/entry-requirements-medicine-and-surgery-five-year,VERIFY-ON-PAGE,,,,,,
course:birmingham/a100:ucas_code,3,"University of Birmingham · MBChB Medicine and Surgery (five-year)",ucas_code,,A100,https://www.birmingham.ac.uk/documents/college-mds/medical-school/mbchb-admissions-statistics-sept-2024.pdf,VERIFY-ON-PAGE,,,,,,
course:sunderland/medicine:course_length_years,3,"University of Sunderland · Medicine",course_length_years,,5,https://www.theukcatpeople.co.uk/post/uk-medical-school-tuition-fees-for-international-students-to-study-medicine,VERIFY-ON-PAGE,,,,,,
course:surrey/medicine:graduate_entry_course,3,"University of Surrey · Medicine",graduate_entry_course,,yes,https://www.medschools.ac.uk/about-us/our-members/,VERIFY-ON-PAGE,,,,,,
course:scotgem/medicine:graduate_entry_course,3,"ScotGEM (St Andrews and Dundee) · Medicine",graduate_entry_course,,yes,https://www.gmc-uk.org/education/how-we-quality-assure-education-and-training/approving-education-and-training/institutions-awarding-uk-medical-degrees/list-of-awarding-bodies-and-new-schools,VERIFY-ON-PAGE,,,,,,
course:lancashire/medicine:course_length_years,3,"University of Lancashire · Medicine & Surgery MBBS",course_length_years,,5,https://www.theukcatpeople.co.uk/post/uk-medical-school-tuition-fees-for-international-students-to-study-medicine,VERIFY-ON-PAGE,,,,,,
course:pears-cumbria/a102:course_length_years,3,"Pears Cumbria School of Medicine · Medicine (Graduate Entry) MBBS",course_length_years,,4,https://www.imperial.ac.uk/study/courses/undergraduate/medicine-graduate-entry/,VERIFY-ON-PAGE,,,,,,
course:pears-cumbria/a102:graduate_entry_course,3,"Pears Cumbria School of Medicine · Medicine (Graduate Entry) MBBS",graduate_entry_course,,yes,https://www.medschools.ac.uk/courses/pears-cumbria-medicine-a102/,VERIFY-ON-PAGE,,,,,,
course:pears-cumbria/a102:intake_month,3,"Pears Cumbria School of Medicine · Medicine (Graduate Entry) MBBS",intake_month,,"September (start 7 Sept 2027)",https://www.ucas.com/explore/courses/57772005-274b-4cb3-a141-e51d2290535e/medicine-graduate-entry-pears-cumbria-school-of-medicine?studyYear=2027,VERIFY-ON-PAGE,,,,,,
course:pears-cumbria/a102:ucas_code,3,"Pears Cumbria School of Medicine · Medicine (Graduate Entry) MBBS",ucas_code,,A102,https://www.medschools.ac.uk/courses/pears-cumbria-medicine-a102/,VERIFY-ON-PAGE,,,,,,
course:worcester/a101:course_length_years,3,"University of Worcester · Medicine (Graduate Entry) MBChB",course_length_years,,4,https://www.worcester.ac.uk/courses/medicine-graduate-entry-mbchb,VERIFY-ON-PAGE,,,,,,
course:worcester/a101:graduate_entry_course,3,"University of Worcester · Medicine (Graduate Entry) MBChB",graduate_entry_course,,yes,https://www.medschools.ac.uk/courses/worcester-three-counties-medical-school-mbchb-medicine-a101/,VERIFY-ON-PAGE,,,,,,
course:worcester/a101:ucas_code,3,"University of Worcester · Medicine (Graduate Entry) MBChB",ucas_code,,A101,https://www.medschools.ac.uk/courses/worcester-three-counties-medical-school-mbchb-medicine-a101/,VERIFY-ON-PAGE,,,,,,
course:st-andrews/a100:ucas_code,3,"University of St Andrews · Medicine BSc (Hons) - pre-clinical; students transfer to a partner school for clinical years (transfer detail NOT confirmed in this session)",ucas_code,,A100,https://www.st-andrews.ac.uk/subjects/medicine/medicine-bsc-a100/,VERIFY-ON-PAGE,,,,,,
course:cambridge/a100:interview_format,3,"University of Cambridge · Medicine MB BChir",interview_format,,"College interviews 7-18 December 2026; international applicants normally expected to attend in Cambridge (format - panel/MMI - not confirmed in this session)",https://www.undergraduate.study.cam.ac.uk/courses/medicine-mb-bchir,VERIFY-ON-PAGE,,,,,,
course:cambridge/a100:ucas_code,3,"University of Cambridge · Medicine MB BChir",ucas_code,,A100,https://www.medschools.ac.uk/courses/university-of-cambridge-mb-bchir-medicine-a100/,VERIFY-ON-PAGE,,,,,,
course:cardiff/a100:ucas_code,3,"Cardiff University · Medicine MBBCh",ucas_code,,A100,https://www.theukcatpeople.co.uk/guide/medical-school/medicine/university-of-cardiff,VERIFY-ON-PAGE,,,,,,
"course:brunel/a100 (institution code b84):interview_format",3,"Brunel University of London · Medicine MBBS",interview_format,,"MMI, online, asynchronous",https://www.brunel.ac.uk/brunel-medical-school/documents/pdf/MBBS-FAQ-January-2024.pdf,VERIFY-ON-PAGE,,,,,,
"course:brunel/a100 (institution code b84):ucas_code",3,"Brunel University of London · Medicine MBBS",ucas_code,,"A100 (institution code B84)",https://www.ucas.com/explore/courses/13d4f1de-c06b-4605-a9ca-0dc14728f182/course?studyYear=2027,VERIFY-ON-PAGE,,,,,,
course:imperial/a100:graduate_entry_course,3,"Imperial College London · Medicine MBBS/BSc",graduate_entry_course,,yes,https://www.imperial.ac.uk/study/courses/undergraduate/medicine-graduate-entry/,VERIFY-ON-PAGE,,,,,,
course:imperial/a100:interview_format,3,"Imperial College London · Medicine MBBS/BSc",interview_format,,"MMI: asynchronous recorded component then live MMI of 7 stations (~5 min), Jan-Feb",https://www.imperial.ac.uk/media/imperial-college/medicine/study/undergraduate/A100-FOI-FAQs-2026--v2.pdf,VERIFY-ON-PAGE,,,,,,
course:imperial/a100:ucas_code,3,"Imperial College London · Medicine MBBS/BSc",ucas_code,,A100,https://www.imperial.ac.uk/media/imperial-college/medicine/study/undergraduate/A100-FOI-FAQs-2026--v2.pdf,VERIFY-ON-PAGE,,,,,,
course:leicester/a100:ucas_code,3,"University of Leicester · Medicine MBChB",ucas_code,,A100,https://le.ac.uk/study/medicine/entry-requirements/mbchb-2027,VERIFY-ON-PAGE,,,,,,
course:newcastle/a100:ucas_code,3,"Newcastle University · Medicine and Surgery MB BS",ucas_code,,A100,https://www.ncl.ac.uk/undergraduate/degrees/a100/,VERIFY-ON-PAGE,,,,,,
university:anglia-ruskin:gmc_status,3,"Anglia Ruskin University",gmc_status,,"Listed as awarding body; Medical Doctor Degree Apprenticeship programme separately under GMC review",https://www.gmc-uk.org/education/how-we-quality-assure-education-and-training/approving-education-and-training/institutions-awarding-uk-medical-degrees/list-of-awarding-bodies-and-new-schools,VERIFY-ON-PAGE,,,,,,
university:anglia-ruskin:international_places,3,"Anglia Ruskin University",international_places,,0,https://www.medschools.ac.uk/courses/anglia-ruskin-medicine-a100/,VERIFY-ON-PAGE,,,,,,
university:anglia-ruskin:msc_member,3,"Anglia Ruskin University",msc_member,,yes,https://www.medschools.ac.uk/about-us/our-members/,VERIFY-ON-PAGE,,,,,,
university:aston:gmc_status,3,"Aston University",gmc_status,,"Full GMC approval (awarding body)",https://www.aston.ac.uk/latest-news/aston-medical-school-given-full-approval-general-medical-council,VERIFY-ON-PAGE,,,,,,
university:aston:international_places,3,"Aston University",international_places,,30,https://www.aston.ac.uk/hls/aston-medical-school/advice-zone/faq,VERIFY-ON-PAGE,,,,,,
university:aston:msc_member,3,"Aston University",msc_member,,yes,https://www.medschools.ac.uk/about-us/our-members/,VERIFY-ON-PAGE,,,,,,
university:aston:source_1,3,"Aston University",source_1,,https://www.aston.ac.uk/international/aston-in-your-country/africa/nigeria,https://www.aston.ac.uk/international/aston-in-your-country/africa/nigeria,VERIFY-ON-PAGE,,,,,,
university:aston:source_2,3,"Aston University",source_2,,https://www.aston.ac.uk/study/courses/medicine-mbchb,https://www.aston.ac.uk/study/courses/medicine-mbchb,VERIFY-ON-PAGE,,,,,,
university:bangor:gmc_status,3,"Bangor University",gmc_status,,"New school under GMC review",https://www.gmc-uk.org/education/how-we-quality-assure-education-and-training/approving-education-and-training/institutions-awarding-uk-medical-degrees/new-schools-and-programmes-under-review,VERIFY-ON-PAGE,,,,,,
university:bangor:msc_member,3,"Bangor University",msc_member,,yes,https://www.medschools.ac.uk/about-us/our-members/,VERIFY-ON-PAGE,,,,,,
university:brighton-sussex:gmc_status,3,"Brighton and Sussex Medical School",gmc_status,,"Awarding body",https://www.gmc-uk.org/education/how-we-quality-assure-education-and-training/approving-education-and-training/institutions-awarding-uk-medical-degrees/list-of-awarding-bodies-and-new-schools,VERIFY-ON-PAGE,,,,,,
university:brighton-sussex:international_places,3,"Brighton and Sussex Medical School",international_places,,10,https://www.bsms.ac.uk/undergraduate/applying-to-bsms/admissions-process.aspx,VERIFY-ON-PAGE,,,,,,
university:brighton-sussex:msc_member,3,"Brighton and Sussex Medical School",msc_member,,yes,https://www.medschools.ac.uk/about-us/our-members/,VERIFY-ON-PAGE,,,,,,
university:brunel:gmc_status,3,"Brunel University of London",gmc_status,,"New school under GMC review (not yet on awarding-body list)",https://www.gmc-uk.org/education/how-we-quality-assure-education-and-training/approving-education-and-training/institutions-awarding-uk-medical-degrees/new-schools-and-programmes-under-review,VERIFY-ON-PAGE,,,,,,
university:brunel:msc_member,3,"Brunel University of London",msc_member,,yes,https://www.medschools.ac.uk/about-us/our-members/,VERIFY-ON-PAGE,,,,,,
university:brunel:source_1,3,"Brunel University of London",source_1,,https://www.brunel.ac.uk/brunel-medical-school/documents/pdf/MBBS-international-entry-requirements-2025-entry-approved.pdf,https://www.brunel.ac.uk/brunel-medical-school/documents/pdf/MBBS-international-entry-requirements-2025-entry-approved.pdf,VERIFY-ON-PAGE,,,,,,
university:brunel:source_2,3,"Brunel University of London",source_2,,https://www.brunel.ac.uk/study/courses/medicine-mbbs,https://www.brunel.ac.uk/study/courses/medicine-mbbs,VERIFY-ON-PAGE,,,,,,
university:cardiff:gmc_status,3,"Cardiff University",gmc_status,,"Awarding body",https://www.gmc-uk.org/education/how-we-quality-assure-education-and-training/approving-education-and-training/institutions-awarding-uk-medical-degrees/list-of-awarding-bodies-and-new-schools,VERIFY-ON-PAGE,,,,,,
university:cardiff:international_places,3,"Cardiff University",international_places,,22,https://www.theukcatpeople.co.uk/guide/medical-school/medicine/university-of-cardiff,VERIFY-ON-PAGE,,,,,,
university:cardiff:msc_member,3,"Cardiff University",msc_member,,yes,https://www.medschools.ac.uk/about-us/our-members/,VERIFY-ON-PAGE,,,,,,
university:cardiff:source_1,3,"Cardiff University",source_1,,https://www.cardiff.ac.uk/study/international/your-country/africa/nigeria/entry-requirements,https://www.cardiff.ac.uk/study/international/your-country/africa/nigeria/entry-requirements,VERIFY-ON-PAGE,,,,,,
university:cardiff:source_2,3,"Cardiff University",source_2,,https://isc.cardiff.ac.uk/how-to-apply/entry-requirements,https://isc.cardiff.ac.uk/how-to-apply/entry-requirements,VERIFY-ON-PAGE,,,,,,
university:cardiff:source_3,3,"Cardiff University",source_3,,https://www.cardiff.ac.uk/study/undergraduate/courses/course/medicine-mbbch,https://www.cardiff.ac.uk/study/undergraduate/courses/course/medicine-mbbch,VERIFY-ON-PAGE,,,,,,
university:cardiff:source_4,3,"Cardiff University",source_4,,https://www.cardiff.ac.uk/study/undergraduate/courses/2026/medicine-graduate-entry-mbbch,https://www.cardiff.ac.uk/study/undergraduate/courses/2026/medicine-graduate-entry-mbbch,VERIFY-ON-PAGE,,,,,,
university:st-georges-london:gmc_status,3,"City St George's, University of London",gmc_status,,"Awarding body",https://www.gmc-uk.org/education/how-we-quality-assure-education-and-training/approving-education-and-training/institutions-awarding-uk-medical-degrees/list-of-awarding-bodies-and-new-schools,VERIFY-ON-PAGE,,,,,,
university:st-georges-london:msc_member,3,"City St George's, University of London",msc_member,,yes,https://www.medschools.ac.uk/about-us/our-members/,VERIFY-ON-PAGE,,,,,,
university:edge-hill:gmc_status,3,"Edge Hill University",gmc_status,,"Awarding body",https://www.gmc-uk.org/education/how-we-quality-assure-education-and-training/approving-education-and-training/institutions-awarding-uk-medical-degrees/list-of-awarding-bodies-and-new-schools,VERIFY-ON-PAGE,,,,,,
university:edge-hill:international_places,3,"Edge Hill University",international_places,,0,https://www.medschools.ac.uk/courses/edge-hill-medicine-a100/,VERIFY-ON-PAGE,,,,,,
university:edge-hill:msc_member,3,"Edge Hill University",msc_member,,yes,https://www.medschools.ac.uk/for-students/applying-to-medical-school/medical-schools/,VERIFY-ON-PAGE,,,,,,
university:hull-york:gmc_status,3,"Hull York Medical School",gmc_status,,"Awarding body (listed as Hull York Medical School)",https://www.gmc-uk.org/education/how-we-quality-assure-education-and-training/approving-education-and-training/institutions-awarding-uk-medical-degrees/list-of-awarding-bodies-and-new-schools,VERIFY-ON-PAGE,,,,,,
university:hull-york:international_places,3,"Hull York Medical School",international_places,,11,https://www.hyms.ac.uk/medicine/applying/selection-procedure,VERIFY-ON-PAGE,,,,,,
university:hull-york:msc_member,3,"Hull York Medical School",msc_member,,yes,https://www.medschools.ac.uk/for-students/applying-to-medical-school/medical-schools/,VERIFY-ON-PAGE,,,,,,
university:imperial:gmc_status,3,"Imperial College London",gmc_status,,"Awarding body",https://www.gmc-uk.org/education/how-we-quality-assure-education-and-training/approving-education-and-training/institutions-awarding-uk-medical-degrees/list-of-awarding-bodies-and-new-schools,VERIFY-ON-PAGE,,,,,,
university:imperial:international_places,3,"Imperial College London",international_places,,74,https://www.imperial.ac.uk/media/imperial-college/medicine/study/undergraduate/A100-FOI-FAQs-2026--v2.pdf,VERIFY-ON-PAGE,,,,,,
university:imperial:msc_member,3,"Imperial College London",msc_member,,yes,https://www.medschools.ac.uk/for-students/applying-to-medical-school/medical-schools/,VERIFY-ON-PAGE,,,,,,
university:imperial:source_1,3,"Imperial College London",source_1,,https://www.imperial.ac.uk/study/courses/undergraduate/medicine/,https://www.imperial.ac.uk/study/courses/undergraduate/medicine/,VERIFY-ON-PAGE,,,,,,
university:keele:gmc_status,3,"Keele University",gmc_status,,"Awarding body",https://www.gmc-uk.org/education/how-we-quality-assure-education-and-training/approving-education-and-training/institutions-awarding-uk-medical-degrees/list-of-awarding-bodies-and-new-schools,VERIFY-ON-PAGE,,,,,,
university:keele:international_places,3,"Keele University",international_places,,10,https://www.keele.ac.uk/study/undergraduate/undergraduatecourses/medicine/medicinehowtoapply/,VERIFY-ON-PAGE,,,,,,
university:keele:msc_member,3,"Keele University",msc_member,,yes,https://www.medschools.ac.uk/for-students/applying-to-medical-school/medical-schools/,VERIFY-ON-PAGE,,,,,,
university:kent-medway:gmc_status,3,"Kent and Medway Medical School",gmc_status,,"Awarding body (listed as Kent and Medway Medical School)",https://www.gmc-uk.org/education/how-we-quality-assure-education-and-training/approving-education-and-training/institutions-awarding-uk-medical-degrees/list-of-awarding-bodies-and-new-schools,VERIFY-ON-PAGE,,,,,,
university:kent-medway:msc_member,3,"Kent and Medway Medical School",msc_member,,yes,https://www.medschools.ac.uk/for-students/applying-to-medical-school/medical-schools/,VERIFY-ON-PAGE,,,,,,
university:kent-medway:source_1,3,"Kent and Medway Medical School",source_1,,https://kmms.ac.uk/entry-requirements-2027/,https://kmms.ac.uk/entry-requirements-2027/,VERIFY-ON-PAGE,,,,,,
university:kent-medway:source_2,3,"Kent and Medway Medical School",source_2,,https://kmms.ac.uk/study/applying/,https://kmms.ac.uk/study/applying/,VERIFY-ON-PAGE,,,,,,
university:kings-college-london:gmc_status,3,"King's College London",gmc_status,,"Awarding body; separate Graduate Entry Programme at University of Portsmouth under GMC review",https://www.gmc-uk.org/education/how-we-quality-assure-education-and-training/approving-education-and-training/institutions-awarding-uk-medical-degrees/new-schools-and-programmes-under-review,VERIFY-ON-PAGE,,,,,,
university:kings-college-london:msc_member,3,"King's College London",msc_member,,yes,https://www.medschools.ac.uk/for-students/applying-to-medical-school/medical-schools/,VERIFY-ON-PAGE,,,,,,
university:kings-college-london:source_1,3,"King's College London",source_1,,https://www.kcl.ac.uk/study/undergraduate/courses/medicine-mbbs/requirements,https://www.kcl.ac.uk/study/undergraduate/courses/medicine-mbbs/requirements,VERIFY-ON-PAGE,,,,,,
university:kings-college-london:source_2,3,"King's College London",source_2,,https://www.kcl.ac.uk/assets/pdf24/kings-international-foundation-programme-medicine-mbbs-factsheet-2025-26.pdf,https://www.kcl.ac.uk/assets/pdf24/kings-international-foundation-programme-medicine-mbbs-factsheet-2025-26.pdf,VERIFY-ON-PAGE,,,,,,
university:kings-college-london:source_3,3,"King's College London",source_3,,https://www.kcl.ac.uk/study/undergraduate/courses/medicine-graduate-professional-entry-mbbs/requirements,https://www.kcl.ac.uk/study/undergraduate/courses/medicine-graduate-professional-entry-mbbs/requirements,VERIFY-ON-PAGE,,,,,,
university:lancaster:gmc_status,3,"Lancaster University",gmc_status,,"Awarding body",https://www.gmc-uk.org/education/how-we-quality-assure-education-and-training/approving-education-and-training/institutions-awarding-uk-medical-degrees/list-of-awarding-bodies-and-new-schools,VERIFY-ON-PAGE,,,,,,
university:lancaster:msc_member,3,"Lancaster University",msc_member,,yes,https://www.medschools.ac.uk/about-us/our-members/,VERIFY-ON-PAGE,,,,,,
university:newcastle:gmc_status,3,"Newcastle University",gmc_status,,"Awarding body",https://www.gmc-uk.org/education/how-we-quality-assure-education-and-training/approving-education-and-training/institutions-awarding-uk-medical-degrees/list-of-awarding-bodies-and-new-schools,VERIFY-ON-PAGE,,,,,,
university:newcastle:msc_member,3,"Newcastle University",msc_member,,yes,https://www.medschools.ac.uk/about-us/our-members/,VERIFY-ON-PAGE,,,,,,
university:newcastle:source_1,3,"Newcastle University",source_1,,https://www.ncl.ac.uk/international/language/,https://www.ncl.ac.uk/international/language/,VERIFY-ON-PAGE,,,,,,
university:pears-cumbria:gmc_status,3,"Pears Cumbria School of Medicine",gmc_status,,"New school under GMC review (Imperial College London - the Pears Cumbria School of Medicine)",https://www.gmc-uk.org/education/how-we-quality-assure-education-and-training/approving-education-and-training/institutions-awarding-uk-medical-degrees/new-schools-and-programmes-under-review,VERIFY-ON-PAGE,,,,,,
university:pears-cumbria:international_places,3,"Pears Cumbria School of Medicine",international_places,,0,https://www.ucas.com/explore/courses/57772005-274b-4cb3-a141-e51d2290535e/medicine-graduate-entry-pears-cumbria-school-of-medicine?studyYear=2027,VERIFY-ON-PAGE,,,,,,
university:pears-cumbria:msc_member,3,"Pears Cumbria School of Medicine",msc_member,,yes,https://www.medschools.ac.uk/courses/pears-cumbria-medicine-a102/,VERIFY-ON-PAGE,,,,,,
university:queen-mary-london:gmc_status,3,"Queen Mary University of London",gmc_status,,"Awarding body",https://www.gmc-uk.org/education/how-we-quality-assure-education-and-training/approving-education-and-training/institutions-awarding-uk-medical-degrees/list-of-awarding-bodies-and-new-schools,VERIFY-ON-PAGE,,,,,,
university:queen-mary-london:international_places,3,"Queen Mary University of London",international_places,,24,https://www.qmul.ac.uk/fmd/study/undergraduate/courses/a100/selection-criteria/,VERIFY-ON-PAGE,,,,,,
university:queen-mary-london:msc_member,3,"Queen Mary University of London",msc_member,,yes,https://www.medschools.ac.uk/about-us/our-members/,VERIFY-ON-PAGE,,,,,,
university:queen-mary-london:source_1,3,"Queen Mary University of London",source_1,,https://www.qmul.ac.uk/fmd/study/undergraduate/courses/a100/selection-criteria/,https://www.qmul.ac.uk/fmd/study/undergraduate/courses/a100/selection-criteria/,VERIFY-ON-PAGE,,,,,,
university:queen-mary-london:source_2,3,"Queen Mary University of London",source_2,,https://www.qmul.ac.uk/international-students/pathway-programmes/ify/ify-entry-requirements/,https://www.qmul.ac.uk/international-students/pathway-programmes/ify/ify-entry-requirements/,VERIFY-ON-PAGE,,,,,,
university:queens-belfast:gmc_status,3,"Queen's University Belfast",gmc_status,,"Awarding body",https://www.gmc-uk.org/education/how-we-quality-assure-education-and-training/approving-education-and-training/institutions-awarding-uk-medical-degrees/list-of-awarding-bodies-and-new-schools,VERIFY-ON-PAGE,,,,,,
university:queens-belfast:msc_member,3,"Queen's University Belfast",msc_member,,yes,https://www.medschools.ac.uk/about-us/our-members/,VERIFY-ON-PAGE,,,,,,
university:queens-belfast:source_1,3,"Queen's University Belfast",source_1,,https://www.qub.ac.uk/Study/international-students/your-country/nigeria,https://www.qub.ac.uk/Study/international-students/your-country/nigeria,VERIFY-ON-PAGE,,,,,,
university:queens-belfast:source_2,3,"Queen's University Belfast",source_2,,https://www.qub.ac.uk/courses/undergraduate/medicine-mb-a100/,https://www.qub.ac.uk/courses/undergraduate/medicine-mb-a100/,VERIFY-ON-PAGE,,,,,,
university:scotgem:gmc_status,3,"ScotGEM (St Andrews and Dundee)",gmc_status,,"Listed as awarding combination ('Scottish Graduate Entry Medicine')",https://www.gmc-uk.org/education/how-we-quality-assure-education-and-training/approving-education-and-training/institutions-awarding-uk-medical-degrees/list-of-awarding-bodies-and-new-schools,VERIFY-ON-PAGE,,,,,,
university:st-marys-twickenham:gmc_status,3,"St Mary's University, Twickenham",gmc_status,,"New school under GMC review (planning stage per lead source)",https://www.gmc-uk.org/education/how-we-quality-assure-education-and-training/approving-education-and-training/institutions-awarding-uk-medical-degrees/new-schools-and-programmes-under-review,VERIFY-ON-PAGE,,,,,,
university:swansea:gmc_status,3,"Swansea University",gmc_status,,"Awarding body",https://www.gmc-uk.org/education/how-we-quality-assure-education-and-training/approving-education-and-training/institutions-awarding-uk-medical-degrees/list-of-awarding-bodies-and-new-schools,VERIFY-ON-PAGE,,,,,,
university:swansea:msc_member,3,"Swansea University",msc_member,,yes,https://www.medschools.ac.uk/about-us/our-members/,VERIFY-ON-PAGE,,,,,,
university:ulster:gmc_status,3,"Ulster University",gmc_status,,"Awarding body",https://www.gmc-uk.org/education/how-we-quality-assure-education-and-training/approving-education-and-training/institutions-awarding-uk-medical-degrees/list-of-awarding-bodies-and-new-schools,VERIFY-ON-PAGE,,,,,,
university:ulster:msc_member,3,"Ulster University",msc_member,,yes,https://www.medschools.ac.uk/about-us/our-members/,VERIFY-ON-PAGE,,,,,,
university:ucl:gmc_status,3,"University College London",gmc_status,,"Awarding body",https://www.gmc-uk.org/education/how-we-quality-assure-education-and-training/approving-education-and-training/institutions-awarding-uk-medical-degrees/list-of-awarding-bodies-and-new-schools,VERIFY-ON-PAGE,,,,,,
university:ucl:msc_member,3,"University College London",msc_member,,yes,https://www.medschools.ac.uk/about-us/our-members/,VERIFY-ON-PAGE,,,,,,
university:ucl:source_1,3,"University College London",source_1,,https://www.ucl.ac.uk/medical-sciences/divisions/medical-school/study/undergraduate/mbbs-admissions/entry-requirements/2027-entry,https://www.ucl.ac.uk/medical-sciences/divisions/medical-school/study/undergraduate/mbbs-admissions/entry-requirements/2027-entry,VERIFY-ON-PAGE,,,,,,
university:ucl:source_2,3,"University College London",source_2,,https://www.ucl.ac.uk/languages-international-education/sites/languages-international-education/files/Applying_to_UCL_Medicine_MBBS_BSc_from_UPCSE.pdf,https://www.ucl.ac.uk/languages-international-education/sites/languages-international-education/files/Applying_to_UCL_Medicine_MBBS_BSc_from_UPCSE.pdf,VERIFY-ON-PAGE,,,,,,
university:aberdeen:gmc_status,3,"University of Aberdeen",gmc_status,,"Awarding body",https://www.gmc-uk.org/education/how-we-quality-assure-education-and-training/approving-education-and-training/institutions-awarding-uk-medical-degrees/list-of-awarding-bodies-and-new-schools,VERIFY-ON-PAGE,,,,,,
university:aberdeen:msc_member,3,"University of Aberdeen",msc_member,,yes,https://www.medschools.ac.uk/about-us/our-members/,VERIFY-ON-PAGE,,,,,,
university:aberdeen:source_1,3,"University of Aberdeen",source_1,,https://www.abdn.ac.uk/study/international/inmycountry/nigeria/entry/,https://www.abdn.ac.uk/study/international/inmycountry/nigeria/entry/,VERIFY-ON-PAGE,,,,,,
university:aberdeen:source_2,3,"University of Aberdeen",source_2,,https://www.abdn.ac.uk/smmsn/undergraduate/medicine/international-requirements.php,https://www.abdn.ac.uk/smmsn/undergraduate/medicine/international-requirements.php,VERIFY-ON-PAGE,,,,,,
university:birmingham:gmc_status,3,"University of Birmingham",gmc_status,,"Awarding body",https://www.gmc-uk.org/education/how-we-quality-assure-education-and-training/approving-education-and-training/institutions-awarding-uk-medical-degrees/list-of-awarding-bodies-and-new-schools,VERIFY-ON-PAGE,,,,,,
university:birmingham:international_places,3,"University of Birmingham",international_places,,28,https://www.birmingham.ac.uk/about/college-of-medicine-and-health/birmingham-medical-school/applying-to-medicine/entry-requirements-medicine-and-surgery-five-year,VERIFY-ON-PAGE,,,,,,
university:birmingham:msc_member,3,"University of Birmingham",msc_member,,yes,https://www.medschools.ac.uk/about-us/our-members/,VERIFY-ON-PAGE,,,,,,
university:birmingham:source_1,3,"University of Birmingham",source_1,,https://www.birmingham.ac.uk/about/college-of-medicine-and-health/birmingham-medical-school/applying-to-medicine/entry-requirements-medicine-and-surgery-five-year,https://www.birmingham.ac.uk/about/college-of-medicine-and-health/birmingham-medical-school/applying-to-medicine/entry-requirements-medicine-and-surgery-five-year,VERIFY-ON-PAGE,,,,,,
university:birmingham:source_2,3,"University of Birmingham",source_2,,https://www.birmingham.ac.uk/study/undergraduate/subjects/medicine-courses/medicine-and-surgery-mbchb,https://www.birmingham.ac.uk/study/undergraduate/subjects/medicine-courses/medicine-and-surgery-mbchb,VERIFY-ON-PAGE,,,,,,
university:bristol:gmc_status,3,"University of Bristol",gmc_status,,"Awarding body",https://www.gmc-uk.org/education/how-we-quality-assure-education-and-training/approving-education-and-training/institutions-awarding-uk-medical-degrees/list-of-awarding-bodies-and-new-schools,VERIFY-ON-PAGE,,,,,,
university:bristol:international_places,3,"University of Bristol",international_places,,30,https://www.bristol.ac.uk/study/media/undergraduate/admissions-statements/2027/medicine.pdf,VERIFY-ON-PAGE,,,,,,
university:bristol:msc_member,3,"University of Bristol",msc_member,,yes,https://www.medschools.ac.uk/about-us/our-members/,VERIFY-ON-PAGE,,,,,,
university:buckingham:gmc_status,3,"University of Buckingham",gmc_status,,"Awarding body",https://www.gmc-uk.org/education/how-we-quality-assure-education-and-training/approving-education-and-training/institutions-awarding-uk-medical-degrees/list-of-awarding-bodies-and-new-schools,VERIFY-ON-PAGE,,,,,,
university:buckingham:msc_member,3,"University of Buckingham",msc_member,,yes,https://www.medschools.ac.uk/about-us/our-members/,VERIFY-ON-PAGE,,,,,,
university:buckingham:source_1,3,"University of Buckingham",source_1,,https://medvle.buckingham.ac.uk/course/section.php?id=10,https://medvle.buckingham.ac.uk/course/section.php?id=10,VERIFY-ON-PAGE,,,,,,
university:buckingham:source_2,3,"University of Buckingham",source_2,,https://www.kingseducation.com/assets/pdf/uk-uni/factsheets/university-of-buckingham-medical-pathway.pdf,https://www.kingseducation.com/assets/pdf/uk-uni/factsheets/university-of-buckingham-medical-pathway.pdf,VERIFY-ON-PAGE,,,,,,
university:cambridge:gmc_status,3,"University of Cambridge",gmc_status,,"Awarding body",https://www.gmc-uk.org/education/how-we-quality-assure-education-and-training/approving-education-and-training/institutions-awarding-uk-medical-degrees/list-of-awarding-bodies-and-new-schools,VERIFY-ON-PAGE,,,,,,
university:cambridge:international_places,3,"University of Cambridge",international_places,,22,https://www.undergraduate.study.cam.ac.uk/courses/medicine-mb-bchir,VERIFY-ON-PAGE,,,,,,
university:cambridge:msc_member,3,"University of Cambridge",msc_member,,yes,https://www.medschools.ac.uk/about-us/our-members/,VERIFY-ON-PAGE,,,,,,
university:chester:gmc_status,3,"University of Chester",gmc_status,,"New school under GMC review",https://www.gmc-uk.org/education/how-we-quality-assure-education-and-training/approving-education-and-training/institutions-awarding-uk-medical-degrees/new-schools-and-programmes-under-review,VERIFY-ON-PAGE,,,,,,
university:chester:international_places,3,"University of Chester",international_places,,25,https://www.theukcatpeople.co.uk/guide/medical-school/medicine/university-of-chester,VERIFY-ON-PAGE,,,,,,
university:chester:msc_member,3,"University of Chester",msc_member,,yes,https://www.medschools.ac.uk/about-us/our-members/,VERIFY-ON-PAGE,,,,,,
university:chester:source_1,3,"University of Chester",source_1,,https://www.chester.ac.uk/study/course-search/graduate-entry-medicine-mbchb/,https://www.chester.ac.uk/study/course-search/graduate-entry-medicine-mbchb/,VERIFY-ON-PAGE,,,,,,
university:chester:source_2,3,"University of Chester",source_2,,https://www.chester.ac.uk/international/how-to-apply/applying-for-graduate-entry-medicine/,https://www.chester.ac.uk/international/how-to-apply/applying-for-graduate-entry-medicine/,VERIFY-ON-PAGE,,,,,,
university:chester:source_3,3,"University of Chester",source_3,,https://www.chester.ac.uk/international/countries/nigeria/,https://www.chester.ac.uk/international/countries/nigeria/,VERIFY-ON-PAGE,,,,,,
university:dundee:gmc_status,3,"University of Dundee",gmc_status,,"Awarding body",https://www.gmc-uk.org/education/how-we-quality-assure-education-and-training/approving-education-and-training/institutions-awarding-uk-medical-degrees/list-of-awarding-bodies-and-new-schools,VERIFY-ON-PAGE,,,,,,
university:dundee:msc_member,3,"University of Dundee",msc_member,,yes,https://www.medschools.ac.uk/about-us/our-members/,VERIFY-ON-PAGE,,,,,,
university:east-anglia:gmc_status,3,"University of East Anglia",gmc_status,,"Awarding body",https://www.gmc-uk.org/education/how-we-quality-assure-education-and-training/approving-education-and-training/institutions-awarding-uk-medical-degrees/list-of-awarding-bodies-and-new-schools,VERIFY-ON-PAGE,,,,,,
university:east-anglia:international_places,3,"University of East Anglia",international_places,,13,https://www.uea.ac.uk/course/undergraduate/mbbs-medicine,VERIFY-ON-PAGE,,,,,,
university:east-anglia:msc_member,3,"University of East Anglia",msc_member,,yes,https://www.medschools.ac.uk/about-us/our-members/,VERIFY-ON-PAGE,,,,,,
university:edinburgh:gmc_status,3,"University of Edinburgh",gmc_status,,"Awarding body",https://www.gmc-uk.org/education/how-we-quality-assure-education-and-training/approving-education-and-training/institutions-awarding-uk-medical-degrees/list-of-awarding-bodies-and-new-schools,VERIFY-ON-PAGE,,,,,,
university:edinburgh:msc_member,3,"University of Edinburgh",msc_member,,yes,https://www.medschools.ac.uk/about-us/our-members/,VERIFY-ON-PAGE,,,,,,
university:edinburgh:source_1,3,"University of Edinburgh",source_1,,https://www.ed.ac.uk/studying/international/country/africa/nigeria,https://www.ed.ac.uk/studying/international/country/africa/nigeria,VERIFY-ON-PAGE,,,,,,
university:edinburgh:source_2,3,"University of Edinburgh",source_2,,https://study.ed.ac.uk/programmes/undergraduate/354-mbchb-medicine-6-year-programme/entry-requirements,https://study.ed.ac.uk/programmes/undergraduate/354-mbchb-medicine-6-year-programme/entry-requirements,VERIFY-ON-PAGE,,,,,,
university:exeter:gmc_status,3,"University of Exeter",gmc_status,,"Awarding body",https://www.gmc-uk.org/education/how-we-quality-assure-education-and-training/approving-education-and-training/institutions-awarding-uk-medical-degrees/list-of-awarding-bodies-and-new-schools,VERIFY-ON-PAGE,,,,,,
university:exeter:international_places,3,"University of Exeter",international_places,,10,https://www.exeter.ac.uk/v8media/recruitmentsites/documents/BMBS_Admissions_Policy_2026_(V4).pdf,VERIFY-ON-PAGE,,,,,,
university:exeter:msc_member,3,"University of Exeter",msc_member,,yes,https://www.medschools.ac.uk/about-us/our-members/,VERIFY-ON-PAGE,,,,,,
university:exeter:source_1,3,"University of Exeter",source_1,,https://www.exeter.ac.uk/undergraduate-degrees/bmbs-medicine/faqs/,https://www.exeter.ac.uk/undergraduate-degrees/bmbs-medicine/faqs/,VERIFY-ON-PAGE,,,,,,
university:exeter:source_2,3,"University of Exeter",source_2,,https://www.exeter.ac.uk/v8media/recruitmentsites/documents/BMBS_Admissions_Policy_2026_(V4).pdf,https://www.exeter.ac.uk/v8media/recruitmentsites/documents/BMBS_Admissions_Policy_2026_(V4).pdf,VERIFY-ON-PAGE,,,,,,
university:glasgow:gmc_status,3,"University of Glasgow",gmc_status,,"Awarding body",https://www.gmc-uk.org/education/how-we-quality-assure-education-and-training/approving-education-and-training/institutions-awarding-uk-medical-degrees/list-of-awarding-bodies-and-new-schools,VERIFY-ON-PAGE,,,,,,
university:glasgow:msc_member,3,"University of Glasgow",msc_member,,yes,https://www.medschools.ac.uk/about-us/our-members/,VERIFY-ON-PAGE,,,,,,
university:glasgow:source_1,3,"University of Glasgow",source_1,,https://www.gla.ac.uk/schools/medicine/mus/admissions/internationalentryrequirements/,https://www.gla.ac.uk/schools/medicine/mus/admissions/internationalentryrequirements/,VERIFY-ON-PAGE,,,,,,
university:glasgow:source_2,3,"University of Glasgow",source_2,,https://www.gla.ac.uk/undergraduate/degrees/gateway-to-medical-studies/,https://www.gla.ac.uk/undergraduate/degrees/gateway-to-medical-studies/,VERIFY-ON-PAGE,,,,,,
university:glasgow:source_3,3,"University of Glasgow",source_3,,https://www.gla.ac.uk/undergraduate/degrees/medicine/entry-requirements/,https://www.gla.ac.uk/undergraduate/degrees/medicine/entry-requirements/,VERIFY-ON-PAGE,,,,,,
university:greater-manchester:gmc_status,3,"University of Greater Manchester",gmc_status,,"New school under GMC review; university states the programme is 'subject to the GMC's quality assurance process'",https://www.gmc-uk.org/education/how-we-quality-assure-education-and-training/approving-education-and-training/institutions-awarding-uk-medical-degrees/new-schools-and-programmes-under-review,VERIFY-ON-PAGE,,,,,,
university:greater-manchester:source_1,3,"University of Greater Manchester",source_1,,https://medicine.greatermanchester.ac.uk/medicine-mbchb-2026-academic-requirements/,https://medicine.greatermanchester.ac.uk/medicine-mbchb-2026-academic-requirements/,VERIFY-ON-PAGE,,,,,,
university:greater-manchester:source_2,3,"University of Greater Manchester",source_2,,https://medicine.greatermanchester.ac.uk/undergraduate-medical-school/,https://medicine.greatermanchester.ac.uk/undergraduate-medical-school/,VERIFY-ON-PAGE,,,,,,
university:hertfordshire:gmc_status,3,"University of Hertfordshire",gmc_status,,"New school under GMC review",https://www.gmc-uk.org/education/how-we-quality-assure-education-and-training/approving-education-and-training/institutions-awarding-uk-medical-degrees/new-schools-and-programmes-under-review,VERIFY-ON-PAGE,,,,,,
university:hertfordshire:msc_member,3,"University of Hertfordshire",msc_member,,yes,https://www.medschools.ac.uk/about-us/our-members/,VERIFY-ON-PAGE,,,,,,
university:lancashire:gmc_status,3,"University of Lancashire",gmc_status,,"Awarding body (listed as University of Lancashire)",https://www.gmc-uk.org/education/how-we-quality-assure-education-and-training/approving-education-and-training/institutions-awarding-uk-medical-degrees/list-of-awarding-bodies-and-new-schools,VERIFY-ON-PAGE,,,,,,
university:lancashire:msc_member,3,"University of Lancashire",msc_member,,yes,https://www.medschools.ac.uk/about-us/our-members/,VERIFY-ON-PAGE,,,,,,
university:lancashire:source_1,3,"University of Lancashire",source_1,,https://www.lancashire.ac.uk/undergraduate/how-to-apply/mbbs/international-requirements,https://www.lancashire.ac.uk/undergraduate/how-to-apply/mbbs/international-requirements,VERIFY-ON-PAGE,,,,,,
university:lancashire:source_2,3,"University of Lancashire",source_2,,https://www.lancashire.ac.uk/international-students/country/nigeria,https://www.lancashire.ac.uk/international-students/country/nigeria,VERIFY-ON-PAGE,,,,,,
university:lancashire:source_3,3,"University of Lancashire",source_3,,https://www.lancashire.ac.uk/undergraduate/courses/medicine-mbbs,https://www.lancashire.ac.uk/undergraduate/courses/medicine-mbbs,VERIFY-ON-PAGE,,,,,,
university:leeds:gmc_status,3,"University of Leeds",gmc_status,,"Awarding body",https://www.gmc-uk.org/education/how-we-quality-assure-education-and-training/approving-education-and-training/institutions-awarding-uk-medical-degrees/list-of-awarding-bodies-and-new-schools,VERIFY-ON-PAGE,,,,,,
university:leeds:international_places,3,"University of Leeds",international_places,,24,https://courses.leeds.ac.uk/5580/medicine-and-surgery-mbchb,VERIFY-ON-PAGE,,,,,,
university:leeds:msc_member,3,"University of Leeds",msc_member,,yes,https://www.medschools.ac.uk/courses/leeds-medicine-a100/,VERIFY-ON-PAGE,,,,,,
university:leeds:source_1,3,"University of Leeds",source_1,,https://courses.leeds.ac.uk/5580/medicine-and-surgery-mbchb,https://courses.leeds.ac.uk/5580/medicine-and-surgery-mbchb,VERIFY-ON-PAGE,,,,,,
university:leicester:gmc_status,3,"University of Leicester",gmc_status,,"Awarding body",https://www.gmc-uk.org/education/how-we-quality-assure-education-and-training/approving-education-and-training/institutions-awarding-uk-medical-degrees/list-of-awarding-bodies-and-new-schools,VERIFY-ON-PAGE,,,,,,
university:leicester:msc_member,3,"University of Leicester",msc_member,,yes,https://www.medschools.ac.uk/about-us/our-members/,VERIFY-ON-PAGE,,,,,,
university:leicester:source_1,3,"University of Leicester",source_1,,https://le.ac.uk/study/medicine/entry-requirements/international,https://le.ac.uk/study/medicine/entry-requirements/international,VERIFY-ON-PAGE,,,,,,
university:leicester:source_2,3,"University of Leicester",source_2,,https://le.ac.uk/study/medicine/entry-requirements/mbchb-2026,https://le.ac.uk/study/medicine/entry-requirements/mbchb-2026,VERIFY-ON-PAGE,,,,,,
university:lincoln:gmc_status,3,"University of Lincoln",gmc_status,,"New school under GMC review (University of Lincoln)",https://www.gmc-uk.org/education/how-we-quality-assure-education-and-training/approving-education-and-training/institutions-awarding-uk-medical-degrees/new-schools-and-programmes-under-review,VERIFY-ON-PAGE,,,,,,
university:lincoln:msc_member,3,"University of Lincoln",msc_member,,yes,https://www.medschools.ac.uk/about-us/our-members/,VERIFY-ON-PAGE,,,,,,
university:lincoln:source_1,3,"University of Lincoln",source_1,,https://www.lincoln.ac.uk/course/mdcmbcub/,https://www.lincoln.ac.uk/course/mdcmbcub/,VERIFY-ON-PAGE,,,,,,
university:lincoln:source_2,3,"University of Lincoln",source_2,,https://www.lincoln.ac.uk/studywithus/internationalstudents/entryrequirementsandyourcountry/nigeria/,https://www.lincoln.ac.uk/studywithus/internationalstudents/entryrequirementsandyourcountry/nigeria/,VERIFY-ON-PAGE,,,,,,
university:liverpool:gmc_status,3,"University of Liverpool",gmc_status,,"Awarding body",https://www.gmc-uk.org/education/how-we-quality-assure-education-and-training/approving-education-and-training/institutions-awarding-uk-medical-degrees/list-of-awarding-bodies-and-new-schools,VERIFY-ON-PAGE,,,,,,
university:liverpool:international_places,3,"University of Liverpool",international_places,,23,"https://www.liverpool.ac.uk/media/livacuk/schoolofmedicine/admissions/A100,Departmental,Supplement,E2027.pdf",VERIFY-ON-PAGE,,,,,,
university:liverpool:msc_member,3,"University of Liverpool",msc_member,,yes,https://www.medschools.ac.uk/about-us/our-members/,VERIFY-ON-PAGE,,,,,,
university:liverpool:source_1,3,"University of Liverpool",source_1,,https://www.liverpool.ac.uk/international/countries/nigeria.php,https://www.liverpool.ac.uk/international/countries/nigeria.php,VERIFY-ON-PAGE,,,,,,
university:liverpool:source_2,3,"University of Liverpool",source_2,,https://www.liverpool.ac.uk/courses/medicine-and-surgery-mbchb,https://www.liverpool.ac.uk/courses/medicine-and-surgery-mbchb,VERIFY-ON-PAGE,,,,,,
university:liverpool:source_3,3,"University of Liverpool",source_3,,https://www.liverpool.ac.uk/courses/medicine-and-surgery-graduate-entry-mbchb,https://www.liverpool.ac.uk/courses/medicine-and-surgery-graduate-entry-mbchb,VERIFY-ON-PAGE,,,,,,
university:liverpool:source_4,3,"University of Liverpool",source_4,,https://www.liverpool.ac.uk/medicine/study-with-us/undergraduate/admissions-information/,https://www.liverpool.ac.uk/medicine/study-with-us/undergraduate/admissions-information/,VERIFY-ON-PAGE,,,,,,
university:manchester:gmc_status,3,"University of Manchester",gmc_status,,"Awarding body",https://www.gmc-uk.org/education/how-we-quality-assure-education-and-training/approving-education-and-training/institutions-awarding-uk-medical-degrees/list-of-awarding-bodies-and-new-schools,VERIFY-ON-PAGE,,,,,,
university:manchester:international_places,3,"University of Manchester",international_places,,30,https://www.theukcatpeople.co.uk/guide/medical-school/medicine/university-of-manchester,VERIFY-ON-PAGE,,,,,,
university:manchester:msc_member,3,"University of Manchester",msc_member,,yes,https://www.medschools.ac.uk/about-us/our-members/,VERIFY-ON-PAGE,,,,,,
university:manchester:source_1,3,"University of Manchester",source_1,,https://www.manchester.ac.uk/study/international/country-specific-information/nigeria/entry-requirements/,https://www.manchester.ac.uk/study/international/country-specific-information/nigeria/entry-requirements/,VERIFY-ON-PAGE,,,,,,
university:manchester:source_2,3,"University of Manchester",source_2,,https://www.manchester.ac.uk/study/undergraduate/courses/2027/01428/mbchb-medicine/,https://www.manchester.ac.uk/study/undergraduate/courses/2027/01428/mbchb-medicine/,VERIFY-ON-PAGE,,,,,,
university:manchester:source_3,3,"University of Manchester",source_3,,https://www.manchester.ac.uk/study/undergraduate/courses/2027/21177/mbchb-medicine-graduate-entry/,https://www.manchester.ac.uk/study/undergraduate/courses/2027/21177/mbchb-medicine-graduate-entry/,VERIFY-ON-PAGE,,,,,,
university:manchester:source_4,3,"University of Manchester",source_4,,https://www.manchester.ac.uk/study/international/country-specific-information/nigeria/scholarships/,https://www.manchester.ac.uk/study/international/country-specific-information/nigeria/scholarships/,VERIFY-ON-PAGE,,,,,,
university:nottingham:gmc_status,3,"University of Nottingham",gmc_status,,"Awarding body",https://www.gmc-uk.org/education/how-we-quality-assure-education-and-training/approving-education-and-training/institutions-awarding-uk-medical-degrees/list-of-awarding-bodies-and-new-schools,VERIFY-ON-PAGE,,,,,,
university:nottingham:msc_member,3,"University of Nottingham",msc_member,,yes,https://www.medschools.ac.uk/about-us/our-members/,VERIFY-ON-PAGE,,,,,,
university:nottingham:source_1,3,"University of Nottingham",source_1,,https://www.nottingham.ac.uk/studywithus/international-applicants/country-info/countryinformation/nigeria.aspx,https://www.nottingham.ac.uk/studywithus/international-applicants/country-info/countryinformation/nigeria.aspx,VERIFY-ON-PAGE,,,,,,
university:nottingham:source_2,3,"University of Nottingham",source_2,,https://www.nottingham.ac.uk/studywithus/ugstudy/courses/UG/Medicine-BMBS.html,https://www.nottingham.ac.uk/studywithus/ugstudy/courses/UG/Medicine-BMBS.html,VERIFY-ON-PAGE,,,,,,
university:oxford:gmc_status,3,"University of Oxford",gmc_status,,"Awarding body",https://www.gmc-uk.org/education/how-we-quality-assure-education-and-training/approving-education-and-training/institutions-awarding-uk-medical-degrees/list-of-awarding-bodies-and-new-schools,VERIFY-ON-PAGE,,,,,,
university:oxford:msc_member,3,"University of Oxford",msc_member,,yes,https://www.medschools.ac.uk/about-us/our-members/,VERIFY-ON-PAGE,,,,,,
university:plymouth:gmc_status,3,"University of Plymouth",gmc_status,,"Awarding body",https://www.gmc-uk.org/education/how-we-quality-assure-education-and-training/approving-education-and-training/institutions-awarding-uk-medical-degrees/list-of-awarding-bodies-and-new-schools,VERIFY-ON-PAGE,,,,,,
university:plymouth:msc_member,3,"University of Plymouth",msc_member,,yes,https://www.medschools.ac.uk/about-us/our-members/,VERIFY-ON-PAGE,,,,,,
university:plymouth:source_1,3,"University of Plymouth",source_1,,https://www.plymouth.ac.uk/international/study/international-students-country-guides/africa/nigeria,https://www.plymouth.ac.uk/international/study/international-students-country-guides/africa/nigeria,VERIFY-ON-PAGE,,,,,,
university:plymouth:source_2,3,"University of Plymouth",source_2,,https://www.plymouth.ac.uk/courses/undergraduate/bmbs-bachelor-of-medicine-bachelor-of-surgery/entry-requirements,https://www.plymouth.ac.uk/courses/undergraduate/bmbs-bachelor-of-medicine-bachelor-of-surgery/entry-requirements,VERIFY-ON-PAGE,,,,,,
university:plymouth:source_3,3,"University of Plymouth",source_3,,https://www.plymouth.ac.uk/courses/undergraduate/bmbs-bachelor-of-medicine-bachelor-of-surgery-with-foundation-year-0/entry-requirements,https://www.plymouth.ac.uk/courses/undergraduate/bmbs-bachelor-of-medicine-bachelor-of-surgery-with-foundation-year-0/entry-requirements,VERIFY-ON-PAGE,,,,,,
university:plymouth:source_4,3,"University of Plymouth",source_4,,https://upic.navitas.com/admission/academic-requirements/,https://upic.navitas.com/admission/academic-requirements/,VERIFY-ON-PAGE,,,,,,
university:sheffield:gmc_status,3,"University of Sheffield",gmc_status,,"Awarding body",https://www.gmc-uk.org/education/how-we-quality-assure-education-and-training/approving-education-and-training/institutions-awarding-uk-medical-degrees/list-of-awarding-bodies-and-new-schools,VERIFY-ON-PAGE,,,,,,
university:sheffield:msc_member,3,"University of Sheffield",msc_member,,yes,https://www.medschools.ac.uk/about-us/our-members/,VERIFY-ON-PAGE,,,,,,
university:sheffield:source_1,3,"University of Sheffield",source_1,,https://sheffield.ac.uk/international/entry-requirements/nigeria,https://sheffield.ac.uk/international/entry-requirements/nigeria,VERIFY-ON-PAGE,,,,,,
university:sheffield:source_2,3,"University of Sheffield",source_2,,https://sheffield.ac.uk/smph/undergraduate/medicine-admissions,https://sheffield.ac.uk/smph/undergraduate/medicine-admissions,VERIFY-ON-PAGE,,,,,,
university:southampton:gmc_status,3,"University of Southampton",gmc_status,,"Awarding body",https://www.gmc-uk.org/education/how-we-quality-assure-education-and-training/approving-education-and-training/institutions-awarding-uk-medical-degrees/list-of-awarding-bodies-and-new-schools,VERIFY-ON-PAGE,,,,,,
university:southampton:msc_member,3,"University of Southampton",msc_member,,yes,https://www.medschools.ac.uk/about-us/our-members/,VERIFY-ON-PAGE,,,,,,
university:st-andrews:gmc_status,3,"University of St Andrews",gmc_status,,"Scottish Graduate Entry Medicine (ScotGEM) listed as awarding combination; 'Scottish Community Orientated Medicine Programme' under GMC review",https://www.gmc-uk.org/education/how-we-quality-assure-education-and-training/approving-education-and-training/institutions-awarding-uk-medical-degrees/new-schools-and-programmes-under-review,VERIFY-ON-PAGE,,,,,,
university:st-andrews:msc_member,3,"University of St Andrews",msc_member,,yes,https://www.medschools.ac.uk/about-us/our-members/,VERIFY-ON-PAGE,,,,,,
university:sunderland:gmc_status,3,"University of Sunderland",gmc_status,,"Awarding body",https://www.gmc-uk.org/education/how-we-quality-assure-education-and-training/approving-education-and-training/institutions-awarding-uk-medical-degrees/list-of-awarding-bodies-and-new-schools,VERIFY-ON-PAGE,,,,,,
university:sunderland:msc_member,3,"University of Sunderland",msc_member,,yes,https://www.medschools.ac.uk/about-us/our-members/,VERIFY-ON-PAGE,,,,,,
university:sunderland:source_1,3,"University of Sunderland",source_1,,https://www.sunderland.ac.uk/undergraduate/mbchb-medicine,https://www.sunderland.ac.uk/undergraduate/mbchb-medicine,VERIFY-ON-PAGE,,,,,,
university:sunderland:source_2,3,"University of Sunderland",source_2,,https://www.sunderland.ac.uk/how-to-apply/applying-for-medicine,https://www.sunderland.ac.uk/how-to-apply/applying-for-medicine,VERIFY-ON-PAGE,,,,,,
university:surrey:gmc_status,3,"University of Surrey",gmc_status,,"New school under GMC review",https://www.gmc-uk.org/education/how-we-quality-assure-education-and-training/approving-education-and-training/institutions-awarding-uk-medical-degrees/new-schools-and-programmes-under-review,VERIFY-ON-PAGE,,,,,,
university:surrey:msc_member,3,"University of Surrey",msc_member,,yes,https://www.medschools.ac.uk/about-us/our-members/,VERIFY-ON-PAGE,,,,,,
university:warwick:gmc_status,3,"University of Warwick",gmc_status,,"Awarding body",https://www.gmc-uk.org/education/how-we-quality-assure-education-and-training/approving-education-and-training/institutions-awarding-uk-medical-degrees/list-of-awarding-bodies-and-new-schools,VERIFY-ON-PAGE,,,,,,
university:warwick:msc_member,3,"University of Warwick",msc_member,,yes,https://www.medschools.ac.uk/about-us/our-members/,VERIFY-ON-PAGE,,,,,,
university:wolverhampton:source_1,3,"University of Wolverhampton",source_1,,https://www.wlv.ac.uk/courses/mbchb-medicine/,https://www.wlv.ac.uk/courses/mbchb-medicine/,VERIFY-ON-PAGE,,,,,,
university:wolverhampton:source_2,3,"University of Wolverhampton",source_2,,https://www.wlv.ac.uk/international/your-country/nigeria/,https://www.wlv.ac.uk/international/your-country/nigeria/,VERIFY-ON-PAGE,,,,,,
university:worcester:gmc_status,3,"University of Worcester",gmc_status,,"New school under GMC review",https://www.gmc-uk.org/education/how-we-quality-assure-education-and-training/approving-education-and-training/institutions-awarding-uk-medical-degrees/new-schools-and-programmes-under-review,VERIFY-ON-PAGE,,,,,,
university:worcester:msc_member,3,"University of Worcester",msc_member,,yes,https://www.medschools.ac.uk/courses/worcester-three-counties-medical-school-mbchb-medicine-a101/,VERIFY-ON-PAGE,,,,,,
